2025-05-17 21:38:53.642 [info] Extension host with pid 463 started
2025-05-17 21:38:53.645 [info] Lock '/home/etaico/.vscode-server/data/User/workspaceStorage/0d2b775fd8c0232c5253526b0fa1aa6d/vscode.lock': Lock acquired.
2025-05-17 21:38:53.975 [info] ExtensionService#_doActivateExtension vscode.emmet, startup: false, activationEvent: 'onLanguage'
2025-05-17 21:38:54.147 [info] ExtensionService#_doActivateExtension vscode.git-base, startup: true, activationEvent: '*', root cause: vscode.git
2025-05-17 21:38:54.202 [info] ExtensionService#_doActivateExtension vscode.git, startup: true, activationEvent: '*'
2025-05-17 21:38:54.202 [info] ExtensionService#_doActivateExtension vscode.github, startup: true, activationEvent: '*'
2025-05-17 21:38:54.476 [info] Eager extensions activated
2025-05-17 21:38:54.477 [info] ExtensionService#_doActivateExtension vscode.debug-auto-launch, startup: false, activationEvent: 'onStartupFinished'
2025-05-17 21:38:54.478 [info] ExtensionService#_doActivateExtension vscode.merge-conflict, startup: false, activationEvent: 'onStartupFinished'
2025-05-17 21:38:54.479 [info] ExtensionService#_doActivateExtension GitHub.copilot, startup: false, activationEvent: 'onStartupFinished'
2025-05-17 21:38:54.480 [info] ExtensionService#_doActivateExtension GitHub.copilot-chat, startup: false, activationEvent: 'onStartupFinished'
2025-05-17 21:38:57.386 [warning] [Decorations] CAPPING events from decorations provider vscode.git 4856
2025-05-17 21:38:58.611 [warning] [Decorations] CAPPING events from decorations provider vscode.git 4858
2025-05-17 21:38:59.304 [warning] [Decorations] CAPPING events from decorations provider vscode.git 4860
2025-05-17 21:39:04.992 [warning] [Decorations] CAPPING events from decorations provider vscode.git 4928
2025-05-17 21:39:10.141 [warning] [Decorations] CAPPING events from decorations provider vscode.git 4927
2025-05-17 21:39:11.251 [warning] [Decorations] CAPPING events from decorations provider vscode.git 4927
2025-05-17 21:39:15.246 [warning] [Decorations] CAPPING events from decorations provider vscode.git 4927
2025-05-17 21:39:20.397 [warning] [Decorations] CAPPING events from decorations provider vscode.git 4927
2025-05-17 21:39:21.179 [warning] [Decorations] CAPPING events from decorations provider vscode.git 4927
2025-05-17 21:39:25.582 [warning] [Decorations] CAPPING events from decorations provider vscode.git 4927
2025-05-17 21:39:31.238 [warning] [Decorations] CAPPING events from decorations provider vscode.git 4927
2025-05-17 21:39:36.362 [warning] [Decorations] CAPPING events from decorations provider vscode.git 4927
2025-05-17 21:39:41.474 [warning] [Decorations] CAPPING events from decorations provider vscode.git 4927
2025-05-17 21:39:46.598 [warning] [Decorations] CAPPING events from decorations provider vscode.git 4927
2025-05-17 21:39:51.767 [warning] [Decorations] CAPPING events from decorations provider vscode.git 4927
2025-05-17 21:39:56.883 [warning] [Decorations] CAPPING events from decorations provider vscode.git 4927
2025-05-17 21:40:01.995 [warning] [Decorations] CAPPING events from decorations provider vscode.git 4927
2025-05-17 21:40:07.147 [warning] [Decorations] CAPPING events from decorations provider vscode.git 4927
2025-05-17 21:40:12.262 [warning] [Decorations] CAPPING events from decorations provider vscode.git 4927
2025-05-17 21:40:17.373 [warning] [Decorations] CAPPING events from decorations provider vscode.git 4927
2025-05-17 21:42:33.311 [warning] [Decorations] CAPPING events from decorations provider vscode.git 4927
2025-05-17 21:42:38.474 [warning] [Decorations] CAPPING events from decorations provider vscode.git 4928
2025-05-17 21:42:43.578 [warning] [Decorations] CAPPING events from decorations provider vscode.git 4928
2025-05-17 21:42:48.685 [warning] [Decorations] CAPPING events from decorations provider vscode.git 4928
2025-05-17 21:42:53.803 [warning] [Decorations] CAPPING events from decorations provider vscode.git 4928
2025-05-17 21:42:58.902 [warning] [Decorations] CAPPING events from decorations provider vscode.git 4928
2025-05-17 21:43:04.012 [warning] [Decorations] CAPPING events from decorations provider vscode.git 4928
2025-05-17 21:43:09.131 [warning] [Decorations] CAPPING events from decorations provider vscode.git 4928
2025-05-17 21:43:14.371 [warning] [Decorations] CAPPING events from decorations provider vscode.git 4928
2025-05-17 21:43:19.475 [warning] [Decorations] CAPPING events from decorations provider vscode.git 4928
2025-05-17 21:43:24.621 [warning] [Decorations] CAPPING events from decorations provider vscode.git 4928
2025-05-17 21:43:29.758 [warning] [Decorations] CAPPING events from decorations provider vscode.git 4928
2025-05-17 21:43:34.865 [warning] [Decorations] CAPPING events from decorations provider vscode.git 4928
2025-05-17 21:43:40.007 [warning] [Decorations] CAPPING events from decorations provider vscode.git 4928
2025-05-17 21:43:45.128 [warning] [Decorations] CAPPING events from decorations provider vscode.git 4928
2025-05-17 21:43:50.256 [warning] [Decorations] CAPPING events from decorations provider vscode.git 4928
2025-05-17 21:43:55.472 [warning] [Decorations] CAPPING events from decorations provider vscode.git 4928
2025-05-17 21:44:00.642 [warning] [Decorations] CAPPING events from decorations provider vscode.git 4928
2025-05-17 21:44:05.767 [warning] [Decorations] CAPPING events from decorations provider vscode.git 4928
2025-05-17 21:44:10.872 [warning] [Decorations] CAPPING events from decorations provider vscode.git 4928
2025-05-17 21:44:16.521 [warning] [Decorations] CAPPING events from decorations provider vscode.git 4928
2025-05-17 21:44:21.614 [warning] [Decorations] CAPPING events from decorations provider vscode.git 4928
2025-05-17 21:44:26.777 [warning] [Decorations] CAPPING events from decorations provider vscode.git 4928
2025-05-17 21:44:31.879 [warning] [Decorations] CAPPING events from decorations provider vscode.git 4928
2025-05-17 21:44:36.970 [warning] [Decorations] CAPPING events from decorations provider vscode.git 4928
2025-05-17 21:44:42.152 [warning] [Decorations] CAPPING events from decorations provider vscode.git 4928
2025-05-17 21:44:47.253 [warning] [Decorations] CAPPING events from decorations provider vscode.git 4928
2025-05-17 21:44:52.359 [warning] [Decorations] CAPPING events from decorations provider vscode.git 4928
2025-05-17 21:44:57.536 [warning] [Decorations] CAPPING events from decorations provider vscode.git 4928
2025-05-17 21:45:02.645 [warning] [Decorations] CAPPING events from decorations provider vscode.git 4928
2025-05-17 21:45:07.751 [warning] [Decorations] CAPPING events from decorations provider vscode.git 4928
2025-05-17 21:45:12.866 [warning] [Decorations] CAPPING events from decorations provider vscode.git 4928
2025-05-17 21:45:18.041 [warning] [Decorations] CAPPING events from decorations provider vscode.git 4928
2025-05-17 21:45:23.147 [warning] [Decorations] CAPPING events from decorations provider vscode.git 4928
2025-05-17 21:45:28.257 [warning] [Decorations] CAPPING events from decorations provider vscode.git 4928
2025-05-17 21:45:33.397 [warning] [Decorations] CAPPING events from decorations provider vscode.git 4928
2025-05-17 21:45:38.507 [warning] [Decorations] CAPPING events from decorations provider vscode.git 4928
2025-05-17 21:45:43.643 [warning] [Decorations] CAPPING events from decorations provider vscode.git 4928
2025-05-17 21:45:48.758 [warning] [Decorations] CAPPING events from decorations provider vscode.git 4928
2025-05-17 21:45:53.856 [warning] [Decorations] CAPPING events from decorations provider vscode.git 4928
2025-05-17 21:45:58.975 [warning] [Decorations] CAPPING events from decorations provider vscode.git 4928
2025-05-17 21:46:04.114 [warning] [Decorations] CAPPING events from decorations provider vscode.git 4928
2025-05-17 21:46:09.212 [warning] [Decorations] CAPPING events from decorations provider vscode.git 4928
2025-05-17 21:46:14.318 [warning] [Decorations] CAPPING events from decorations provider vscode.git 4928
2025-05-17 21:46:19.432 [warning] [Decorations] CAPPING events from decorations provider vscode.git 4928
2025-05-17 21:46:24.550 [warning] [Decorations] CAPPING events from decorations provider vscode.git 4928
2025-05-17 21:46:29.669 [warning] [Decorations] CAPPING events from decorations provider vscode.git 4930
2025-05-17 21:46:34.773 [warning] [Decorations] CAPPING events from decorations provider vscode.git 4930
2025-05-17 21:46:39.870 [warning] [Decorations] CAPPING events from decorations provider vscode.git 4930
2025-05-17 21:46:44.977 [warning] [Decorations] CAPPING events from decorations provider vscode.git 4930
2025-05-17 21:46:50.077 [warning] [Decorations] CAPPING events from decorations provider vscode.git 4930
2025-05-17 21:46:55.175 [warning] [Decorations] CAPPING events from decorations provider vscode.git 4930
2025-05-17 21:47:00.284 [warning] [Decorations] CAPPING events from decorations provider vscode.git 4931
2025-05-17 21:47:05.399 [warning] [Decorations] CAPPING events from decorations provider vscode.git 4931
2025-05-17 21:47:10.503 [warning] [Decorations] CAPPING events from decorations provider vscode.git 4931
2025-05-17 21:47:15.614 [warning] [Decorations] CAPPING events from decorations provider vscode.git 4931
2025-05-17 21:47:20.719 [warning] [Decorations] CAPPING events from decorations provider vscode.git 4931
2025-05-17 21:47:25.822 [warning] [Decorations] CAPPING events from decorations provider vscode.git 4931
2025-05-17 21:47:30.937 [warning] [Decorations] CAPPING events from decorations provider vscode.git 4931
2025-05-17 21:47:36.045 [warning] [Decorations] CAPPING events from decorations provider vscode.git 4931
2025-05-17 21:47:41.155 [warning] [Decorations] CAPPING events from decorations provider vscode.git 4931
2025-05-17 21:47:46.289 [warning] [Decorations] CAPPING events from decorations provider vscode.git 4931
2025-05-17 21:47:51.413 [warning] [Decorations] CAPPING events from decorations provider vscode.git 4931
2025-05-17 21:47:56.522 [warning] [Decorations] CAPPING events from decorations provider vscode.git 4931
2025-05-17 21:48:01.641 [warning] [Decorations] CAPPING events from decorations provider vscode.git 4931
2025-05-17 21:48:06.771 [warning] [Decorations] CAPPING events from decorations provider vscode.git 4931
2025-05-17 21:48:11.893 [warning] [Decorations] CAPPING events from decorations provider vscode.git 4931
2025-05-17 21:48:17.013 [warning] [Decorations] CAPPING events from decorations provider vscode.git 4931
2025-05-17 21:48:22.122 [warning] [Decorations] CAPPING events from decorations provider vscode.git 4931
2025-05-17 21:48:27.230 [warning] [Decorations] CAPPING events from decorations provider vscode.git 4931
2025-05-17 21:48:32.334 [warning] [Decorations] CAPPING events from decorations provider vscode.git 4931
2025-05-17 21:48:37.451 [warning] [Decorations] CAPPING events from decorations provider vscode.git 4931
2025-05-17 21:48:42.550 [warning] [Decorations] CAPPING events from decorations provider vscode.git 4931
2025-05-17 21:48:47.661 [warning] [Decorations] CAPPING events from decorations provider vscode.git 4931
2025-05-17 21:48:52.761 [warning] [Decorations] CAPPING events from decorations provider vscode.git 4931
2025-05-17 21:48:57.866 [warning] [Decorations] CAPPING events from decorations provider vscode.git 4931
2025-05-17 21:49:02.977 [warning] [Decorations] CAPPING events from decorations provider vscode.git 4931
2025-05-17 21:49:08.077 [warning] [Decorations] CAPPING events from decorations provider vscode.git 4931
2025-05-17 21:49:13.189 [warning] [Decorations] CAPPING events from decorations provider vscode.git 4931
2025-05-17 21:49:18.320 [warning] [Decorations] CAPPING events from decorations provider vscode.git 4931
2025-05-17 21:49:23.435 [warning] [Decorations] CAPPING events from decorations provider vscode.git 4931
2025-05-17 21:49:28.541 [warning] [Decorations] CAPPING events from decorations provider vscode.git 4931
2025-05-17 21:49:33.647 [warning] [Decorations] CAPPING events from decorations provider vscode.git 4931
2025-05-17 21:49:38.744 [warning] [Decorations] CAPPING events from decorations provider vscode.git 4931
2025-05-17 21:49:43.850 [warning] [Decorations] CAPPING events from decorations provider vscode.git 4931
2025-05-17 21:49:48.963 [warning] [Decorations] CAPPING events from decorations provider vscode.git 4931
2025-05-17 21:49:54.068 [warning] [Decorations] CAPPING events from decorations provider vscode.git 4931
2025-05-17 21:49:59.173 [warning] [Decorations] CAPPING events from decorations provider vscode.git 4931
2025-05-17 21:50:04.281 [warning] [Decorations] CAPPING events from decorations provider vscode.git 4931
2025-05-17 21:50:09.392 [warning] [Decorations] CAPPING events from decorations provider vscode.git 4931
2025-05-17 21:50:14.486 [warning] [Decorations] CAPPING events from decorations provider vscode.git 4931
2025-05-17 21:50:19.589 [warning] [Decorations] CAPPING events from decorations provider vscode.git 4931
2025-05-17 21:50:24.703 [warning] [Decorations] CAPPING events from decorations provider vscode.git 4931
2025-05-17 21:50:29.826 [warning] [Decorations] CAPPING events from decorations provider vscode.git 4931
2025-05-17 21:50:34.926 [warning] [Decorations] CAPPING events from decorations provider vscode.git 4931
2025-05-17 21:50:40.026 [warning] [Decorations] CAPPING events from decorations provider vscode.git 4931
2025-05-17 21:50:45.135 [warning] [Decorations] CAPPING events from decorations provider vscode.git 4931
2025-05-17 21:50:50.256 [warning] [Decorations] CAPPING events from decorations provider vscode.git 4931
2025-05-17 21:50:55.366 [warning] [Decorations] CAPPING events from decorations provider vscode.git 4931
2025-05-17 21:51:00.470 [warning] [Decorations] CAPPING events from decorations provider vscode.git 4931
2025-05-17 21:51:05.579 [warning] [Decorations] CAPPING events from decorations provider vscode.git 4931
2025-05-17 21:51:10.684 [warning] [Decorations] CAPPING events from decorations provider vscode.git 4931
2025-05-17 21:51:15.788 [warning] [Decorations] CAPPING events from decorations provider vscode.git 4931
2025-05-17 21:51:20.887 [warning] [Decorations] CAPPING events from decorations provider vscode.git 4931
2025-05-17 21:51:25.984 [warning] [Decorations] CAPPING events from decorations provider vscode.git 4931
2025-05-17 21:51:31.086 [warning] [Decorations] CAPPING events from decorations provider vscode.git 4931
2025-05-17 21:51:36.207 [warning] [Decorations] CAPPING events from decorations provider vscode.git 4931
2025-05-17 21:51:41.316 [warning] [Decorations] CAPPING events from decorations provider vscode.git 4931
2025-05-17 21:51:46.415 [warning] [Decorations] CAPPING events from decorations provider vscode.git 4931
2025-05-17 21:51:51.517 [warning] [Decorations] CAPPING events from decorations provider vscode.git 4931
2025-05-17 21:51:56.628 [warning] [Decorations] CAPPING events from decorations provider vscode.git 4931
2025-05-17 21:52:01.728 [warning] [Decorations] CAPPING events from decorations provider vscode.git 4931
2025-05-17 21:52:06.841 [warning] [Decorations] CAPPING events from decorations provider vscode.git 4931
2025-05-17 21:52:11.939 [warning] [Decorations] CAPPING events from decorations provider vscode.git 4931
2025-05-17 21:52:17.055 [warning] [Decorations] CAPPING events from decorations provider vscode.git 4931
2025-05-17 21:52:22.189 [warning] [Decorations] CAPPING events from decorations provider vscode.git 4931
2025-05-17 21:52:27.311 [warning] [Decorations] CAPPING events from decorations provider vscode.git 4931
2025-05-17 21:52:32.428 [warning] [Decorations] CAPPING events from decorations provider vscode.git 4931
2025-05-17 21:52:37.544 [warning] [Decorations] CAPPING events from decorations provider vscode.git 4931
2025-05-17 21:52:42.650 [warning] [Decorations] CAPPING events from decorations provider vscode.git 4931
2025-05-17 21:52:47.750 [warning] [Decorations] CAPPING events from decorations provider vscode.git 4931
2025-05-17 21:52:52.846 [warning] [Decorations] CAPPING events from decorations provider vscode.git 4931
2025-05-17 21:52:57.947 [warning] [Decorations] CAPPING events from decorations provider vscode.git 4931
2025-05-17 21:53:03.054 [warning] [Decorations] CAPPING events from decorations provider vscode.git 4931
2025-05-17 21:53:08.164 [warning] [Decorations] CAPPING events from decorations provider vscode.git 4931
2025-05-17 21:53:13.275 [warning] [Decorations] CAPPING events from decorations provider vscode.git 4931
2025-05-17 21:53:18.398 [warning] [Decorations] CAPPING events from decorations provider vscode.git 4931
2025-05-17 21:53:23.528 [warning] [Decorations] CAPPING events from decorations provider vscode.git 4931
2025-05-17 21:53:28.643 [warning] [Decorations] CAPPING events from decorations provider vscode.git 4931
2025-05-17 21:53:33.744 [warning] [Decorations] CAPPING events from decorations provider vscode.git 4931
2025-05-17 21:53:38.851 [warning] [Decorations] CAPPING events from decorations provider vscode.git 4931
2025-05-17 21:53:43.970 [warning] [Decorations] CAPPING events from decorations provider vscode.git 4931
2025-05-17 21:53:49.661 [warning] [Decorations] CAPPING events from decorations provider vscode.git 4931
2025-05-17 21:53:54.767 [warning] [Decorations] CAPPING events from decorations provider vscode.git 4931
2025-05-17 21:53:59.878 [warning] [Decorations] CAPPING events from decorations provider vscode.git 4931
2025-05-17 21:54:04.994 [warning] [Decorations] CAPPING events from decorations provider vscode.git 4931
2025-05-17 21:54:10.121 [warning] [Decorations] CAPPING events from decorations provider vscode.git 4931
2025-05-17 21:54:15.255 [warning] [Decorations] CAPPING events from decorations provider vscode.git 4931
2025-05-17 21:54:20.890 [warning] [Decorations] CAPPING events from decorations provider vscode.git 4931
2025-05-17 21:54:26.045 [warning] [Decorations] CAPPING events from decorations provider vscode.git 4931
2025-05-17 21:54:31.163 [warning] [Decorations] CAPPING events from decorations provider vscode.git 4931
2025-05-17 21:54:36.286 [warning] [Decorations] CAPPING events from decorations provider vscode.git 4931
2025-05-17 21:54:41.427 [warning] [Decorations] CAPPING events from decorations provider vscode.git 4931
2025-05-17 21:54:46.546 [warning] [Decorations] CAPPING events from decorations provider vscode.git 4931
2025-05-17 21:54:51.660 [warning] [Decorations] CAPPING events from decorations provider vscode.git 4931
2025-05-17 21:54:56.799 [warning] [Decorations] CAPPING events from decorations provider vscode.git 4931
2025-05-17 21:55:01.908 [warning] [Decorations] CAPPING events from decorations provider vscode.git 4931
2025-05-17 21:55:07.020 [warning] [Decorations] CAPPING events from decorations provider vscode.git 4931
2025-05-17 21:55:12.116 [warning] [Decorations] CAPPING events from decorations provider vscode.git 4931
2025-05-17 21:55:17.719 [warning] [Decorations] CAPPING events from decorations provider vscode.git 4931
2025-05-17 21:55:22.826 [warning] [Decorations] CAPPING events from decorations provider vscode.git 4931
2025-05-17 21:55:27.938 [warning] [Decorations] CAPPING events from decorations provider vscode.git 4931
2025-05-17 21:55:33.047 [warning] [Decorations] CAPPING events from decorations provider vscode.git 4931
2025-05-17 21:55:38.160 [warning] [Decorations] CAPPING events from decorations provider vscode.git 4931
2025-05-17 21:55:43.291 [warning] [Decorations] CAPPING events from decorations provider vscode.git 4931
2025-05-17 21:55:48.417 [warning] [Decorations] CAPPING events from decorations provider vscode.git 4931
2025-05-17 21:55:53.558 [warning] [Decorations] CAPPING events from decorations provider vscode.git 4931
2025-05-17 21:55:58.665 [warning] [Decorations] CAPPING events from decorations provider vscode.git 4931
2025-05-17 21:56:03.798 [warning] [Decorations] CAPPING events from decorations provider vscode.git 4931
2025-05-17 21:56:08.911 [warning] [Decorations] CAPPING events from decorations provider vscode.git 4931
2025-05-17 21:56:14.017 [warning] [Decorations] CAPPING events from decorations provider vscode.git 4931
2025-05-17 21:56:19.148 [warning] [Decorations] CAPPING events from decorations provider vscode.git 4931
2025-05-17 21:56:24.278 [warning] [Decorations] CAPPING events from decorations provider vscode.git 4931
2025-05-17 21:56:29.380 [warning] [Decorations] CAPPING events from decorations provider vscode.git 4931
2025-05-17 21:56:34.494 [warning] [Decorations] CAPPING events from decorations provider vscode.git 4931
2025-05-17 21:56:39.609 [warning] [Decorations] CAPPING events from decorations provider vscode.git 4931
2025-05-17 21:56:44.729 [warning] [Decorations] CAPPING events from decorations provider vscode.git 4931
2025-05-17 21:56:49.850 [warning] [Decorations] CAPPING events from decorations provider vscode.git 4931
2025-05-17 21:56:55.008 [warning] [Decorations] CAPPING events from decorations provider vscode.git 4931
2025-05-17 21:57:00.137 [warning] [Decorations] CAPPING events from decorations provider vscode.git 4931
2025-05-17 21:57:05.251 [warning] [Decorations] CAPPING events from decorations provider vscode.git 4931
2025-05-17 21:57:10.363 [warning] [Decorations] CAPPING events from decorations provider vscode.git 4931
2025-05-17 21:57:15.487 [warning] [Decorations] CAPPING events from decorations provider vscode.git 4931
2025-05-17 21:57:20.605 [warning] [Decorations] CAPPING events from decorations provider vscode.git 4931
2025-05-17 21:57:25.718 [warning] [Decorations] CAPPING events from decorations provider vscode.git 4931
2025-05-17 21:57:30.829 [warning] [Decorations] CAPPING events from decorations provider vscode.git 4931
2025-05-17 21:57:35.943 [warning] [Decorations] CAPPING events from decorations provider vscode.git 4931
2025-05-17 21:57:41.056 [warning] [Decorations] CAPPING events from decorations provider vscode.git 4931
2025-05-17 21:57:46.180 [warning] [Decorations] CAPPING events from decorations provider vscode.git 4931
2025-05-17 21:57:51.334 [warning] [Decorations] CAPPING events from decorations provider vscode.git 4931
2025-05-17 21:57:56.447 [warning] [Decorations] CAPPING events from decorations provider vscode.git 4931
2025-05-17 21:58:01.577 [warning] [Decorations] CAPPING events from decorations provider vscode.git 4931
2025-05-17 21:58:06.717 [warning] [Decorations] CAPPING events from decorations provider vscode.git 4931
2025-05-17 21:58:12.267 [warning] [Decorations] CAPPING events from decorations provider vscode.git 4931
2025-05-17 21:58:17.407 [warning] [Decorations] CAPPING events from decorations provider vscode.git 4931
2025-05-17 21:58:22.551 [warning] [Decorations] CAPPING events from decorations provider vscode.git 4931
2025-05-17 21:58:27.674 [warning] [Decorations] CAPPING events from decorations provider vscode.git 4931
2025-05-17 21:58:32.796 [warning] [Decorations] CAPPING events from decorations provider vscode.git 4931
2025-05-17 21:58:37.930 [warning] [Decorations] CAPPING events from decorations provider vscode.git 4931
2025-05-17 21:58:43.054 [warning] [Decorations] CAPPING events from decorations provider vscode.git 4931
2025-05-17 21:58:49.746 [warning] [Decorations] CAPPING events from decorations provider vscode.git 4931
2025-05-17 21:58:54.886 [warning] [Decorations] CAPPING events from decorations provider vscode.git 4931
2025-05-17 21:59:00.034 [warning] [Decorations] CAPPING events from decorations provider vscode.git 4934
2025-05-17 21:59:05.319 [warning] [Decorations] CAPPING events from decorations provider vscode.git 4934
2025-05-17 21:59:10.495 [warning] [Decorations] CAPPING events from decorations provider vscode.git 4934
2025-05-17 21:59:15.638 [warning] [Decorations] CAPPING events from decorations provider vscode.git 4934
2025-05-17 21:59:20.769 [warning] [Decorations] CAPPING events from decorations provider vscode.git 4935
2025-05-17 21:59:27.392 [warning] [Decorations] CAPPING events from decorations provider vscode.git 4935
2025-05-17 21:59:32.556 [warning] [Decorations] CAPPING events from decorations provider vscode.git 4935
2025-05-17 21:59:37.694 [warning] [Decorations] CAPPING events from decorations provider vscode.git 4935
2025-05-17 21:59:42.835 [warning] [Decorations] CAPPING events from decorations provider vscode.git 4935
2025-05-17 21:59:47.974 [warning] [Decorations] CAPPING events from decorations provider vscode.git 4935
2025-05-17 21:59:53.245 [warning] [Decorations] CAPPING events from decorations provider vscode.git 4936
2025-05-17 21:59:58.478 [warning] [Decorations] CAPPING events from decorations provider vscode.git 4936
2025-05-17 22:00:03.614 [warning] [Decorations] CAPPING events from decorations provider vscode.git 4936
2025-05-17 22:00:08.761 [warning] [Decorations] CAPPING events from decorations provider vscode.git 4937
2025-05-17 22:00:13.870 [warning] [Decorations] CAPPING events from decorations provider vscode.git 4937
2025-05-17 22:00:18.993 [warning] [Decorations] CAPPING events from decorations provider vscode.git 4937
2025-05-17 22:00:24.138 [warning] [Decorations] CAPPING events from decorations provider vscode.git 4937
2025-05-17 22:00:29.295 [warning] [Decorations] CAPPING events from decorations provider vscode.git 4937
2025-05-17 22:00:34.432 [warning] [Decorations] CAPPING events from decorations provider vscode.git 4937
2025-05-17 22:01:39.888 [warning] [Decorations] CAPPING events from decorations provider vscode.git 4937
2025-05-17 22:01:45.067 [warning] [Decorations] CAPPING events from decorations provider vscode.git 4937
2025-05-17 22:01:50.205 [warning] [Decorations] CAPPING events from decorations provider vscode.git 4937
2025-05-17 22:01:55.327 [warning] [Decorations] CAPPING events from decorations provider vscode.git 4937
2025-05-17 22:02:00.471 [warning] [Decorations] CAPPING events from decorations provider vscode.git 4937
2025-05-17 22:02:06.170 [warning] [Decorations] CAPPING events from decorations provider vscode.git 4937
2025-05-17 22:02:11.300 [warning] [Decorations] CAPPING events from decorations provider vscode.git 4937
2025-05-17 22:02:16.436 [warning] [Decorations] CAPPING events from decorations provider vscode.git 4937
2025-05-17 22:02:21.584 [warning] [Decorations] CAPPING events from decorations provider vscode.git 4937
2025-05-17 22:02:26.699 [warning] [Decorations] CAPPING events from decorations provider vscode.git 4937
2025-05-17 22:02:31.845 [warning] [Decorations] CAPPING events from decorations provider vscode.git 4937
2025-05-17 22:02:37.688 [warning] [Decorations] CAPPING events from decorations provider vscode.git 4938
2025-05-17 22:02:43.058 [warning] [Decorations] CAPPING events from decorations provider vscode.git 4938
2025-05-17 22:02:48.277 [warning] [Decorations] CAPPING events from decorations provider vscode.git 4938
2025-05-17 22:02:53.438 [warning] [Decorations] CAPPING events from decorations provider vscode.git 4938
2025-05-17 22:02:58.639 [warning] [Decorations] CAPPING events from decorations provider vscode.git 4938
2025-05-17 22:03:03.878 [warning] [Decorations] CAPPING events from decorations provider vscode.git 4938
2025-05-17 22:03:09.027 [warning] [Decorations] CAPPING events from decorations provider vscode.git 4938
2025-05-17 22:03:14.228 [warning] [Decorations] CAPPING events from decorations provider vscode.git 4938
2025-05-17 22:03:19.400 [warning] [Decorations] CAPPING events from decorations provider vscode.git 4938
2025-05-17 22:03:24.559 [warning] [Decorations] CAPPING events from decorations provider vscode.git 4938
2025-05-17 22:03:29.739 [warning] [Decorations] CAPPING events from decorations provider vscode.git 4938
2025-05-17 22:03:34.856 [warning] [Decorations] CAPPING events from decorations provider vscode.git 4938
2025-05-17 22:03:39.992 [warning] [Decorations] CAPPING events from decorations provider vscode.git 4938
2025-05-17 22:03:46.715 [warning] [Decorations] CAPPING events from decorations provider vscode.git 4938
2025-05-17 22:03:51.913 [warning] [Decorations] CAPPING events from decorations provider vscode.git 4938
2025-05-17 22:03:57.159 [warning] [Decorations] CAPPING events from decorations provider vscode.git 4938
2025-05-17 22:04:07.279 [warning] [Decorations] CAPPING events from decorations provider vscode.git 4938
2025-05-17 22:04:12.469 [warning] [Decorations] CAPPING events from decorations provider vscode.git 4938
2025-05-17 22:04:17.613 [warning] [Decorations] CAPPING events from decorations provider vscode.git 4938
2025-05-17 22:04:22.749 [warning] [Decorations] CAPPING events from decorations provider vscode.git 4938
2025-05-17 22:04:29.473 [warning] [Decorations] CAPPING events from decorations provider vscode.git 4938
2025-05-17 22:04:34.662 [warning] [Decorations] CAPPING events from decorations provider vscode.git 4938
2025-05-17 22:04:39.796 [warning] [Decorations] CAPPING events from decorations provider vscode.git 4938
2025-05-17 22:04:45.024 [warning] [Decorations] CAPPING events from decorations provider vscode.git 4938
2025-05-17 22:04:51.273 [warning] [Decorations] CAPPING events from decorations provider vscode.git 4938
2025-05-17 22:04:56.401 [warning] [Decorations] CAPPING events from decorations provider vscode.git 4938
2025-05-17 22:05:01.531 [warning] [Decorations] CAPPING events from decorations provider vscode.git 4938
2025-05-17 22:05:35.581 [warning] [Decorations] CAPPING events from decorations provider vscode.git 4941
2025-05-17 22:05:40.822 [warning] [Decorations] CAPPING events from decorations provider vscode.git 4941
2025-05-17 22:05:45.980 [warning] [Decorations] CAPPING events from decorations provider vscode.git 4941
2025-05-17 22:05:51.121 [warning] [Decorations] CAPPING events from decorations provider vscode.git 4941
2025-05-17 22:05:56.257 [warning] [Decorations] CAPPING events from decorations provider vscode.git 4941
2025-05-17 22:07:38.464 [warning] [Decorations] CAPPING events from decorations provider vscode.git 4941
2025-05-17 22:07:43.636 [warning] [Decorations] CAPPING events from decorations provider vscode.git 4942
2025-05-17 22:07:48.752 [warning] [Decorations] CAPPING events from decorations provider vscode.git 4942
2025-05-17 22:07:53.898 [warning] [Decorations] CAPPING events from decorations provider vscode.git 4942
2025-05-17 22:08:20.208 [warning] [Decorations] CAPPING events from decorations provider vscode.git 4942
2025-05-17 22:08:25.377 [warning] [Decorations] CAPPING events from decorations provider vscode.git 4942
2025-05-17 22:08:30.547 [warning] [Decorations] CAPPING events from decorations provider vscode.git 4942
2025-05-17 22:08:35.661 [warning] [Decorations] CAPPING events from decorations provider vscode.git 4942
2025-05-17 22:08:40.778 [warning] [Decorations] CAPPING events from decorations provider vscode.git 4942
2025-05-17 22:10:02.158 [warning] [Decorations] CAPPING events from decorations provider vscode.git 4942
2025-05-17 22:10:07.265 [warning] [Decorations] CAPPING events from decorations provider vscode.git 4942
2025-05-17 22:10:12.378 [warning] [Decorations] CAPPING events from decorations provider vscode.git 4942
2025-05-17 22:10:17.480 [warning] [Decorations] CAPPING events from decorations provider vscode.git 4942
2025-05-17 22:10:22.587 [warning] [Decorations] CAPPING events from decorations provider vscode.git 4942
2025-05-17 22:10:28.195 [warning] [Decorations] CAPPING events from decorations provider vscode.git 4942
2025-05-17 22:10:33.339 [warning] [Decorations] CAPPING events from decorations provider vscode.git 4942
2025-05-17 22:10:38.445 [warning] [Decorations] CAPPING events from decorations provider vscode.git 4942
2025-05-17 22:10:43.629 [warning] [Decorations] CAPPING events from decorations provider vscode.git 4942
2025-05-17 22:10:48.746 [warning] [Decorations] CAPPING events from decorations provider vscode.git 4942
2025-05-17 22:10:53.928 [warning] [Decorations] CAPPING events from decorations provider vscode.git 4942
2025-05-17 22:10:59.030 [warning] [Decorations] CAPPING events from decorations provider vscode.git 4942
2025-05-17 22:11:04.149 [warning] [Decorations] CAPPING events from decorations provider vscode.git 4942
2025-05-17 22:11:09.259 [warning] [Decorations] CAPPING events from decorations provider vscode.git 4942
2025-05-17 22:11:14.372 [warning] [Decorations] CAPPING events from decorations provider vscode.git 4942
2025-05-17 22:11:19.547 [warning] [Decorations] CAPPING events from decorations provider vscode.git 4942
2025-05-17 22:11:26.170 [warning] [Decorations] CAPPING events from decorations provider vscode.git 4942
2025-05-17 22:11:31.275 [warning] [Decorations] CAPPING events from decorations provider vscode.git 4942
2025-05-17 22:11:37.156 [warning] [Decorations] CAPPING events from decorations provider vscode.git 4945
2025-05-17 22:11:42.360 [warning] [Decorations] CAPPING events from decorations provider vscode.git 4945
2025-05-17 22:11:47.480 [warning] [Decorations] CAPPING events from decorations provider vscode.git 4942
2025-05-17 22:11:52.598 [warning] [Decorations] CAPPING events from decorations provider vscode.git 4944
2025-05-17 22:11:57.769 [warning] [Decorations] CAPPING events from decorations provider vscode.git 4944
2025-05-17 22:12:02.876 [warning] [Decorations] CAPPING events from decorations provider vscode.git 4944
2025-05-17 22:12:07.975 [warning] [Decorations] CAPPING events from decorations provider vscode.git 4945
2025-05-17 22:12:13.088 [warning] [Decorations] CAPPING events from decorations provider vscode.git 4945
2025-05-17 22:12:18.212 [warning] [Decorations] CAPPING events from decorations provider vscode.git 4945
2025-05-17 22:12:23.346 [warning] [Decorations] CAPPING events from decorations provider vscode.git 4945
2025-05-17 22:12:28.505 [warning] [Decorations] CAPPING events from decorations provider vscode.git 4945
2025-05-17 22:12:33.602 [warning] [Decorations] CAPPING events from decorations provider vscode.git 4945
2025-05-17 22:12:38.763 [warning] [Decorations] CAPPING events from decorations provider vscode.git 4945
2025-05-17 22:12:43.932 [warning] [Decorations] CAPPING events from decorations provider vscode.git 4945
2025-05-17 22:12:49.044 [warning] [Decorations] CAPPING events from decorations provider vscode.git 4945
2025-05-17 22:12:54.151 [warning] [Decorations] CAPPING events from decorations provider vscode.git 4945
2025-05-17 22:12:59.292 [warning] [Decorations] CAPPING events from decorations provider vscode.git 4945
2025-05-17 22:13:04.407 [warning] [Decorations] CAPPING events from decorations provider vscode.git 4945
2025-05-17 22:13:09.562 [warning] [Decorations] CAPPING events from decorations provider vscode.git 4945
2025-05-17 22:13:14.680 [warning] [Decorations] CAPPING events from decorations provider vscode.git 4945
2025-05-17 22:13:20.407 [warning] [Decorations] CAPPING events from decorations provider vscode.git 4945
2025-05-17 22:13:25.550 [warning] [Decorations] CAPPING events from decorations provider vscode.git 4945
2025-05-17 22:13:30.653 [warning] [Decorations] CAPPING events from decorations provider vscode.git 4945
2025-05-17 22:13:35.747 [warning] [Decorations] CAPPING events from decorations provider vscode.git 4945
2025-05-17 22:13:40.871 [warning] [Decorations] CAPPING events from decorations provider vscode.git 4945
2025-05-17 22:13:47.492 [warning] [Decorations] CAPPING events from decorations provider vscode.git 4945
2025-05-17 22:13:52.670 [warning] [Decorations] CAPPING events from decorations provider vscode.git 4945
2025-05-17 22:13:57.778 [warning] [Decorations] CAPPING events from decorations provider vscode.git 4945
2025-05-17 22:14:02.876 [warning] [Decorations] CAPPING events from decorations provider vscode.git 4945
2025-05-17 22:14:07.998 [warning] [Decorations] CAPPING events from decorations provider vscode.git 4945
2025-05-17 22:14:13.097 [warning] [Decorations] CAPPING events from decorations provider vscode.git 4945
2025-05-17 22:14:18.210 [warning] [Decorations] CAPPING events from decorations provider vscode.git 4945
2025-05-17 22:14:25.916 [warning] [Decorations] CAPPING events from decorations provider vscode.git 4945
2025-05-17 22:14:31.095 [warning] [Decorations] CAPPING events from decorations provider vscode.git 4945
2025-05-17 22:14:36.201 [warning] [Decorations] CAPPING events from decorations provider vscode.git 4945
2025-05-17 22:14:41.339 [warning] [Decorations] CAPPING events from decorations provider vscode.git 4945
2025-05-17 22:14:46.439 [warning] [Decorations] CAPPING events from decorations provider vscode.git 4945
2025-05-17 22:14:51.566 [warning] [Decorations] CAPPING events from decorations provider vscode.git 4945
2025-05-17 22:14:56.737 [warning] [Decorations] CAPPING events from decorations provider vscode.git 4945
2025-05-17 22:15:01.893 [warning] [Decorations] CAPPING events from decorations provider vscode.git 4945
2025-05-17 22:15:07.020 [warning] [Decorations] CAPPING events from decorations provider vscode.git 4945
2025-05-17 22:15:12.741 [warning] [Decorations] CAPPING events from decorations provider vscode.git 4945
2025-05-17 22:15:17.896 [warning] [Decorations] CAPPING events from decorations provider vscode.git 4945
2025-05-17 22:15:22.994 [warning] [Decorations] CAPPING events from decorations provider vscode.git 4945
2025-05-17 22:15:28.114 [warning] [Decorations] CAPPING events from decorations provider vscode.git 4945
2025-05-17 22:15:33.219 [warning] [Decorations] CAPPING events from decorations provider vscode.git 4945
2025-05-17 22:15:38.390 [warning] [Decorations] CAPPING events from decorations provider vscode.git 4946
2025-05-17 22:15:43.576 [warning] [Decorations] CAPPING events from decorations provider vscode.git 4946
2025-05-17 22:15:48.688 [warning] [Decorations] CAPPING events from decorations provider vscode.git 4946
2025-05-17 22:15:54.436 [warning] [Decorations] CAPPING events from decorations provider vscode.git 4947
2025-05-17 22:15:59.541 [warning] [Decorations] CAPPING events from decorations provider vscode.git 4947
2025-05-17 22:16:04.659 [warning] [Decorations] CAPPING events from decorations provider vscode.git 4947
2025-05-17 22:16:09.779 [warning] [Decorations] CAPPING events from decorations provider vscode.git 4947
2025-05-17 22:16:14.912 [warning] [Decorations] CAPPING events from decorations provider vscode.git 4948
2025-05-17 22:16:20.082 [warning] [Decorations] CAPPING events from decorations provider vscode.git 4948
2025-05-17 22:16:25.193 [warning] [Decorations] CAPPING events from decorations provider vscode.git 4948
2025-05-17 22:16:30.361 [warning] [Decorations] CAPPING events from decorations provider vscode.git 4948
2025-05-17 22:16:35.511 [warning] [Decorations] CAPPING events from decorations provider vscode.git 4948
2025-05-17 22:16:40.666 [warning] [Decorations] CAPPING events from decorations provider vscode.git 4948
2025-05-17 22:16:45.864 [warning] [Decorations] CAPPING events from decorations provider vscode.git 4948
2025-05-17 22:16:50.986 [warning] [Decorations] CAPPING events from decorations provider vscode.git 4948
2025-05-17 22:16:56.139 [warning] [Decorations] CAPPING events from decorations provider vscode.git 4948
2025-05-17 22:17:01.366 [warning] [Decorations] CAPPING events from decorations provider vscode.git 4948
2025-05-17 22:17:06.925 [warning] [Decorations] CAPPING events from decorations provider vscode.git 4948
2025-05-17 22:17:12.046 [warning] [Decorations] CAPPING events from decorations provider vscode.git 4948
2025-05-17 22:17:17.150 [warning] [Decorations] CAPPING events from decorations provider vscode.git 4951
2025-05-17 22:17:22.315 [warning] [Decorations] CAPPING events from decorations provider vscode.git 4951
2025-05-17 22:17:27.464 [warning] [Decorations] CAPPING events from decorations provider vscode.git 4951
2025-05-17 22:17:32.563 [warning] [Decorations] CAPPING events from decorations provider vscode.git 4951
2025-05-17 22:17:33.029 [info] ExtensionService#_doActivateExtension vscode.npm, startup: false, activationEvent: 'onTerminalQuickFixRequest:ms-vscode.npm-command'
2025-05-17 22:17:37.715 [warning] [Decorations] CAPPING events from decorations provider vscode.git 4951
2025-05-17 22:17:38.430 [info] ExtensionService#_doActivateExtension vscode.configuration-editing, startup: false, activationEvent: 'onLanguage:json'
2025-05-17 22:17:38.431 [info] ExtensionService#_doActivateExtension vscode.extension-editing, startup: false, activationEvent: 'onLanguage:json'
2025-05-17 22:17:38.431 [info] ExtensionService#_doActivateExtension vscode.json-language-features, startup: false, activationEvent: 'onLanguage:json'
2025-05-17 22:17:42.826 [warning] [Decorations] CAPPING events from decorations provider vscode.git 4952
2025-05-17 22:17:48.526 [warning] [Decorations] CAPPING events from decorations provider vscode.git 4952
2025-05-17 22:17:53.639 [warning] [Decorations] CAPPING events from decorations provider vscode.git 4952
2025-05-17 22:17:58.753 [warning] [Decorations] CAPPING events from decorations provider vscode.git 4952
2025-05-17 22:18:03.882 [warning] [Decorations] CAPPING events from decorations provider vscode.git 4952
2025-05-17 22:18:09.043 [warning] [Decorations] CAPPING events from decorations provider vscode.git 4952
2025-05-17 22:18:14.150 [warning] [Decorations] CAPPING events from decorations provider vscode.git 4952
2025-05-17 22:18:19.299 [warning] [Decorations] CAPPING events from decorations provider vscode.git 4952
2025-05-17 22:18:24.454 [warning] [Decorations] CAPPING events from decorations provider vscode.git 4952
2025-05-17 22:18:32.128 [warning] [Decorations] CAPPING events from decorations provider vscode.git 4952
2025-05-17 22:18:37.301 [warning] [Decorations] CAPPING events from decorations provider vscode.git 4952
2025-05-17 22:18:42.483 [warning] [Decorations] CAPPING events from decorations provider vscode.git 4952
2025-05-17 22:18:47.616 [warning] [Decorations] CAPPING events from decorations provider vscode.git 4952
2025-05-17 22:18:52.759 [warning] [Decorations] CAPPING events from decorations provider vscode.git 4952
2025-05-17 22:18:57.883 [warning] [Decorations] CAPPING events from decorations provider vscode.git 4952
2025-05-17 22:19:03.015 [warning] [Decorations] CAPPING events from decorations provider vscode.git 4952
2025-05-17 22:19:08.147 [warning] [Decorations] CAPPING events from decorations provider vscode.git 4952
2025-05-17 22:19:13.384 [warning] [Decorations] CAPPING events from decorations provider vscode.git 4952
2025-05-17 22:19:18.500 [warning] [Decorations] CAPPING events from decorations provider vscode.git 4955
2025-05-17 22:19:23.662 [warning] [Decorations] CAPPING events from decorations provider vscode.git 4955
2025-05-17 22:19:28.792 [warning] [Decorations] CAPPING events from decorations provider vscode.git 4956
2025-05-17 22:19:33.929 [warning] [Decorations] CAPPING events from decorations provider vscode.git 4956
2025-05-17 22:19:39.039 [warning] [Decorations] CAPPING events from decorations provider vscode.git 4957
2025-05-17 22:19:44.154 [warning] [Decorations] CAPPING events from decorations provider vscode.git 4956
2025-05-17 22:19:49.336 [warning] [Decorations] CAPPING events from decorations provider vscode.git 4956
2025-05-17 22:19:54.441 [warning] [Decorations] CAPPING events from decorations provider vscode.git 4956
2025-05-17 22:20:00.086 [warning] [Decorations] CAPPING events from decorations provider vscode.git 4956
2025-05-17 22:20:05.211 [warning] [Decorations] CAPPING events from decorations provider vscode.git 4956
2025-05-17 22:20:10.320 [warning] [Decorations] CAPPING events from decorations provider vscode.git 4956
2025-05-17 22:20:15.435 [warning] [Decorations] CAPPING events from decorations provider vscode.git 4956
2025-05-17 22:20:20.544 [warning] [Decorations] CAPPING events from decorations provider vscode.git 4956
2025-05-17 22:20:25.686 [warning] [Decorations] CAPPING events from decorations provider vscode.git 4956
2025-05-17 22:20:30.830 [warning] [Decorations] CAPPING events from decorations provider vscode.git 4956
2025-05-17 22:20:35.981 [warning] [Decorations] CAPPING events from decorations provider vscode.git 4956
2025-05-17 22:20:41.144 [warning] [Decorations] CAPPING events from decorations provider vscode.git 4956
2025-05-17 22:20:46.259 [warning] [Decorations] CAPPING events from decorations provider vscode.git 4956
2025-05-17 22:20:51.423 [warning] [Decorations] CAPPING events from decorations provider vscode.git 4956
2025-05-17 22:20:56.547 [warning] [Decorations] CAPPING events from decorations provider vscode.git 4956
2025-05-17 22:21:01.658 [warning] [Decorations] CAPPING events from decorations provider vscode.git 4956
2025-05-17 22:21:06.779 [warning] [Decorations] CAPPING events from decorations provider vscode.git 4956
2025-05-17 22:21:11.893 [warning] [Decorations] CAPPING events from decorations provider vscode.git 4956
2025-05-17 22:21:16.992 [warning] [Decorations] CAPPING events from decorations provider vscode.git 4956
2025-05-17 22:21:22.172 [warning] [Decorations] CAPPING events from decorations provider vscode.git 4956
2025-05-17 22:21:27.295 [warning] [Decorations] CAPPING events from decorations provider vscode.git 4956
2025-05-17 22:21:32.470 [warning] [Decorations] CAPPING events from decorations provider vscode.git 4956
2025-05-17 22:21:37.630 [warning] [Decorations] CAPPING events from decorations provider vscode.git 4956
2025-05-17 22:21:42.771 [warning] [Decorations] CAPPING events from decorations provider vscode.git 4956
2025-05-17 22:21:48.423 [warning] [Decorations] CAPPING events from decorations provider vscode.git 4956
2025-05-17 22:21:53.547 [warning] [Decorations] CAPPING events from decorations provider vscode.git 4956
2025-05-17 22:21:58.670 [warning] [Decorations] CAPPING events from decorations provider vscode.git 4956
2025-05-17 22:22:03.769 [warning] [Decorations] CAPPING events from decorations provider vscode.git 4956
2025-05-17 22:22:08.872 [warning] [Decorations] CAPPING events from decorations provider vscode.git 4956
2025-05-17 22:22:14.492 [warning] [Decorations] CAPPING events from decorations provider vscode.git 4956
2025-05-17 22:22:19.606 [warning] [Decorations] CAPPING events from decorations provider vscode.git 4956
2025-05-17 22:22:24.728 [warning] [Decorations] CAPPING events from decorations provider vscode.git 4956
2025-05-17 22:22:29.841 [warning] [Decorations] CAPPING events from decorations provider vscode.git 4956
2025-05-17 22:22:34.953 [warning] [Decorations] CAPPING events from decorations provider vscode.git 4956
2025-05-17 22:22:41.609 [warning] [Decorations] CAPPING events from decorations provider vscode.git 4956
2025-05-17 22:22:46.729 [warning] [Decorations] CAPPING events from decorations provider vscode.git 4956
2025-05-17 22:22:51.843 [warning] [Decorations] CAPPING events from decorations provider vscode.git 4956
2025-05-17 22:22:56.956 [warning] [Decorations] CAPPING events from decorations provider vscode.git 4956
2025-05-17 22:23:02.060 [warning] [Decorations] CAPPING events from decorations provider vscode.git 4956
2025-05-17 22:23:07.211 [warning] [Decorations] CAPPING events from decorations provider vscode.git 4956
2025-05-17 22:23:12.353 [warning] [Decorations] CAPPING events from decorations provider vscode.git 4956
2025-05-17 22:23:17.994 [warning] [Decorations] CAPPING events from decorations provider vscode.git 4956
2025-05-17 22:23:23.100 [warning] [Decorations] CAPPING events from decorations provider vscode.git 4956
2025-05-17 22:23:28.197 [warning] [Decorations] CAPPING events from decorations provider vscode.git 4956
2025-05-17 22:23:33.388 [warning] [Decorations] CAPPING events from decorations provider vscode.git 4956
2025-05-17 22:23:38.501 [warning] [Decorations] CAPPING events from decorations provider vscode.git 4956
2025-05-17 22:23:43.648 [warning] [Decorations] CAPPING events from decorations provider vscode.git 4956
2025-05-17 22:23:49.245 [warning] [Decorations] CAPPING events from decorations provider vscode.git 4956
2025-05-17 22:23:54.391 [warning] [Decorations] CAPPING events from decorations provider vscode.git 4956
2025-05-17 22:23:59.495 [warning] [Decorations] CAPPING events from decorations provider vscode.git 4956
2025-05-17 22:24:04.676 [warning] [Decorations] CAPPING events from decorations provider vscode.git 4956
2025-05-17 22:24:09.806 [warning] [Decorations] CAPPING events from decorations provider vscode.git 4956
2025-05-17 22:24:14.931 [warning] [Decorations] CAPPING events from decorations provider vscode.git 4956
2025-05-17 22:24:20.125 [warning] [Decorations] CAPPING events from decorations provider vscode.git 4956
2025-05-17 22:25:27.014 [warning] [Decorations] CAPPING events from decorations provider vscode.git 4956
2025-05-17 22:25:32.121 [warning] [Decorations] CAPPING events from decorations provider vscode.git 4956
2025-05-17 22:28:28.752 [warning] [Decorations] CAPPING events from decorations provider vscode.git 4956
2025-05-17 22:28:33.891 [warning] [Decorations] CAPPING events from decorations provider vscode.git 4956
2025-05-17 22:28:39.009 [warning] [Decorations] CAPPING events from decorations provider vscode.git 4956
2025-05-17 22:28:44.981 [warning] [Decorations] CAPPING events from decorations provider vscode.git 4959
2025-05-17 22:28:50.089 [warning] [Decorations] CAPPING events from decorations provider vscode.git 4959
2025-05-17 22:28:55.194 [warning] [Decorations] CAPPING events from decorations provider vscode.git 4959
2025-05-17 22:29:00.342 [warning] [Decorations] CAPPING events from decorations provider vscode.git 4959
2025-05-17 22:29:05.487 [warning] [Decorations] CAPPING events from decorations provider vscode.git 4960
2025-05-17 22:29:10.591 [warning] [Decorations] CAPPING events from decorations provider vscode.git 4960
2025-05-17 22:29:15.811 [warning] [Decorations] CAPPING events from decorations provider vscode.git 4960
2025-05-17 22:29:22.485 [warning] [Decorations] CAPPING events from decorations provider vscode.git 4960
2025-05-17 22:29:27.639 [warning] [Decorations] CAPPING events from decorations provider vscode.git 4960
2025-05-17 22:29:32.776 [warning] [Decorations] CAPPING events from decorations provider vscode.git 4960
2025-05-17 22:29:37.891 [warning] [Decorations] CAPPING events from decorations provider vscode.git 4960
2025-05-17 22:29:43.092 [warning] [Decorations] CAPPING events from decorations provider vscode.git 4960
2025-05-17 22:29:48.194 [warning] [Decorations] CAPPING events from decorations provider vscode.git 4960
2025-05-17 22:29:53.309 [warning] [Decorations] CAPPING events from decorations provider vscode.git 4961
2025-05-17 22:29:59.950 [warning] [Decorations] CAPPING events from decorations provider vscode.git 4961
2025-05-17 22:30:05.063 [warning] [Decorations] CAPPING events from decorations provider vscode.git 4961
2025-05-17 22:30:10.173 [warning] [Decorations] CAPPING events from decorations provider vscode.git 4961
2025-05-17 22:30:15.275 [warning] [Decorations] CAPPING events from decorations provider vscode.git 4961
2025-05-17 22:30:24.485 [warning] [Decorations] CAPPING events from decorations provider vscode.git 4961
2025-05-17 22:31:14.782 [warning] [Decorations] CAPPING events from decorations provider vscode.git 4961
2025-05-17 22:31:19.903 [warning] [Decorations] CAPPING events from decorations provider vscode.git 4961
2025-05-17 22:31:25.014 [warning] [Decorations] CAPPING events from decorations provider vscode.git 4961
2025-05-17 22:31:30.192 [warning] [Decorations] CAPPING events from decorations provider vscode.git 4961
2025-05-17 22:31:35.361 [warning] [Decorations] CAPPING events from decorations provider vscode.git 4961
2025-05-17 22:32:41.127 [warning] [Decorations] CAPPING events from decorations provider vscode.git 4961
2025-05-17 22:32:46.316 [warning] [Decorations] CAPPING events from decorations provider vscode.git 4961
2025-05-17 22:32:51.433 [warning] [Decorations] CAPPING events from decorations provider vscode.git 4961
2025-05-17 22:32:57.026 [warning] [Decorations] CAPPING events from decorations provider vscode.git 4961
2025-05-17 22:33:02.173 [warning] [Decorations] CAPPING events from decorations provider vscode.git 4961
2025-05-17 22:33:07.327 [warning] [Decorations] CAPPING events from decorations provider vscode.git 4962
2025-05-17 22:33:12.467 [warning] [Decorations] CAPPING events from decorations provider vscode.git 4962
2025-05-17 22:33:17.592 [warning] [Decorations] CAPPING events from decorations provider vscode.git 4962
2025-05-17 22:33:22.735 [warning] [Decorations] CAPPING events from decorations provider vscode.git 4962
2025-05-17 22:33:27.860 [warning] [Decorations] CAPPING events from decorations provider vscode.git 4962
2025-05-17 22:33:33.063 [warning] [Decorations] CAPPING events from decorations provider vscode.git 4962
2025-05-17 22:33:39.633 [warning] [Decorations] CAPPING events from decorations provider vscode.git 4963
2025-05-17 22:33:46.667 [warning] [Decorations] CAPPING events from decorations provider vscode.git 4963
2025-05-17 22:34:04.105 [warning] [Decorations] CAPPING events from decorations provider vscode.git 4963
2025-05-17 22:34:09.228 [warning] [Decorations] CAPPING events from decorations provider vscode.git 4963
2025-05-17 22:34:14.335 [warning] [Decorations] CAPPING events from decorations provider vscode.git 4964
2025-05-17 22:34:19.487 [warning] [Decorations] CAPPING events from decorations provider vscode.git 4964
2025-05-17 22:34:25.174 [warning] [Decorations] CAPPING events from decorations provider vscode.git 4965
2025-05-17 22:34:30.332 [warning] [Decorations] CAPPING events from decorations provider vscode.git 4965
2025-05-17 22:34:39.950 [warning] [Decorations] CAPPING events from decorations provider vscode.git 4965
2025-05-17 22:34:45.066 [warning] [Decorations] CAPPING events from decorations provider vscode.git 4965
2025-05-17 22:35:40.679 [warning] [Decorations] CAPPING events from decorations provider vscode.git 4966
2025-05-17 22:35:45.795 [warning] [Decorations] CAPPING events from decorations provider vscode.git 4966
2025-05-17 22:35:50.918 [warning] [Decorations] CAPPING events from decorations provider vscode.git 4967
2025-05-17 22:35:56.111 [warning] [Decorations] CAPPING events from decorations provider vscode.git 4967
2025-05-17 22:36:01.220 [warning] [Decorations] CAPPING events from decorations provider vscode.git 4967
2025-05-17 22:36:06.383 [warning] [Decorations] CAPPING events from decorations provider vscode.git 4967
2025-05-17 22:36:11.489 [warning] [Decorations] CAPPING events from decorations provider vscode.git 4967
2025-05-17 22:36:16.629 [warning] [Decorations] CAPPING events from decorations provider vscode.git 4967
2025-05-17 22:36:22.153 [warning] [Decorations] CAPPING events from decorations provider vscode.git 4967
2025-05-17 22:36:27.275 [warning] [Decorations] CAPPING events from decorations provider vscode.git 4967
2025-05-17 22:36:32.469 [warning] [Decorations] CAPPING events from decorations provider vscode.git 4967
2025-05-17 22:37:15.087 [warning] [Decorations] CAPPING events from decorations provider vscode.git 4968
2025-05-17 22:37:20.239 [warning] [Decorations] CAPPING events from decorations provider vscode.git 4968
2025-05-17 22:37:25.349 [warning] [Decorations] CAPPING events from decorations provider vscode.git 4968
2025-05-17 22:37:30.462 [warning] [Decorations] CAPPING events from decorations provider vscode.git 4968
2025-05-17 22:37:35.587 [warning] [Decorations] CAPPING events from decorations provider vscode.git 4969
2025-05-17 22:37:40.764 [warning] [Decorations] CAPPING events from decorations provider vscode.git 4969
2025-05-17 22:37:47.400 [warning] [Decorations] CAPPING events from decorations provider vscode.git 4970
2025-05-17 22:37:52.546 [warning] [Decorations] CAPPING events from decorations provider vscode.git 4970
2025-05-17 22:37:57.721 [warning] [Decorations] CAPPING events from decorations provider vscode.git 4970
2025-05-17 22:38:02.849 [warning] [Decorations] CAPPING events from decorations provider vscode.git 4970
2025-05-17 22:38:08.530 [warning] [Decorations] CAPPING events from decorations provider vscode.git 4970
2025-05-17 22:38:13.676 [warning] [Decorations] CAPPING events from decorations provider vscode.git 4970
2025-05-17 22:38:18.793 [warning] [Decorations] CAPPING events from decorations provider vscode.git 4970
2025-05-17 22:38:23.897 [warning] [Decorations] CAPPING events from decorations provider vscode.git 4970
2025-05-17 22:38:29.021 [warning] [Decorations] CAPPING events from decorations provider vscode.git 4970
2025-05-17 22:38:34.656 [warning] [Decorations] CAPPING events from decorations provider vscode.git 4970
2025-05-17 22:38:39.819 [warning] [Decorations] CAPPING events from decorations provider vscode.git 4970
2025-05-17 22:38:44.943 [warning] [Decorations] CAPPING events from decorations provider vscode.git 4973
2025-05-17 22:39:26.489 [warning] [Decorations] CAPPING events from decorations provider vscode.git 4974
2025-05-17 22:39:31.601 [warning] [Decorations] CAPPING events from decorations provider vscode.git 4973
2025-05-17 22:39:36.720 [warning] [Decorations] CAPPING events from decorations provider vscode.git 4973
2025-05-17 22:39:41.896 [warning] [Decorations] CAPPING events from decorations provider vscode.git 4975
2025-05-17 22:39:47.056 [warning] [Decorations] CAPPING events from decorations provider vscode.git 4975
2025-05-17 22:39:52.729 [warning] [Decorations] CAPPING events from decorations provider vscode.git 4975
2025-05-17 22:39:57.834 [warning] [Decorations] CAPPING events from decorations provider vscode.git 4975
2025-05-17 22:40:02.965 [warning] [Decorations] CAPPING events from decorations provider vscode.git 4975
2025-05-17 22:40:08.102 [warning] [Decorations] CAPPING events from decorations provider vscode.git 4975
2025-05-17 22:40:13.206 [warning] [Decorations] CAPPING events from decorations provider vscode.git 4975
2025-05-17 22:40:18.317 [warning] [Decorations] CAPPING events from decorations provider vscode.git 4975
2025-05-17 22:40:23.437 [warning] [Decorations] CAPPING events from decorations provider vscode.git 4975
2025-05-17 22:40:53.855 [warning] [Decorations] CAPPING events from decorations provider vscode.git 4976
2025-05-17 22:40:58.977 [warning] [Decorations] CAPPING events from decorations provider vscode.git 4976
2025-05-17 22:41:04.131 [warning] [Decorations] CAPPING events from decorations provider vscode.git 4976
2025-05-17 22:41:09.253 [warning] [Decorations] CAPPING events from decorations provider vscode.git 4976
2025-05-17 22:43:10.538 [warning] [Decorations] CAPPING events from decorations provider vscode.git 4976
2025-05-17 22:43:15.645 [warning] [Decorations] CAPPING events from decorations provider vscode.git 4976
2025-05-17 22:43:20.796 [warning] [Decorations] CAPPING events from decorations provider vscode.git 4976
2025-05-17 22:43:25.913 [warning] [Decorations] CAPPING events from decorations provider vscode.git 4976
2025-05-17 22:43:31.112 [warning] [Decorations] CAPPING events from decorations provider vscode.git 4976
2025-05-17 22:43:36.290 [warning] [Decorations] CAPPING events from decorations provider vscode.git 4976
2025-05-17 22:43:41.423 [warning] [Decorations] CAPPING events from decorations provider vscode.git 4976
2025-05-17 22:43:46.536 [warning] [Decorations] CAPPING events from decorations provider vscode.git 4976
2025-05-17 22:43:53.154 [warning] [Decorations] CAPPING events from decorations provider vscode.git 4976
2025-05-17 22:43:58.259 [warning] [Decorations] CAPPING events from decorations provider vscode.git 4976
2025-05-17 22:44:03.359 [warning] [Decorations] CAPPING events from decorations provider vscode.git 4976
2025-05-17 22:44:08.468 [warning] [Decorations] CAPPING events from decorations provider vscode.git 4976
2025-05-17 22:44:13.624 [warning] [Decorations] CAPPING events from decorations provider vscode.git 4976
2025-05-17 22:44:18.739 [warning] [Decorations] CAPPING events from decorations provider vscode.git 4976
2025-05-17 22:44:23.847 [warning] [Decorations] CAPPING events from decorations provider vscode.git 4976
2025-05-17 22:44:28.957 [warning] [Decorations] CAPPING events from decorations provider vscode.git 4976
2025-05-17 22:44:34.053 [warning] [Decorations] CAPPING events from decorations provider vscode.git 4976
2025-05-17 22:44:39.228 [warning] [Decorations] CAPPING events from decorations provider vscode.git 4976
2025-05-17 22:44:44.385 [warning] [Decorations] CAPPING events from decorations provider vscode.git 4976
2025-05-17 22:44:49.508 [warning] [Decorations] CAPPING events from decorations provider vscode.git 4976
2025-05-17 22:44:54.626 [warning] [Decorations] CAPPING events from decorations provider vscode.git 4976
2025-05-17 22:45:01.215 [warning] [Decorations] CAPPING events from decorations provider vscode.git 4979
2025-05-17 22:45:06.336 [warning] [Decorations] CAPPING events from decorations provider vscode.git 4979
2025-05-17 22:45:11.484 [warning] [Decorations] CAPPING events from decorations provider vscode.git 4976
2025-05-17 22:45:16.614 [warning] [Decorations] CAPPING events from decorations provider vscode.git 4978
2025-05-17 22:45:21.764 [warning] [Decorations] CAPPING events from decorations provider vscode.git 4978
2025-05-17 22:45:26.909 [warning] [Decorations] CAPPING events from decorations provider vscode.git 4978
2025-05-17 22:45:32.027 [warning] [Decorations] CAPPING events from decorations provider vscode.git 4978
2025-05-17 22:45:37.158 [warning] [Decorations] CAPPING events from decorations provider vscode.git 4978
2025-05-17 22:45:42.780 [warning] [Decorations] CAPPING events from decorations provider vscode.git 4979
2025-05-17 22:45:47.916 [warning] [Decorations] CAPPING events from decorations provider vscode.git 4979
2025-05-17 22:45:53.053 [warning] [Decorations] CAPPING events from decorations provider vscode.git 4979
2025-05-17 22:45:58.891 [warning] [Decorations] CAPPING events from decorations provider vscode.git 4979
2025-05-17 22:46:10.367 [warning] [Decorations] CAPPING events from decorations provider vscode.git 4979
2025-05-17 22:46:22.644 [warning] [Decorations] CAPPING events from decorations provider vscode.git 4979
2025-05-17 22:46:27.752 [warning] [Decorations] CAPPING events from decorations provider vscode.git 4979
2025-05-17 22:46:32.864 [warning] [Decorations] CAPPING events from decorations provider vscode.git 4979
2025-05-17 22:46:38.504 [warning] [Decorations] CAPPING events from decorations provider vscode.git 4980
2025-05-17 22:48:22.455 [warning] [Decorations] CAPPING events from decorations provider vscode.git 4980
2025-05-17 22:48:27.565 [warning] [Decorations] CAPPING events from decorations provider vscode.git 4980
2025-05-17 22:48:32.681 [warning] [Decorations] CAPPING events from decorations provider vscode.git 4980
2025-05-17 22:48:37.852 [warning] [Decorations] CAPPING events from decorations provider vscode.git 4980
2025-05-17 22:48:42.983 [warning] [Decorations] CAPPING events from decorations provider vscode.git 4980
2025-05-17 22:48:48.105 [warning] [Decorations] CAPPING events from decorations provider vscode.git 4980
2025-05-17 22:48:53.220 [warning] [Decorations] CAPPING events from decorations provider vscode.git 4980
2025-05-17 22:48:58.329 [warning] [Decorations] CAPPING events from decorations provider vscode.git 4980
2025-05-17 22:49:03.499 [warning] [Decorations] CAPPING events from decorations provider vscode.git 4980
2025-05-17 22:49:08.627 [warning] [Decorations] CAPPING events from decorations provider vscode.git 4980
2025-05-17 22:49:13.785 [warning] [Decorations] CAPPING events from decorations provider vscode.git 4980
2025-05-17 22:49:19.005 [warning] [Decorations] CAPPING events from decorations provider vscode.git 4980
2025-05-17 22:49:37.661 [warning] [Decorations] CAPPING events from decorations provider vscode.git 4983
2025-05-17 22:49:42.769 [warning] [Decorations] CAPPING events from decorations provider vscode.git 4983
2025-05-17 22:49:47.874 [warning] [Decorations] CAPPING events from decorations provider vscode.git 4983
2025-05-17 22:49:52.980 [warning] [Decorations] CAPPING events from decorations provider vscode.git 4983
2025-05-17 22:49:58.131 [warning] [Decorations] CAPPING events from decorations provider vscode.git 4983
2025-05-17 22:50:03.311 [warning] [Decorations] CAPPING events from decorations provider vscode.git 4983
2025-05-17 22:50:08.420 [warning] [Decorations] CAPPING events from decorations provider vscode.git 4983
2025-05-17 22:50:13.543 [warning] [Decorations] CAPPING events from decorations provider vscode.git 4983
2025-05-17 22:50:18.648 [warning] [Decorations] CAPPING events from decorations provider vscode.git 4983
2025-05-17 22:50:31.662 [warning] [Decorations] CAPPING events from decorations provider vscode.git 4986
2025-05-17 22:50:36.830 [warning] [Decorations] CAPPING events from decorations provider vscode.git 4986
2025-05-17 22:50:41.949 [warning] [Decorations] CAPPING events from decorations provider vscode.git 4986
2025-05-17 22:50:47.047 [warning] [Decorations] CAPPING events from decorations provider vscode.git 4986
2025-05-17 22:50:52.245 [warning] [Decorations] CAPPING events from decorations provider vscode.git 4986
2025-05-17 22:50:57.356 [warning] [Decorations] CAPPING events from decorations provider vscode.git 4986
2025-05-17 22:51:02.455 [warning] [Decorations] CAPPING events from decorations provider vscode.git 4986
2025-05-17 22:51:07.557 [warning] [Decorations] CAPPING events from decorations provider vscode.git 4986
2025-05-17 22:51:12.692 [warning] [Decorations] CAPPING events from decorations provider vscode.git 4986
2025-05-17 22:51:17.802 [warning] [Decorations] CAPPING events from decorations provider vscode.git 4986
2025-05-17 22:51:23.002 [warning] [Decorations] CAPPING events from decorations provider vscode.git 4989
2025-05-17 22:51:28.114 [warning] [Decorations] CAPPING events from decorations provider vscode.git 4989
2025-05-17 22:51:33.228 [warning] [Decorations] CAPPING events from decorations provider vscode.git 4989
2025-05-17 22:51:38.386 [warning] [Decorations] CAPPING events from decorations provider vscode.git 4989
2025-05-17 22:51:43.503 [warning] [Decorations] CAPPING events from decorations provider vscode.git 4989
2025-05-17 22:53:03.822 [warning] [Decorations] CAPPING events from decorations provider vscode.git 4989
2025-05-17 22:53:09.047 [warning] [Decorations] CAPPING events from decorations provider vscode.git 4989
2025-05-17 22:53:14.173 [warning] [Decorations] CAPPING events from decorations provider vscode.git 4989
2025-05-17 22:53:19.830 [warning] [Decorations] CAPPING events from decorations provider vscode.git 4989
2025-05-17 22:53:24.956 [warning] [Decorations] CAPPING events from decorations provider vscode.git 4989
2025-05-17 22:53:30.067 [warning] [Decorations] CAPPING events from decorations provider vscode.git 4989
2025-05-17 22:53:35.190 [warning] [Decorations] CAPPING events from decorations provider vscode.git 4989
2025-05-17 22:53:40.833 [warning] [Decorations] CAPPING events from decorations provider vscode.git 4992
2025-05-17 22:53:45.963 [warning] [Decorations] CAPPING events from decorations provider vscode.git 4992
2025-05-17 22:53:51.079 [warning] [Decorations] CAPPING events from decorations provider vscode.git 4991
2025-05-17 22:53:56.229 [warning] [Decorations] CAPPING events from decorations provider vscode.git 4992
2025-05-17 22:54:01.381 [warning] [Decorations] CAPPING events from decorations provider vscode.git 4992
2025-05-17 22:54:06.489 [warning] [Decorations] CAPPING events from decorations provider vscode.git 4992
2025-05-17 22:54:11.600 [warning] [Decorations] CAPPING events from decorations provider vscode.git 4992
2025-05-17 22:54:16.713 [warning] [Decorations] CAPPING events from decorations provider vscode.git 4992
2025-05-17 22:54:22.348 [warning] [Decorations] CAPPING events from decorations provider vscode.git 4992
2025-05-17 22:54:27.487 [warning] [Decorations] CAPPING events from decorations provider vscode.git 4993
2025-05-17 22:54:32.671 [warning] [Decorations] CAPPING events from decorations provider vscode.git 4993
2025-05-17 22:54:37.788 [warning] [Decorations] CAPPING events from decorations provider vscode.git 4993
2025-05-17 22:54:42.960 [warning] [Decorations] CAPPING events from decorations provider vscode.git 4993
2025-05-17 22:54:48.126 [warning] [Decorations] CAPPING events from decorations provider vscode.git 4993
2025-05-17 22:54:53.243 [warning] [Decorations] CAPPING events from decorations provider vscode.git 4993
2025-05-17 22:54:58.437 [warning] [Decorations] CAPPING events from decorations provider vscode.git 4993
2025-05-17 22:55:03.608 [warning] [Decorations] CAPPING events from decorations provider vscode.git 4993
2025-05-17 22:55:12.495 [warning] [Decorations] CAPPING events from decorations provider vscode.git 4993
2025-05-17 22:55:17.603 [warning] [Decorations] CAPPING events from decorations provider vscode.git 4994
2025-05-17 22:55:22.716 [warning] [Decorations] CAPPING events from decorations provider vscode.git 4994
2025-05-17 22:55:27.845 [warning] [Decorations] CAPPING events from decorations provider vscode.git 4994
2025-05-17 22:55:32.960 [warning] [Decorations] CAPPING events from decorations provider vscode.git 4994
2025-05-17 22:55:38.097 [warning] [Decorations] CAPPING events from decorations provider vscode.git 4995
2025-05-17 22:55:43.235 [warning] [Decorations] CAPPING events from decorations provider vscode.git 4995
2025-05-17 22:55:48.353 [warning] [Decorations] CAPPING events from decorations provider vscode.git 4995
2025-05-17 22:55:53.549 [warning] [Decorations] CAPPING events from decorations provider vscode.git 4995
2025-05-17 22:56:02.138 [warning] [Decorations] CAPPING events from decorations provider vscode.git 4995
2025-05-17 22:56:07.274 [warning] [Decorations] CAPPING events from decorations provider vscode.git 4995
2025-05-17 22:56:12.384 [warning] [Decorations] CAPPING events from decorations provider vscode.git 4995
2025-05-17 22:56:17.508 [warning] [Decorations] CAPPING events from decorations provider vscode.git 4995
2025-05-17 22:56:22.609 [warning] [Decorations] CAPPING events from decorations provider vscode.git 4995
2025-05-17 22:56:27.813 [warning] [Decorations] CAPPING events from decorations provider vscode.git 4995
2025-05-17 22:56:32.923 [warning] [Decorations] CAPPING events from decorations provider vscode.git 4995
2025-05-17 22:56:38.563 [warning] [Decorations] CAPPING events from decorations provider vscode.git 4995
2025-05-17 22:56:43.689 [warning] [Decorations] CAPPING events from decorations provider vscode.git 4995
2025-05-17 22:56:48.874 [warning] [Decorations] CAPPING events from decorations provider vscode.git 4995
2025-05-17 22:56:54.044 [warning] [Decorations] CAPPING events from decorations provider vscode.git 4995
2025-05-17 22:56:59.172 [warning] [Decorations] CAPPING events from decorations provider vscode.git 4995
2025-05-17 22:57:04.356 [warning] [Decorations] CAPPING events from decorations provider vscode.git 4995
2025-05-17 22:57:10.010 [warning] [Decorations] CAPPING events from decorations provider vscode.git 4995
2025-05-17 22:57:15.155 [warning] [Decorations] CAPPING events from decorations provider vscode.git 4995
2025-05-17 22:57:20.309 [warning] [Decorations] CAPPING events from decorations provider vscode.git 4995
2025-05-17 22:57:29.620 [warning] [Decorations] CAPPING events from decorations provider vscode.git 4998
2025-05-17 22:57:34.773 [warning] [Decorations] CAPPING events from decorations provider vscode.git 4998
2025-05-17 22:57:39.898 [warning] [Decorations] CAPPING events from decorations provider vscode.git 4998
2025-05-17 22:57:45.040 [warning] [Decorations] CAPPING events from decorations provider vscode.git 4998
2025-05-17 22:57:50.653 [warning] [Decorations] CAPPING events from decorations provider vscode.git 4998
2025-05-17 22:57:55.761 [warning] [Decorations] CAPPING events from decorations provider vscode.git 4998
2025-05-17 22:58:00.980 [warning] [Decorations] CAPPING events from decorations provider vscode.git 4998
2025-05-17 22:58:06.108 [warning] [Decorations] CAPPING events from decorations provider vscode.git 5001
2025-05-17 22:58:11.246 [warning] [Decorations] CAPPING events from decorations provider vscode.git 5001
2025-05-17 22:58:16.944 [warning] [Decorations] CAPPING events from decorations provider vscode.git 5001
2025-05-17 22:58:22.055 [warning] [Decorations] CAPPING events from decorations provider vscode.git 5001
2025-05-17 22:58:27.226 [warning] [Decorations] CAPPING events from decorations provider vscode.git 5002
2025-05-17 22:58:32.345 [warning] [Decorations] CAPPING events from decorations provider vscode.git 5003
2025-05-17 22:58:37.463 [warning] [Decorations] CAPPING events from decorations provider vscode.git 5002
2025-05-17 22:58:42.570 [warning] [Decorations] CAPPING events from decorations provider vscode.git 5003
2025-05-17 22:58:47.697 [warning] [Decorations] CAPPING events from decorations provider vscode.git 5003
2025-05-17 22:58:52.830 [warning] [Decorations] CAPPING events from decorations provider vscode.git 5003
2025-05-17 22:58:57.947 [warning] [Decorations] CAPPING events from decorations provider vscode.git 5003
2025-05-17 22:59:03.169 [warning] [Decorations] CAPPING events from decorations provider vscode.git 5003
2025-05-17 22:59:08.284 [warning] [Decorations] CAPPING events from decorations provider vscode.git 5003
2025-05-17 22:59:23.003 [warning] [Decorations] CAPPING events from decorations provider vscode.git 5003
2025-05-17 22:59:28.134 [warning] [Decorations] CAPPING events from decorations provider vscode.git 5002
2025-05-17 22:59:33.298 [warning] [Decorations] CAPPING events from decorations provider vscode.git 5003
2025-05-17 22:59:38.496 [warning] [Decorations] CAPPING events from decorations provider vscode.git 5003
2025-05-17 22:59:43.605 [warning] [Decorations] CAPPING events from decorations provider vscode.git 5003
2025-05-17 22:59:51.248 [warning] [Decorations] CAPPING events from decorations provider vscode.git 5004
2025-05-17 22:59:56.443 [warning] [Decorations] CAPPING events from decorations provider vscode.git 5004
2025-05-17 23:00:15.682 [warning] [Decorations] CAPPING events from decorations provider vscode.git 5004
2025-05-17 23:00:20.791 [warning] [Decorations] CAPPING events from decorations provider vscode.git 5004
2025-05-17 23:00:25.910 [warning] [Decorations] CAPPING events from decorations provider vscode.git 5005
2025-05-17 23:00:31.025 [warning] [Decorations] CAPPING events from decorations provider vscode.git 5005
2025-05-17 23:00:36.133 [warning] [Decorations] CAPPING events from decorations provider vscode.git 5006
2025-05-17 23:01:01.617 [warning] [Decorations] CAPPING events from decorations provider vscode.git 5006
2025-05-17 23:01:06.728 [warning] [Decorations] CAPPING events from decorations provider vscode.git 5006
2025-05-17 23:01:11.830 [warning] [Decorations] CAPPING events from decorations provider vscode.git 5006
2025-05-17 23:01:19.858 [warning] [Decorations] CAPPING events from decorations provider vscode.git 5006
2025-05-17 23:01:24.968 [warning] [Decorations] CAPPING events from decorations provider vscode.git 5006
2025-05-17 23:01:30.074 [warning] [Decorations] CAPPING events from decorations provider vscode.git 5006
2025-05-17 23:01:35.318 [warning] [Decorations] CAPPING events from decorations provider vscode.git 5006
2025-05-17 23:01:40.436 [warning] [Decorations] CAPPING events from decorations provider vscode.git 5006
2025-05-17 23:01:45.578 [warning] [Decorations] CAPPING events from decorations provider vscode.git 5006
2025-05-17 23:01:50.688 [warning] [Decorations] CAPPING events from decorations provider vscode.git 5006
2025-05-17 23:01:55.805 [warning] [Decorations] CAPPING events from decorations provider vscode.git 5006
2025-05-17 23:02:00.944 [warning] [Decorations] CAPPING events from decorations provider vscode.git 5006
2025-05-17 23:02:06.656 [warning] [Decorations] CAPPING events from decorations provider vscode.git 5006
2025-05-17 23:02:11.787 [warning] [Decorations] CAPPING events from decorations provider vscode.git 5006
2025-05-17 23:02:16.897 [warning] [Decorations] CAPPING events from decorations provider vscode.git 5006
2025-05-17 23:02:22.017 [warning] [Decorations] CAPPING events from decorations provider vscode.git 5006
2025-05-17 23:02:27.128 [warning] [Decorations] CAPPING events from decorations provider vscode.git 5006
2025-05-17 23:02:32.255 [warning] [Decorations] CAPPING events from decorations provider vscode.git 5006
2025-05-17 23:02:37.365 [warning] [Decorations] CAPPING events from decorations provider vscode.git 5006
2025-05-17 23:02:42.551 [warning] [Decorations] CAPPING events from decorations provider vscode.git 5006
2025-05-17 23:02:47.670 [warning] [Decorations] CAPPING events from decorations provider vscode.git 5006
2025-05-17 23:02:52.770 [warning] [Decorations] CAPPING events from decorations provider vscode.git 5006
2025-05-17 23:02:57.924 [warning] [Decorations] CAPPING events from decorations provider vscode.git 5006
2025-05-17 23:03:03.051 [warning] [Decorations] CAPPING events from decorations provider vscode.git 5006
2025-05-17 23:03:08.236 [warning] [Decorations] CAPPING events from decorations provider vscode.git 5006
2025-05-17 23:03:13.366 [warning] [Decorations] CAPPING events from decorations provider vscode.git 5006
2025-05-17 23:03:18.485 [warning] [Decorations] CAPPING events from decorations provider vscode.git 5006
2025-05-17 23:03:23.625 [warning] [Decorations] CAPPING events from decorations provider vscode.git 5006
2025-05-17 23:03:28.754 [warning] [Decorations] CAPPING events from decorations provider vscode.git 5006
2025-05-17 23:03:33.874 [warning] [Decorations] CAPPING events from decorations provider vscode.git 5006
2025-05-17 23:03:39.022 [warning] [Decorations] CAPPING events from decorations provider vscode.git 5006
2025-05-17 23:03:44.145 [warning] [Decorations] CAPPING events from decorations provider vscode.git 5006
2025-05-17 23:03:49.255 [warning] [Decorations] CAPPING events from decorations provider vscode.git 5006
2025-05-17 23:03:54.407 [warning] [Decorations] CAPPING events from decorations provider vscode.git 5006
2025-05-17 23:03:59.549 [warning] [Decorations] CAPPING events from decorations provider vscode.git 5006
2025-05-17 23:04:04.672 [warning] [Decorations] CAPPING events from decorations provider vscode.git 5006
2025-05-17 23:04:09.805 [warning] [Decorations] CAPPING events from decorations provider vscode.git 5006
2025-05-17 23:04:14.924 [warning] [Decorations] CAPPING events from decorations provider vscode.git 5006
2025-05-17 23:04:20.106 [warning] [Decorations] CAPPING events from decorations provider vscode.git 5006
2025-05-17 23:04:25.298 [warning] [Decorations] CAPPING events from decorations provider vscode.git 5006
2025-05-17 23:04:30.482 [warning] [Decorations] CAPPING events from decorations provider vscode.git 5006
2025-05-17 23:04:35.630 [warning] [Decorations] CAPPING events from decorations provider vscode.git 5006
2025-05-17 23:04:40.741 [warning] [Decorations] CAPPING events from decorations provider vscode.git 5006
2025-05-17 23:04:45.866 [warning] [Decorations] CAPPING events from decorations provider vscode.git 5006
2025-05-17 23:04:51.002 [warning] [Decorations] CAPPING events from decorations provider vscode.git 5006
2025-05-17 23:04:56.151 [warning] [Decorations] CAPPING events from decorations provider vscode.git 5006
2025-05-17 23:05:01.284 [warning] [Decorations] CAPPING events from decorations provider vscode.git 5006
2025-05-17 23:05:06.391 [warning] [Decorations] CAPPING events from decorations provider vscode.git 5006
2025-05-17 23:05:11.530 [warning] [Decorations] CAPPING events from decorations provider vscode.git 5006
2025-05-17 23:05:16.661 [warning] [Decorations] CAPPING events from decorations provider vscode.git 5006
2025-05-17 23:05:21.783 [warning] [Decorations] CAPPING events from decorations provider vscode.git 5006
2025-05-17 23:05:27.450 [warning] [Decorations] CAPPING events from decorations provider vscode.git 5006
2025-05-17 23:05:32.588 [warning] [Decorations] CAPPING events from decorations provider vscode.git 5006
2025-05-17 23:05:37.730 [warning] [Decorations] CAPPING events from decorations provider vscode.git 5006
2025-05-17 23:05:42.881 [warning] [Decorations] CAPPING events from decorations provider vscode.git 5006
2025-05-17 23:05:47.996 [warning] [Decorations] CAPPING events from decorations provider vscode.git 5006
2025-05-17 23:05:54.636 [warning] [Decorations] CAPPING events from decorations provider vscode.git 5006
2025-05-17 23:05:59.779 [warning] [Decorations] CAPPING events from decorations provider vscode.git 5006
2025-05-17 23:06:04.916 [warning] [Decorations] CAPPING events from decorations provider vscode.git 5006
2025-05-17 23:06:10.044 [warning] [Decorations] CAPPING events from decorations provider vscode.git 5006
2025-05-17 23:06:15.268 [warning] [Decorations] CAPPING events from decorations provider vscode.git 5006
2025-05-17 23:06:20.415 [warning] [Decorations] CAPPING events from decorations provider vscode.git 5006
2025-05-17 23:06:25.524 [warning] [Decorations] CAPPING events from decorations provider vscode.git 5006
2025-05-17 23:06:30.657 [warning] [Decorations] CAPPING events from decorations provider vscode.git 5006
2025-05-17 23:06:36.331 [warning] [Decorations] CAPPING events from decorations provider vscode.git 5006
2025-05-17 23:06:41.509 [warning] [Decorations] CAPPING events from decorations provider vscode.git 5006
2025-05-17 23:06:46.672 [warning] [Decorations] CAPPING events from decorations provider vscode.git 5006
2025-05-17 23:06:51.794 [warning] [Decorations] CAPPING events from decorations provider vscode.git 5006
2025-05-17 23:06:56.989 [warning] [Decorations] CAPPING events from decorations provider vscode.git 5006
2025-05-17 23:07:02.133 [warning] [Decorations] CAPPING events from decorations provider vscode.git 5006
2025-05-17 23:07:07.842 [warning] [Decorations] CAPPING events from decorations provider vscode.git 5006
2025-05-17 23:07:13.060 [warning] [Decorations] CAPPING events from decorations provider vscode.git 5006
2025-05-17 23:07:18.184 [warning] [Decorations] CAPPING events from decorations provider vscode.git 5006
2025-05-17 23:07:23.290 [warning] [Decorations] CAPPING events from decorations provider vscode.git 5006
2025-05-17 23:07:28.506 [warning] [Decorations] CAPPING events from decorations provider vscode.git 5006
2025-05-17 23:07:33.611 [warning] [Decorations] CAPPING events from decorations provider vscode.git 5006
2025-05-17 23:07:40.223 [warning] [Decorations] CAPPING events from decorations provider vscode.git 5006
2025-05-17 23:07:45.361 [warning] [Decorations] CAPPING events from decorations provider vscode.git 5006
2025-05-17 23:07:50.484 [warning] [Decorations] CAPPING events from decorations provider vscode.git 5006
2025-05-17 23:07:55.602 [warning] [Decorations] CAPPING events from decorations provider vscode.git 5006
2025-05-17 23:08:00.761 [warning] [Decorations] CAPPING events from decorations provider vscode.git 5006
2025-05-17 23:08:06.499 [warning] [Decorations] CAPPING events from decorations provider vscode.git 5006
2025-05-17 23:08:11.612 [warning] [Decorations] CAPPING events from decorations provider vscode.git 5006
2025-05-17 23:08:16.791 [warning] [Decorations] CAPPING events from decorations provider vscode.git 5006
2025-05-17 23:08:21.923 [warning] [Decorations] CAPPING events from decorations provider vscode.git 5006
2025-05-17 23:08:27.030 [warning] [Decorations] CAPPING events from decorations provider vscode.git 5006
2025-05-17 23:08:32.148 [warning] [Decorations] CAPPING events from decorations provider vscode.git 5006
2025-05-17 23:08:38.799 [warning] [Decorations] CAPPING events from decorations provider vscode.git 5006
2025-05-17 23:08:43.920 [warning] [Decorations] CAPPING events from decorations provider vscode.git 5006
2025-05-17 23:08:49.031 [warning] [Decorations] CAPPING events from decorations provider vscode.git 5006
2025-05-17 23:08:54.161 [warning] [Decorations] CAPPING events from decorations provider vscode.git 5006
2025-05-17 23:08:59.283 [warning] [Decorations] CAPPING events from decorations provider vscode.git 5006
2025-05-17 23:09:04.426 [warning] [Decorations] CAPPING events from decorations provider vscode.git 5006
2025-05-17 23:09:09.551 [warning] [Decorations] CAPPING events from decorations provider vscode.git 5006
2025-05-17 23:09:14.688 [warning] [Decorations] CAPPING events from decorations provider vscode.git 5006
2025-05-17 23:09:19.816 [warning] [Decorations] CAPPING events from decorations provider vscode.git 5006
2025-05-17 23:09:25.489 [warning] [Decorations] CAPPING events from decorations provider vscode.git 5006
2025-05-17 23:09:30.612 [warning] [Decorations] CAPPING events from decorations provider vscode.git 5006
2025-05-17 23:09:35.727 [warning] [Decorations] CAPPING events from decorations provider vscode.git 5006
2025-05-17 23:09:40.924 [warning] [Decorations] CAPPING events from decorations provider vscode.git 5006
2025-05-17 23:09:46.036 [warning] [Decorations] CAPPING events from decorations provider vscode.git 5006
2025-05-17 23:09:51.162 [warning] [Decorations] CAPPING events from decorations provider vscode.git 5006
2025-05-17 23:09:56.344 [warning] [Decorations] CAPPING events from decorations provider vscode.git 5006
2025-05-17 23:10:01.475 [warning] [Decorations] CAPPING events from decorations provider vscode.git 5006
2025-05-17 23:10:06.625 [warning] [Decorations] CAPPING events from decorations provider vscode.git 5006
2025-05-17 23:10:11.780 [warning] [Decorations] CAPPING events from decorations provider vscode.git 5006
2025-05-17 23:10:16.913 [warning] [Decorations] CAPPING events from decorations provider vscode.git 5006
2025-05-17 23:10:22.045 [warning] [Decorations] CAPPING events from decorations provider vscode.git 5006
2025-05-17 23:10:27.166 [warning] [Decorations] CAPPING events from decorations provider vscode.git 5006
2025-05-17 23:10:32.327 [warning] [Decorations] CAPPING events from decorations provider vscode.git 5006
2025-05-17 23:10:37.509 [warning] [Decorations] CAPPING events from decorations provider vscode.git 5006
2025-05-17 23:10:43.127 [warning] [Decorations] CAPPING events from decorations provider vscode.git 5006
2025-05-17 23:10:48.309 [warning] [Decorations] CAPPING events from decorations provider vscode.git 5006
2025-05-17 23:10:53.431 [warning] [Decorations] CAPPING events from decorations provider vscode.git 5006
2025-05-17 23:10:58.545 [warning] [Decorations] CAPPING events from decorations provider vscode.git 5006
2025-05-17 23:11:03.671 [warning] [Decorations] CAPPING events from decorations provider vscode.git 5006
2025-05-17 23:11:08.833 [warning] [Decorations] CAPPING events from decorations provider vscode.git 5006
2025-05-17 23:11:14.045 [warning] [Decorations] CAPPING events from decorations provider vscode.git 5006
2025-05-17 23:11:19.185 [warning] [Decorations] CAPPING events from decorations provider vscode.git 5006
2025-05-17 23:11:25.801 [warning] [Decorations] CAPPING events from decorations provider vscode.git 5006
2025-05-17 23:11:30.915 [warning] [Decorations] CAPPING events from decorations provider vscode.git 5006
2025-05-17 23:11:36.039 [warning] [Decorations] CAPPING events from decorations provider vscode.git 5006
2025-05-17 23:11:41.166 [warning] [Decorations] CAPPING events from decorations provider vscode.git 5006
2025-05-17 23:11:46.302 [warning] [Decorations] CAPPING events from decorations provider vscode.git 5006
2025-05-17 23:11:51.434 [warning] [Decorations] CAPPING events from decorations provider vscode.git 5006
2025-05-17 23:11:56.557 [warning] [Decorations] CAPPING events from decorations provider vscode.git 5006
2025-05-17 23:12:01.681 [warning] [Decorations] CAPPING events from decorations provider vscode.git 5006
2025-05-17 23:12:06.814 [warning] [Decorations] CAPPING events from decorations provider vscode.git 5006
2025-05-17 23:12:11.977 [warning] [Decorations] CAPPING events from decorations provider vscode.git 5006
2025-05-17 23:12:17.096 [warning] [Decorations] CAPPING events from decorations provider vscode.git 5006
2025-05-17 23:12:22.264 [warning] [Decorations] CAPPING events from decorations provider vscode.git 5006
2025-05-17 23:12:27.455 [warning] [Decorations] CAPPING events from decorations provider vscode.git 5006
2025-05-17 23:12:32.567 [warning] [Decorations] CAPPING events from decorations provider vscode.git 5006
2025-05-17 23:12:37.673 [warning] [Decorations] CAPPING events from decorations provider vscode.git 5006
2025-05-17 23:12:42.798 [warning] [Decorations] CAPPING events from decorations provider vscode.git 5006
2025-05-17 23:12:47.897 [warning] [Decorations] CAPPING events from decorations provider vscode.git 5006
2025-05-17 23:12:53.035 [warning] [Decorations] CAPPING events from decorations provider vscode.git 5006
2025-05-17 23:12:58.153 [warning] [Decorations] CAPPING events from decorations provider vscode.git 5006
2025-05-17 23:13:05.824 [warning] [Decorations] CAPPING events from decorations provider vscode.git 5006
2025-05-17 23:13:10.962 [warning] [Decorations] CAPPING events from decorations provider vscode.git 5006
2025-05-17 23:13:16.071 [warning] [Decorations] CAPPING events from decorations provider vscode.git 5006
2025-05-17 23:13:21.205 [warning] [Decorations] CAPPING events from decorations provider vscode.git 5006
2025-05-17 23:13:27.977 [warning] [Decorations] CAPPING events from decorations provider vscode.git 5006
2025-05-17 23:13:33.101 [warning] [Decorations] CAPPING events from decorations provider vscode.git 5006
2025-05-17 23:13:38.225 [warning] [Decorations] CAPPING events from decorations provider vscode.git 5006
2025-05-17 23:13:43.368 [warning] [Decorations] CAPPING events from decorations provider vscode.git 5006
2025-05-17 23:13:48.492 [warning] [Decorations] CAPPING events from decorations provider vscode.git 5006
2025-05-17 23:13:53.603 [warning] [Decorations] CAPPING events from decorations provider vscode.git 5006
2025-05-17 23:13:58.741 [warning] [Decorations] CAPPING events from decorations provider vscode.git 5006
2025-05-17 23:14:03.933 [warning] [Decorations] CAPPING events from decorations provider vscode.git 5006
2025-05-17 23:14:09.077 [warning] [Decorations] CAPPING events from decorations provider vscode.git 5006
2025-05-17 23:14:14.185 [warning] [Decorations] CAPPING events from decorations provider vscode.git 5006
2025-05-17 23:14:19.379 [warning] [Decorations] CAPPING events from decorations provider vscode.git 5006
2025-05-17 23:14:24.509 [warning] [Decorations] CAPPING events from decorations provider vscode.git 5006
2025-05-17 23:14:29.631 [warning] [Decorations] CAPPING events from decorations provider vscode.git 5006
2025-05-17 23:14:34.757 [warning] [Decorations] CAPPING events from decorations provider vscode.git 5006
2025-05-17 23:14:40.414 [warning] [Decorations] CAPPING events from decorations provider vscode.git 5006
2025-05-17 23:14:45.541 [warning] [Decorations] CAPPING events from decorations provider vscode.git 5006
2025-05-17 23:14:50.675 [warning] [Decorations] CAPPING events from decorations provider vscode.git 5006
2025-05-17 23:14:55.783 [warning] [Decorations] CAPPING events from decorations provider vscode.git 5006
2025-05-17 23:15:00.896 [warning] [Decorations] CAPPING events from decorations provider vscode.git 5006
2025-05-17 23:15:06.088 [warning] [Decorations] CAPPING events from decorations provider vscode.git 5006
2025-05-17 23:15:11.283 [warning] [Decorations] CAPPING events from decorations provider vscode.git 5006
2025-05-17 23:15:16.407 [warning] [Decorations] CAPPING events from decorations provider vscode.git 5006
2025-05-17 23:15:21.535 [warning] [Decorations] CAPPING events from decorations provider vscode.git 5006
2025-05-17 23:15:26.673 [warning] [Decorations] CAPPING events from decorations provider vscode.git 5006
2025-05-17 23:15:31.796 [warning] [Decorations] CAPPING events from decorations provider vscode.git 5006
2025-05-17 23:15:36.931 [warning] [Decorations] CAPPING events from decorations provider vscode.git 5006
2025-05-17 23:15:42.056 [warning] [Decorations] CAPPING events from decorations provider vscode.git 5006
2025-05-17 23:15:48.675 [warning] [Decorations] CAPPING events from decorations provider vscode.git 5006
2025-05-17 23:15:53.813 [warning] [Decorations] CAPPING events from decorations provider vscode.git 5006
2025-05-17 23:15:59.009 [warning] [Decorations] CAPPING events from decorations provider vscode.git 5006
2025-05-17 23:16:04.135 [warning] [Decorations] CAPPING events from decorations provider vscode.git 5006
2025-05-17 23:16:09.264 [warning] [Decorations] CAPPING events from decorations provider vscode.git 5006
2025-05-17 23:16:15.953 [warning] [Decorations] CAPPING events from decorations provider vscode.git 5006
2025-05-17 23:16:21.085 [warning] [Decorations] CAPPING events from decorations provider vscode.git 5006
2025-05-17 23:16:26.295 [warning] [Decorations] CAPPING events from decorations provider vscode.git 5006
2025-05-17 23:16:31.436 [warning] [Decorations] CAPPING events from decorations provider vscode.git 5006
2025-05-17 23:16:36.618 [warning] [Decorations] CAPPING events from decorations provider vscode.git 5006
2025-05-17 23:16:41.730 [warning] [Decorations] CAPPING events from decorations provider vscode.git 5006
2025-05-17 23:16:46.891 [warning] [Decorations] CAPPING events from decorations provider vscode.git 5006
2025-05-17 23:16:52.032 [warning] [Decorations] CAPPING events from decorations provider vscode.git 5006
2025-05-17 23:16:57.225 [warning] [Decorations] CAPPING events from decorations provider vscode.git 5006
2025-05-17 23:17:02.390 [warning] [Decorations] CAPPING events from decorations provider vscode.git 5006
2025-05-17 23:17:07.531 [warning] [Decorations] CAPPING events from decorations provider vscode.git 5006
2025-05-17 23:17:12.773 [warning] [Decorations] CAPPING events from decorations provider vscode.git 5006
2025-05-17 23:17:17.922 [warning] [Decorations] CAPPING events from decorations provider vscode.git 5006
2025-05-17 23:17:23.056 [warning] [Decorations] CAPPING events from decorations provider vscode.git 5006
2025-05-17 23:17:28.209 [warning] [Decorations] CAPPING events from decorations provider vscode.git 5006
2025-05-17 23:17:33.372 [warning] [Decorations] CAPPING events from decorations provider vscode.git 5006
2025-05-17 23:17:38.480 [warning] [Decorations] CAPPING events from decorations provider vscode.git 5006
2025-05-17 23:17:43.613 [warning] [Decorations] CAPPING events from decorations provider vscode.git 5006
2025-05-17 23:17:48.723 [warning] [Decorations] CAPPING events from decorations provider vscode.git 5006
2025-05-17 23:17:55.406 [warning] [Decorations] CAPPING events from decorations provider vscode.git 5006
2025-05-17 23:18:00.546 [warning] [Decorations] CAPPING events from decorations provider vscode.git 5006
2025-05-17 23:18:05.663 [warning] [Decorations] CAPPING events from decorations provider vscode.git 5006
2025-05-17 23:18:10.851 [warning] [Decorations] CAPPING events from decorations provider vscode.git 5006
2025-05-17 23:18:16.083 [warning] [Decorations] CAPPING events from decorations provider vscode.git 5006
2025-05-17 23:18:21.194 [warning] [Decorations] CAPPING events from decorations provider vscode.git 5006
2025-05-17 23:18:26.322 [warning] [Decorations] CAPPING events from decorations provider vscode.git 5006
2025-05-17 23:18:31.431 [warning] [Decorations] CAPPING events from decorations provider vscode.git 5006
2025-05-17 23:18:36.573 [warning] [Decorations] CAPPING events from decorations provider vscode.git 5006
2025-05-17 23:18:41.812 [warning] [Decorations] CAPPING events from decorations provider vscode.git 5006
2025-05-17 23:18:46.966 [warning] [Decorations] CAPPING events from decorations provider vscode.git 5006
2025-05-17 23:18:52.076 [warning] [Decorations] CAPPING events from decorations provider vscode.git 5006
2025-05-17 23:18:57.205 [warning] [Decorations] CAPPING events from decorations provider vscode.git 5006
2025-05-17 23:19:02.332 [warning] [Decorations] CAPPING events from decorations provider vscode.git 5006
2025-05-17 23:19:07.468 [warning] [Decorations] CAPPING events from decorations provider vscode.git 5006
2025-05-17 23:19:12.632 [warning] [Decorations] CAPPING events from decorations provider vscode.git 5006
2025-05-17 23:19:17.762 [warning] [Decorations] CAPPING events from decorations provider vscode.git 5006
2025-05-17 23:19:22.905 [warning] [Decorations] CAPPING events from decorations provider vscode.git 5006
2025-05-17 23:19:28.022 [warning] [Decorations] CAPPING events from decorations provider vscode.git 5006
2025-05-17 23:19:33.139 [warning] [Decorations] CAPPING events from decorations provider vscode.git 5006
2025-05-17 23:19:38.252 [warning] [Decorations] CAPPING events from decorations provider vscode.git 5006
2025-05-17 23:19:43.459 [warning] [Decorations] CAPPING events from decorations provider vscode.git 5006
2025-05-17 23:19:48.585 [warning] [Decorations] CAPPING events from decorations provider vscode.git 5006
2025-05-17 23:19:53.691 [warning] [Decorations] CAPPING events from decorations provider vscode.git 5006
2025-05-17 23:19:58.820 [warning] [Decorations] CAPPING events from decorations provider vscode.git 5006
2025-05-17 23:20:03.932 [warning] [Decorations] CAPPING events from decorations provider vscode.git 5006
2025-05-17 23:20:09.056 [warning] [Decorations] CAPPING events from decorations provider vscode.git 5006
2025-05-17 23:20:14.188 [warning] [Decorations] CAPPING events from decorations provider vscode.git 5006
2025-05-17 23:20:19.296 [warning] [Decorations] CAPPING events from decorations provider vscode.git 5006
2025-05-17 23:20:24.419 [warning] [Decorations] CAPPING events from decorations provider vscode.git 5006
2025-05-17 23:20:29.581 [warning] [Decorations] CAPPING events from decorations provider vscode.git 5006
2025-05-17 23:20:34.713 [warning] [Decorations] CAPPING events from decorations provider vscode.git 5006
2025-05-17 23:20:39.852 [warning] [Decorations] CAPPING events from decorations provider vscode.git 5006
2025-05-17 23:20:44.979 [warning] [Decorations] CAPPING events from decorations provider vscode.git 5006
2025-05-17 23:20:50.133 [warning] [Decorations] CAPPING events from decorations provider vscode.git 5006
2025-05-17 23:20:55.251 [warning] [Decorations] CAPPING events from decorations provider vscode.git 5006
2025-05-17 23:21:00.970 [warning] [Decorations] CAPPING events from decorations provider vscode.git 5006
2025-05-17 23:21:06.122 [warning] [Decorations] CAPPING events from decorations provider vscode.git 5006
2025-05-17 23:21:11.242 [warning] [Decorations] CAPPING events from decorations provider vscode.git 5006
2025-05-17 23:21:16.380 [warning] [Decorations] CAPPING events from decorations provider vscode.git 5006
2025-05-17 23:21:21.532 [warning] [Decorations] CAPPING events from decorations provider vscode.git 5006
2025-05-17 23:21:26.758 [warning] [Decorations] CAPPING events from decorations provider vscode.git 5006
2025-05-17 23:21:31.878 [warning] [Decorations] CAPPING events from decorations provider vscode.git 5006
2025-05-17 23:21:37.008 [warning] [Decorations] CAPPING events from decorations provider vscode.git 5006
2025-05-17 23:21:42.142 [warning] [Decorations] CAPPING events from decorations provider vscode.git 5006
2025-05-17 23:21:47.272 [warning] [Decorations] CAPPING events from decorations provider vscode.git 5006
2025-05-17 23:21:52.431 [warning] [Decorations] CAPPING events from decorations provider vscode.git 5006
2025-05-17 23:21:57.560 [warning] [Decorations] CAPPING events from decorations provider vscode.git 5006
2025-05-17 23:22:02.698 [warning] [Decorations] CAPPING events from decorations provider vscode.git 5006
2025-05-17 23:22:07.827 [warning] [Decorations] CAPPING events from decorations provider vscode.git 5006
2025-05-17 23:22:12.937 [warning] [Decorations] CAPPING events from decorations provider vscode.git 5006
2025-05-17 23:22:18.638 [warning] [Decorations] CAPPING events from decorations provider vscode.git 5006
2025-05-17 23:22:23.757 [warning] [Decorations] CAPPING events from decorations provider vscode.git 5006
2025-05-17 23:22:28.871 [warning] [Decorations] CAPPING events from decorations provider vscode.git 5006
2025-05-17 23:22:33.994 [warning] [Decorations] CAPPING events from decorations provider vscode.git 5006
2025-05-17 23:22:39.136 [warning] [Decorations] CAPPING events from decorations provider vscode.git 5006
2025-05-17 23:22:44.240 [warning] [Decorations] CAPPING events from decorations provider vscode.git 5006
2025-05-17 23:22:50.900 [warning] [Decorations] CAPPING events from decorations provider vscode.git 5006
2025-05-17 23:22:56.027 [warning] [Decorations] CAPPING events from decorations provider vscode.git 5006
2025-05-17 23:23:01.144 [warning] [Decorations] CAPPING events from decorations provider vscode.git 5006
2025-05-17 23:23:06.266 [warning] [Decorations] CAPPING events from decorations provider vscode.git 5006
2025-05-17 23:23:11.457 [warning] [Decorations] CAPPING events from decorations provider vscode.git 5006
2025-05-17 23:23:17.059 [warning] [Decorations] CAPPING events from decorations provider vscode.git 5006
2025-05-17 23:23:22.184 [warning] [Decorations] CAPPING events from decorations provider vscode.git 5006
2025-05-17 23:23:27.315 [warning] [Decorations] CAPPING events from decorations provider vscode.git 5006
2025-05-17 23:23:32.455 [warning] [Decorations] CAPPING events from decorations provider vscode.git 5006
2025-05-17 23:23:37.570 [warning] [Decorations] CAPPING events from decorations provider vscode.git 5006
2025-05-17 23:23:42.701 [warning] [Decorations] CAPPING events from decorations provider vscode.git 5006
2025-05-17 23:23:47.819 [warning] [Decorations] CAPPING events from decorations provider vscode.git 5006
2025-05-17 23:23:53.464 [warning] [Decorations] CAPPING events from decorations provider vscode.git 5006
2025-05-17 23:23:58.602 [warning] [Decorations] CAPPING events from decorations provider vscode.git 5006
2025-05-17 23:24:03.724 [warning] [Decorations] CAPPING events from decorations provider vscode.git 5006
2025-05-17 23:24:08.921 [warning] [Decorations] CAPPING events from decorations provider vscode.git 5006
2025-05-17 23:24:14.033 [warning] [Decorations] CAPPING events from decorations provider vscode.git 5006
2025-05-17 23:24:19.176 [warning] [Decorations] CAPPING events from decorations provider vscode.git 5006
2025-05-17 23:24:25.830 [warning] [Decorations] CAPPING events from decorations provider vscode.git 5006
2025-05-17 23:24:31.040 [warning] [Decorations] CAPPING events from decorations provider vscode.git 5006
2025-05-17 23:24:36.204 [warning] [Decorations] CAPPING events from decorations provider vscode.git 5006
2025-05-17 23:24:41.312 [warning] [Decorations] CAPPING events from decorations provider vscode.git 5006
2025-05-17 23:24:46.499 [warning] [Decorations] CAPPING events from decorations provider vscode.git 5006
2025-05-17 23:24:51.628 [warning] [Decorations] CAPPING events from decorations provider vscode.git 5006
2025-05-17 23:24:56.758 [warning] [Decorations] CAPPING events from decorations provider vscode.git 5006
2025-05-17 23:25:01.888 [warning] [Decorations] CAPPING events from decorations provider vscode.git 5006
2025-05-17 23:25:07.018 [warning] [Decorations] CAPPING events from decorations provider vscode.git 5006
2025-05-17 23:25:12.262 [warning] [Decorations] CAPPING events from decorations provider vscode.git 5006
2025-05-17 23:25:17.417 [warning] [Decorations] CAPPING events from decorations provider vscode.git 5006
2025-05-17 23:25:22.595 [warning] [Decorations] CAPPING events from decorations provider vscode.git 5006
2025-05-17 23:25:27.715 [warning] [Decorations] CAPPING events from decorations provider vscode.git 5006
2025-05-17 23:25:32.843 [warning] [Decorations] CAPPING events from decorations provider vscode.git 5006
2025-05-17 23:25:37.956 [warning] [Decorations] CAPPING events from decorations provider vscode.git 5006
2025-05-17 23:25:43.063 [warning] [Decorations] CAPPING events from decorations provider vscode.git 5006
2025-05-17 23:25:48.249 [warning] [Decorations] CAPPING events from decorations provider vscode.git 5006
2025-05-17 23:25:53.364 [warning] [Decorations] CAPPING events from decorations provider vscode.git 5006
2025-05-17 23:25:58.471 [warning] [Decorations] CAPPING events from decorations provider vscode.git 5006
2025-05-17 23:26:03.656 [warning] [Decorations] CAPPING events from decorations provider vscode.git 5006
2025-05-17 23:26:08.762 [warning] [Decorations] CAPPING events from decorations provider vscode.git 5006
2025-05-17 23:26:14.378 [warning] [Decorations] CAPPING events from decorations provider vscode.git 5006
2025-05-17 23:26:19.521 [warning] [Decorations] CAPPING events from decorations provider vscode.git 5006
2025-05-17 23:26:24.628 [warning] [Decorations] CAPPING events from decorations provider vscode.git 5006
2025-05-17 23:26:29.796 [warning] [Decorations] CAPPING events from decorations provider vscode.git 5006
2025-05-17 23:26:34.918 [warning] [Decorations] CAPPING events from decorations provider vscode.git 5006
2025-05-17 23:26:40.058 [warning] [Decorations] CAPPING events from decorations provider vscode.git 5006
2025-05-17 23:26:45.314 [warning] [Decorations] CAPPING events from decorations provider vscode.git 5006
2025-05-17 23:26:50.439 [warning] [Decorations] CAPPING events from decorations provider vscode.git 5006
2025-05-17 23:26:55.634 [warning] [Decorations] CAPPING events from decorations provider vscode.git 5006
2025-05-17 23:27:00.744 [warning] [Decorations] CAPPING events from decorations provider vscode.git 5006
2025-05-17 23:27:05.853 [warning] [Decorations] CAPPING events from decorations provider vscode.git 5006
2025-05-17 23:27:11.080 [warning] [Decorations] CAPPING events from decorations provider vscode.git 5006
2025-05-17 23:27:16.665 [warning] [Decorations] CAPPING events from decorations provider vscode.git 5006
2025-05-17 23:27:21.793 [warning] [Decorations] CAPPING events from decorations provider vscode.git 5006
2025-05-17 23:27:26.921 [warning] [Decorations] CAPPING events from decorations provider vscode.git 5006
2025-05-17 23:27:32.052 [warning] [Decorations] CAPPING events from decorations provider vscode.git 5006
2025-05-17 23:27:37.203 [warning] [Decorations] CAPPING events from decorations provider vscode.git 5006
2025-05-17 23:27:42.353 [warning] [Decorations] CAPPING events from decorations provider vscode.git 5006
2025-05-17 23:27:47.466 [warning] [Decorations] CAPPING events from decorations provider vscode.git 5006
2025-05-17 23:27:53.087 [warning] [Decorations] CAPPING events from decorations provider vscode.git 5006
2025-05-17 23:27:58.290 [warning] [Decorations] CAPPING events from decorations provider vscode.git 5006
2025-05-17 23:28:03.398 [warning] [Decorations] CAPPING events from decorations provider vscode.git 5006
2025-05-17 23:28:08.528 [warning] [Decorations] CAPPING events from decorations provider vscode.git 5006
2025-05-17 23:28:15.260 [warning] [Decorations] CAPPING events from decorations provider vscode.git 5006
2025-05-17 23:28:20.376 [warning] [Decorations] CAPPING events from decorations provider vscode.git 5006
2025-05-17 23:28:25.503 [warning] [Decorations] CAPPING events from decorations provider vscode.git 5006
2025-05-17 23:28:30.612 [warning] [Decorations] CAPPING events from decorations provider vscode.git 5006
2025-05-17 23:28:35.722 [warning] [Decorations] CAPPING events from decorations provider vscode.git 5006
2025-05-17 23:28:40.887 [warning] [Decorations] CAPPING events from decorations provider vscode.git 5006
2025-05-17 23:28:47.505 [warning] [Decorations] CAPPING events from decorations provider vscode.git 5006
2025-05-17 23:28:52.694 [warning] [Decorations] CAPPING events from decorations provider vscode.git 5006
2025-05-17 23:28:57.807 [warning] [Decorations] CAPPING events from decorations provider vscode.git 5006
2025-05-17 23:29:02.943 [warning] [Decorations] CAPPING events from decorations provider vscode.git 5006
2025-05-17 23:29:08.060 [warning] [Decorations] CAPPING events from decorations provider vscode.git 5006
2025-05-17 23:29:13.176 [warning] [Decorations] CAPPING events from decorations provider vscode.git 5006
2025-05-17 23:29:18.299 [warning] [Decorations] CAPPING events from decorations provider vscode.git 5006
2025-05-17 23:29:23.511 [warning] [Decorations] CAPPING events from decorations provider vscode.git 5006
2025-05-17 23:29:28.624 [warning] [Decorations] CAPPING events from decorations provider vscode.git 5006
2025-05-17 23:29:33.762 [warning] [Decorations] CAPPING events from decorations provider vscode.git 5006
2025-05-17 23:29:38.873 [warning] [Decorations] CAPPING events from decorations provider vscode.git 5006
2025-05-17 23:29:44.015 [warning] [Decorations] CAPPING events from decorations provider vscode.git 5006
2025-05-17 23:29:49.122 [warning] [Decorations] CAPPING events from decorations provider vscode.git 5006
2025-05-17 23:29:54.245 [warning] [Decorations] CAPPING events from decorations provider vscode.git 5006
2025-05-17 23:29:59.354 [warning] [Decorations] CAPPING events from decorations provider vscode.git 5006
2025-05-17 23:30:04.473 [warning] [Decorations] CAPPING events from decorations provider vscode.git 5006
2025-05-17 23:30:09.586 [warning] [Decorations] CAPPING events from decorations provider vscode.git 5006
2025-05-17 23:30:14.715 [warning] [Decorations] CAPPING events from decorations provider vscode.git 5006
2025-05-17 23:30:19.826 [warning] [Decorations] CAPPING events from decorations provider vscode.git 5006
2025-05-17 23:30:25.032 [warning] [Decorations] CAPPING events from decorations provider vscode.git 5006
2025-05-17 23:30:30.169 [warning] [Decorations] CAPPING events from decorations provider vscode.git 5006
2025-05-17 23:30:35.302 [warning] [Decorations] CAPPING events from decorations provider vscode.git 5006
2025-05-17 23:30:40.426 [warning] [Decorations] CAPPING events from decorations provider vscode.git 5006
2025-05-17 23:30:45.610 [warning] [Decorations] CAPPING events from decorations provider vscode.git 5006
2025-05-17 23:30:50.788 [warning] [Decorations] CAPPING events from decorations provider vscode.git 5006
2025-05-17 23:30:55.907 [warning] [Decorations] CAPPING events from decorations provider vscode.git 5006
2025-05-17 23:31:01.033 [warning] [Decorations] CAPPING events from decorations provider vscode.git 5006
2025-05-17 23:31:06.174 [warning] [Decorations] CAPPING events from decorations provider vscode.git 5006
2025-05-17 23:31:11.305 [warning] [Decorations] CAPPING events from decorations provider vscode.git 5006
2025-05-17 23:31:16.435 [warning] [Decorations] CAPPING events from decorations provider vscode.git 5006
2025-05-17 23:31:22.064 [warning] [Decorations] CAPPING events from decorations provider vscode.git 5006
2025-05-17 23:31:27.178 [warning] [Decorations] CAPPING events from decorations provider vscode.git 5006
2025-05-17 23:31:32.316 [warning] [Decorations] CAPPING events from decorations provider vscode.git 5006
2025-05-17 23:31:38.061 [warning] [Decorations] CAPPING events from decorations provider vscode.git 5006
2025-05-17 23:31:43.184 [warning] [Decorations] CAPPING events from decorations provider vscode.git 5006
2025-05-17 23:31:48.295 [warning] [Decorations] CAPPING events from decorations provider vscode.git 5006
2025-05-17 23:31:53.514 [warning] [Decorations] CAPPING events from decorations provider vscode.git 5006
2025-05-17 23:31:58.622 [warning] [Decorations] CAPPING events from decorations provider vscode.git 5006
2025-05-17 23:32:03.736 [warning] [Decorations] CAPPING events from decorations provider vscode.git 5006
2025-05-17 23:32:08.866 [warning] [Decorations] CAPPING events from decorations provider vscode.git 5006
2025-05-17 23:32:14.022 [warning] [Decorations] CAPPING events from decorations provider vscode.git 5006
2025-05-17 23:32:19.202 [warning] [Decorations] CAPPING events from decorations provider vscode.git 5006
2025-05-17 23:32:25.778 [warning] [Decorations] CAPPING events from decorations provider vscode.git 5006
2025-05-17 23:32:30.904 [warning] [Decorations] CAPPING events from decorations provider vscode.git 5006
2025-05-17 23:32:36.027 [warning] [Decorations] CAPPING events from decorations provider vscode.git 5006
2025-05-17 23:32:41.149 [warning] [Decorations] CAPPING events from decorations provider vscode.git 5006
2025-05-17 23:32:46.269 [warning] [Decorations] CAPPING events from decorations provider vscode.git 5006
2025-05-17 23:32:51.939 [warning] [Decorations] CAPPING events from decorations provider vscode.git 5006
2025-05-17 23:32:57.101 [warning] [Decorations] CAPPING events from decorations provider vscode.git 5006
2025-05-17 23:33:02.223 [warning] [Decorations] CAPPING events from decorations provider vscode.git 5006
2025-05-17 23:33:07.440 [warning] [Decorations] CAPPING events from decorations provider vscode.git 5006
2025-05-17 23:33:12.559 [warning] [Decorations] CAPPING events from decorations provider vscode.git 5006
2025-05-17 23:33:17.685 [warning] [Decorations] CAPPING events from decorations provider vscode.git 5006
2025-05-17 23:33:22.807 [warning] [Decorations] CAPPING events from decorations provider vscode.git 5006
2025-05-17 23:33:27.960 [warning] [Decorations] CAPPING events from decorations provider vscode.git 5006
2025-05-17 23:33:33.117 [warning] [Decorations] CAPPING events from decorations provider vscode.git 5006
2025-05-17 23:33:38.220 [warning] [Decorations] CAPPING events from decorations provider vscode.git 5006
2025-05-17 23:33:43.354 [warning] [Decorations] CAPPING events from decorations provider vscode.git 5006
2025-05-17 23:33:48.471 [warning] [Decorations] CAPPING events from decorations provider vscode.git 5006
2025-05-17 23:33:53.625 [warning] [Decorations] CAPPING events from decorations provider vscode.git 5006
2025-05-17 23:33:58.769 [warning] [Decorations] CAPPING events from decorations provider vscode.git 5006
2025-05-17 23:34:03.970 [warning] [Decorations] CAPPING events from decorations provider vscode.git 5006
2025-05-17 23:34:09.596 [warning] [Decorations] CAPPING events from decorations provider vscode.git 5006
2025-05-17 23:34:14.724 [warning] [Decorations] CAPPING events from decorations provider vscode.git 5006
2025-05-17 23:34:19.833 [warning] [Decorations] CAPPING events from decorations provider vscode.git 5006
2025-05-17 23:34:24.966 [warning] [Decorations] CAPPING events from decorations provider vscode.git 5006
2025-05-17 23:34:30.091 [warning] [Decorations] CAPPING events from decorations provider vscode.git 5006
2025-05-17 23:34:35.234 [warning] [Decorations] CAPPING events from decorations provider vscode.git 5006
2025-05-17 23:34:40.394 [warning] [Decorations] CAPPING events from decorations provider vscode.git 5006
2025-05-17 23:34:45.508 [warning] [Decorations] CAPPING events from decorations provider vscode.git 5006
2025-05-17 23:34:50.715 [warning] [Decorations] CAPPING events from decorations provider vscode.git 5006
2025-05-17 23:34:55.850 [warning] [Decorations] CAPPING events from decorations provider vscode.git 5006
2025-05-17 23:35:00.994 [warning] [Decorations] CAPPING events from decorations provider vscode.git 5006
2025-05-17 23:35:06.129 [warning] [Decorations] CAPPING events from decorations provider vscode.git 5006
2025-05-17 23:35:11.259 [warning] [Decorations] CAPPING events from decorations provider vscode.git 5006
2025-05-17 23:35:16.392 [warning] [Decorations] CAPPING events from decorations provider vscode.git 5006
2025-05-17 23:35:21.517 [warning] [Decorations] CAPPING events from decorations provider vscode.git 5006
2025-05-17 23:35:26.657 [warning] [Decorations] CAPPING events from decorations provider vscode.git 5006
2025-05-17 23:35:31.793 [warning] [Decorations] CAPPING events from decorations provider vscode.git 5006
2025-05-17 23:35:36.952 [warning] [Decorations] CAPPING events from decorations provider vscode.git 5006
2025-05-17 23:35:42.109 [warning] [Decorations] CAPPING events from decorations provider vscode.git 5006
2025-05-17 23:35:47.227 [warning] [Decorations] CAPPING events from decorations provider vscode.git 5006
2025-05-17 23:35:52.413 [warning] [Decorations] CAPPING events from decorations provider vscode.git 5006
2025-05-17 23:35:57.533 [warning] [Decorations] CAPPING events from decorations provider vscode.git 5006
2025-05-17 23:36:02.667 [warning] [Decorations] CAPPING events from decorations provider vscode.git 5006
2025-05-17 23:36:07.896 [warning] [Decorations] CAPPING events from decorations provider vscode.git 5006
2025-05-17 23:36:13.498 [warning] [Decorations] CAPPING events from decorations provider vscode.git 5006
2025-05-17 23:36:18.630 [warning] [Decorations] CAPPING events from decorations provider vscode.git 5006
2025-05-17 23:36:23.877 [warning] [Decorations] CAPPING events from decorations provider vscode.git 5006
2025-05-17 23:36:29.011 [warning] [Decorations] CAPPING events from decorations provider vscode.git 5006
2025-05-17 23:36:34.127 [warning] [Decorations] CAPPING events from decorations provider vscode.git 5006
2025-05-17 23:36:39.259 [warning] [Decorations] CAPPING events from decorations provider vscode.git 5006
2025-05-17 23:36:44.394 [warning] [Decorations] CAPPING events from decorations provider vscode.git 5006
2025-05-17 23:36:50.036 [warning] [Decorations] CAPPING events from decorations provider vscode.git 5006
2025-05-17 23:36:55.160 [warning] [Decorations] CAPPING events from decorations provider vscode.git 5006
2025-05-17 23:37:00.294 [warning] [Decorations] CAPPING events from decorations provider vscode.git 5006
2025-05-17 23:37:05.451 [warning] [Decorations] CAPPING events from decorations provider vscode.git 5006
2025-05-17 23:37:10.583 [warning] [Decorations] CAPPING events from decorations provider vscode.git 5006
2025-05-17 23:37:15.740 [warning] [Decorations] CAPPING events from decorations provider vscode.git 5006
2025-05-17 23:37:20.868 [warning] [Decorations] CAPPING events from decorations provider vscode.git 5006
2025-05-17 23:37:26.083 [warning] [Decorations] CAPPING events from decorations provider vscode.git 5006
2025-05-17 23:37:31.187 [warning] [Decorations] CAPPING events from decorations provider vscode.git 5006
2025-05-17 23:37:36.312 [warning] [Decorations] CAPPING events from decorations provider vscode.git 5006
2025-05-17 23:37:41.417 [warning] [Decorations] CAPPING events from decorations provider vscode.git 5006
2025-05-17 23:37:46.530 [warning] [Decorations] CAPPING events from decorations provider vscode.git 5006
2025-05-17 23:37:51.675 [warning] [Decorations] CAPPING events from decorations provider vscode.git 5006
2025-05-17 23:37:56.787 [warning] [Decorations] CAPPING events from decorations provider vscode.git 5006
2025-05-17 23:38:01.962 [warning] [Decorations] CAPPING events from decorations provider vscode.git 5006
2025-05-17 23:38:09.560 [warning] [Decorations] CAPPING events from decorations provider vscode.git 5006
2025-05-17 23:38:14.687 [warning] [Decorations] CAPPING events from decorations provider vscode.git 5006
2025-05-17 23:38:19.875 [warning] [Decorations] CAPPING events from decorations provider vscode.git 5006
2025-05-17 23:38:25.017 [warning] [Decorations] CAPPING events from decorations provider vscode.git 5006
2025-05-17 23:38:30.136 [warning] [Decorations] CAPPING events from decorations provider vscode.git 5006
2025-05-17 23:38:35.776 [warning] [Decorations] CAPPING events from decorations provider vscode.git 5006
2025-05-17 23:38:40.910 [warning] [Decorations] CAPPING events from decorations provider vscode.git 5006
2025-05-17 23:38:46.074 [warning] [Decorations] CAPPING events from decorations provider vscode.git 5006
2025-05-17 23:38:51.186 [warning] [Decorations] CAPPING events from decorations provider vscode.git 5006
2025-05-17 23:38:56.334 [warning] [Decorations] CAPPING events from decorations provider vscode.git 5006
2025-05-17 23:39:01.443 [warning] [Decorations] CAPPING events from decorations provider vscode.git 5006
2025-05-17 23:39:07.093 [warning] [Decorations] CAPPING events from decorations provider vscode.git 5006
2025-05-17 23:39:12.203 [warning] [Decorations] CAPPING events from decorations provider vscode.git 5006
2025-05-17 23:39:18.092 [warning] [Decorations] CAPPING events from decorations provider vscode.git 5006
2025-05-17 23:39:23.234 [warning] [Decorations] CAPPING events from decorations provider vscode.git 5006
2025-05-17 23:39:28.389 [warning] [Decorations] CAPPING events from decorations provider vscode.git 5006
2025-05-17 23:39:37.142 [warning] [Decorations] CAPPING events from decorations provider vscode.git 5006
2025-05-17 23:39:42.269 [warning] [Decorations] CAPPING events from decorations provider vscode.git 5006
2025-05-17 23:39:47.406 [warning] [Decorations] CAPPING events from decorations provider vscode.git 5006
2025-05-17 23:39:52.533 [warning] [Decorations] CAPPING events from decorations provider vscode.git 5006
2025-05-17 23:39:57.651 [warning] [Decorations] CAPPING events from decorations provider vscode.git 5006
2025-05-17 23:40:02.787 [warning] [Decorations] CAPPING events from decorations provider vscode.git 5006
2025-05-17 23:40:07.914 [warning] [Decorations] CAPPING events from decorations provider vscode.git 5006
2025-05-17 23:40:13.051 [warning] [Decorations] CAPPING events from decorations provider vscode.git 5006
2025-05-17 23:40:18.171 [warning] [Decorations] CAPPING events from decorations provider vscode.git 5006
2025-05-17 23:40:23.317 [warning] [Decorations] CAPPING events from decorations provider vscode.git 5006
2025-05-17 23:40:28.431 [warning] [Decorations] CAPPING events from decorations provider vscode.git 5006
2025-05-17 23:40:34.092 [warning] [Decorations] CAPPING events from decorations provider vscode.git 5006
2025-05-17 23:40:39.204 [warning] [Decorations] CAPPING events from decorations provider vscode.git 5006
2025-05-17 23:40:44.323 [warning] [Decorations] CAPPING events from decorations provider vscode.git 5006
2025-05-17 23:40:49.431 [warning] [Decorations] CAPPING events from decorations provider vscode.git 5006
2025-05-17 23:40:54.555 [warning] [Decorations] CAPPING events from decorations provider vscode.git 5006
2025-05-17 23:40:59.666 [warning] [Decorations] CAPPING events from decorations provider vscode.git 5006
2025-05-17 23:41:04.816 [warning] [Decorations] CAPPING events from decorations provider vscode.git 5006
2025-05-17 23:41:10.073 [warning] [Decorations] CAPPING events from decorations provider vscode.git 5006
2025-05-17 23:41:15.196 [warning] [Decorations] CAPPING events from decorations provider vscode.git 5006
2025-05-17 23:41:20.312 [warning] [Decorations] CAPPING events from decorations provider vscode.git 5006
2025-05-17 23:41:25.464 [warning] [Decorations] CAPPING events from decorations provider vscode.git 5006
2025-05-17 23:41:30.578 [warning] [Decorations] CAPPING events from decorations provider vscode.git 5006
2025-05-17 23:41:35.707 [warning] [Decorations] CAPPING events from decorations provider vscode.git 5006
2025-05-17 23:41:40.842 [warning] [Decorations] CAPPING events from decorations provider vscode.git 5006
2025-05-17 23:41:45.989 [warning] [Decorations] CAPPING events from decorations provider vscode.git 5006
2025-05-17 23:41:51.609 [warning] [Decorations] CAPPING events from decorations provider vscode.git 5006
2025-05-17 23:41:56.739 [warning] [Decorations] CAPPING events from decorations provider vscode.git 5006
2025-05-17 23:42:01.878 [warning] [Decorations] CAPPING events from decorations provider vscode.git 5006
2025-05-17 23:42:06.998 [warning] [Decorations] CAPPING events from decorations provider vscode.git 5006
2025-05-17 23:42:12.114 [warning] [Decorations] CAPPING events from decorations provider vscode.git 5006
2025-05-17 23:42:17.245 [warning] [Decorations] CAPPING events from decorations provider vscode.git 5006
2025-05-17 23:42:22.895 [warning] [Decorations] CAPPING events from decorations provider vscode.git 5006
2025-05-17 23:42:28.028 [warning] [Decorations] CAPPING events from decorations provider vscode.git 5006
2025-05-17 23:42:33.224 [warning] [Decorations] CAPPING events from decorations provider vscode.git 5006
2025-05-17 23:42:38.364 [warning] [Decorations] CAPPING events from decorations provider vscode.git 5006
2025-05-17 23:42:44.025 [warning] [Decorations] CAPPING events from decorations provider vscode.git 5006
2025-05-17 23:42:49.218 [warning] [Decorations] CAPPING events from decorations provider vscode.git 5006
2025-05-17 23:42:54.334 [warning] [Decorations] CAPPING events from decorations provider vscode.git 5006
2025-05-17 23:43:00.008 [warning] [Decorations] CAPPING events from decorations provider vscode.git 5006
2025-05-17 23:43:05.195 [warning] [Decorations] CAPPING events from decorations provider vscode.git 5006
2025-05-17 23:43:10.315 [warning] [Decorations] CAPPING events from decorations provider vscode.git 5006
2025-05-17 23:43:15.509 [warning] [Decorations] CAPPING events from decorations provider vscode.git 5006
2025-05-17 23:43:20.652 [warning] [Decorations] CAPPING events from decorations provider vscode.git 5006
2025-05-17 23:43:26.261 [warning] [Decorations] CAPPING events from decorations provider vscode.git 5006
2025-05-17 23:43:31.364 [warning] [Decorations] CAPPING events from decorations provider vscode.git 5006
2025-05-17 23:43:36.482 [warning] [Decorations] CAPPING events from decorations provider vscode.git 5006
2025-05-17 23:43:41.594 [warning] [Decorations] CAPPING events from decorations provider vscode.git 5006
2025-05-17 23:43:46.709 [warning] [Decorations] CAPPING events from decorations provider vscode.git 5006
2025-05-17 23:43:51.849 [warning] [Decorations] CAPPING events from decorations provider vscode.git 5006
2025-05-17 23:43:57.014 [warning] [Decorations] CAPPING events from decorations provider vscode.git 5006
2025-05-17 23:44:02.147 [warning] [Decorations] CAPPING events from decorations provider vscode.git 5006
2025-05-17 23:44:07.303 [warning] [Decorations] CAPPING events from decorations provider vscode.git 5006
2025-05-17 23:44:12.428 [warning] [Decorations] CAPPING events from decorations provider vscode.git 5006
2025-05-17 23:44:17.563 [warning] [Decorations] CAPPING events from decorations provider vscode.git 5006
2025-05-17 23:44:22.700 [warning] [Decorations] CAPPING events from decorations provider vscode.git 5006
2025-05-17 23:44:27.822 [warning] [Decorations] CAPPING events from decorations provider vscode.git 5006
2025-05-17 23:44:32.939 [warning] [Decorations] CAPPING events from decorations provider vscode.git 5006
2025-05-17 23:44:38.062 [warning] [Decorations] CAPPING events from decorations provider vscode.git 5006
2025-05-17 23:44:43.759 [warning] [Decorations] CAPPING events from decorations provider vscode.git 5006
2025-05-17 23:44:48.893 [warning] [Decorations] CAPPING events from decorations provider vscode.git 5006
2025-05-17 23:44:54.116 [warning] [Decorations] CAPPING events from decorations provider vscode.git 5006
2025-05-17 23:44:59.226 [warning] [Decorations] CAPPING events from decorations provider vscode.git 5006
2025-05-17 23:45:05.881 [warning] [Decorations] CAPPING events from decorations provider vscode.git 5006
2025-05-17 23:45:11.015 [warning] [Decorations] CAPPING events from decorations provider vscode.git 5006
2025-05-17 23:45:16.152 [warning] [Decorations] CAPPING events from decorations provider vscode.git 5006
2025-05-17 23:45:21.287 [warning] [Decorations] CAPPING events from decorations provider vscode.git 5006
2025-05-17 23:45:26.397 [warning] [Decorations] CAPPING events from decorations provider vscode.git 5006
2025-05-17 23:45:31.544 [warning] [Decorations] CAPPING events from decorations provider vscode.git 5006
2025-05-17 23:45:36.656 [warning] [Decorations] CAPPING events from decorations provider vscode.git 5006
2025-05-17 23:45:41.763 [warning] [Decorations] CAPPING events from decorations provider vscode.git 5006
2025-05-17 23:45:46.883 [warning] [Decorations] CAPPING events from decorations provider vscode.git 5006
2025-05-17 23:45:52.022 [warning] [Decorations] CAPPING events from decorations provider vscode.git 5006
2025-05-17 23:45:57.204 [warning] [Decorations] CAPPING events from decorations provider vscode.git 5006
2025-05-17 23:46:02.787 [warning] [Decorations] CAPPING events from decorations provider vscode.git 5006
2025-05-17 23:46:07.916 [warning] [Decorations] CAPPING events from decorations provider vscode.git 5006
2025-05-17 23:46:13.026 [warning] [Decorations] CAPPING events from decorations provider vscode.git 5006
2025-05-17 23:46:18.191 [warning] [Decorations] CAPPING events from decorations provider vscode.git 5006
2025-05-17 23:46:23.389 [warning] [Decorations] CAPPING events from decorations provider vscode.git 5006
2025-05-17 23:46:28.515 [warning] [Decorations] CAPPING events from decorations provider vscode.git 5006
2025-05-17 23:46:33.711 [warning] [Decorations] CAPPING events from decorations provider vscode.git 5006
2025-05-17 23:46:38.892 [warning] [Decorations] CAPPING events from decorations provider vscode.git 5006
2025-05-17 23:46:44.019 [warning] [Decorations] CAPPING events from decorations provider vscode.git 5006
2025-05-17 23:46:49.126 [warning] [Decorations] CAPPING events from decorations provider vscode.git 5006
2025-05-17 23:46:54.318 [warning] [Decorations] CAPPING events from decorations provider vscode.git 5006
2025-05-17 23:46:59.449 [warning] [Decorations] CAPPING events from decorations provider vscode.git 5006
2025-05-17 23:47:04.587 [warning] [Decorations] CAPPING events from decorations provider vscode.git 5006
2025-05-17 23:47:09.792 [warning] [Decorations] CAPPING events from decorations provider vscode.git 5006
2025-05-17 23:47:14.924 [warning] [Decorations] CAPPING events from decorations provider vscode.git 5006
2025-05-17 23:47:20.035 [warning] [Decorations] CAPPING events from decorations provider vscode.git 5006
2025-05-17 23:47:25.656 [warning] [Decorations] CAPPING events from decorations provider vscode.git 5006
2025-05-17 23:47:30.778 [warning] [Decorations] CAPPING events from decorations provider vscode.git 5006
2025-05-17 23:47:35.920 [warning] [Decorations] CAPPING events from decorations provider vscode.git 5006
2025-05-17 23:47:41.045 [warning] [Decorations] CAPPING events from decorations provider vscode.git 5006
2025-05-17 23:47:46.206 [warning] [Decorations] CAPPING events from decorations provider vscode.git 5006
2025-05-17 23:47:51.384 [warning] [Decorations] CAPPING events from decorations provider vscode.git 5006
2025-05-17 23:47:56.526 [warning] [Decorations] CAPPING events from decorations provider vscode.git 5006
2025-05-17 23:48:01.659 [warning] [Decorations] CAPPING events from decorations provider vscode.git 5006
2025-05-17 23:48:06.784 [warning] [Decorations] CAPPING events from decorations provider vscode.git 5006
2025-05-17 23:48:12.015 [warning] [Decorations] CAPPING events from decorations provider vscode.git 5006
2025-05-17 23:48:17.143 [warning] [Decorations] CAPPING events from decorations provider vscode.git 5006
2025-05-17 23:48:22.251 [warning] [Decorations] CAPPING events from decorations provider vscode.git 5006
2025-05-17 23:48:27.470 [warning] [Decorations] CAPPING events from decorations provider vscode.git 5006
2025-05-17 23:48:32.588 [warning] [Decorations] CAPPING events from decorations provider vscode.git 5006
2025-05-17 23:48:37.704 [warning] [Decorations] CAPPING events from decorations provider vscode.git 5006
2025-05-17 23:48:42.891 [warning] [Decorations] CAPPING events from decorations provider vscode.git 5006
2025-05-17 23:48:48.071 [warning] [Decorations] CAPPING events from decorations provider vscode.git 5006
2025-05-17 23:49:05.724 [warning] [Decorations] CAPPING events from decorations provider vscode.git 5006
2025-05-17 23:49:10.844 [warning] [Decorations] CAPPING events from decorations provider vscode.git 5006
2025-05-17 23:49:15.971 [warning] [Decorations] CAPPING events from decorations provider vscode.git 5009
2025-05-17 23:49:21.092 [warning] [Decorations] CAPPING events from decorations provider vscode.git 5009
2025-05-17 23:49:26.203 [warning] [Decorations] CAPPING events from decorations provider vscode.git 5009
2025-05-17 23:49:31.903 [warning] [Decorations] CAPPING events from decorations provider vscode.git 5009
2025-05-17 23:49:38.870 [warning] [Decorations] CAPPING events from decorations provider vscode.git 5010
2025-05-17 23:49:44.022 [warning] [Decorations] CAPPING events from decorations provider vscode.git 5010
2025-05-17 23:49:49.130 [warning] [Decorations] CAPPING events from decorations provider vscode.git 5010
2025-05-17 23:50:09.831 [warning] [Decorations] CAPPING events from decorations provider vscode.git 5010
2025-05-17 23:50:39.508 [warning] [Decorations] CAPPING events from decorations provider vscode.git 5010
2025-05-17 23:50:44.624 [warning] [Decorations] CAPPING events from decorations provider vscode.git 5010
2025-05-17 23:50:49.766 [warning] [Decorations] CAPPING events from decorations provider vscode.git 5010
2025-05-17 23:50:54.885 [warning] [Decorations] CAPPING events from decorations provider vscode.git 5010
2025-05-17 23:51:00.022 [warning] [Decorations] CAPPING events from decorations provider vscode.git 5010
2025-05-17 23:51:17.290 [warning] [Decorations] CAPPING events from decorations provider vscode.git 5010
2025-05-17 23:51:22.460 [warning] [Decorations] CAPPING events from decorations provider vscode.git 5010
2025-05-17 23:51:27.592 [warning] [Decorations] CAPPING events from decorations provider vscode.git 5011
2025-05-17 23:51:32.714 [warning] [Decorations] CAPPING events from decorations provider vscode.git 5011
2025-05-17 23:51:37.840 [warning] [Decorations] CAPPING events from decorations provider vscode.git 5011
2025-05-17 23:52:11.872 [warning] [Decorations] CAPPING events from decorations provider vscode.git 5013
2025-05-17 23:52:17.053 [warning] [Decorations] CAPPING events from decorations provider vscode.git 5013
2025-05-17 23:52:22.173 [warning] [Decorations] CAPPING events from decorations provider vscode.git 5013
2025-05-17 23:52:27.366 [warning] [Decorations] CAPPING events from decorations provider vscode.git 5013
2025-05-17 23:52:32.544 [warning] [Decorations] CAPPING events from decorations provider vscode.git 5013
2025-05-17 23:52:37.704 [warning] [Decorations] CAPPING events from decorations provider vscode.git 5013
2025-05-17 23:52:42.885 [warning] [Decorations] CAPPING events from decorations provider vscode.git 5013
2025-05-17 23:52:48.021 [warning] [Decorations] CAPPING events from decorations provider vscode.git 5013
2025-05-17 23:52:53.622 [warning] [Decorations] CAPPING events from decorations provider vscode.git 5013
2025-05-17 23:53:04.938 [warning] [Decorations] CAPPING events from decorations provider vscode.git 5013
2025-05-17 23:53:10.098 [warning] [Decorations] CAPPING events from decorations provider vscode.git 5013
2025-05-17 23:54:33.820 [warning] [Decorations] CAPPING events from decorations provider vscode.git 5013
2025-05-17 23:54:38.953 [warning] [Decorations] CAPPING events from decorations provider vscode.git 5013
2025-05-17 23:54:44.146 [warning] [Decorations] CAPPING events from decorations provider vscode.git 5013
2025-05-17 23:54:49.277 [warning] [Decorations] CAPPING events from decorations provider vscode.git 5013
2025-05-17 23:55:00.344 [warning] [Decorations] CAPPING events from decorations provider vscode.git 5014
2025-05-17 23:55:05.480 [warning] [Decorations] CAPPING events from decorations provider vscode.git 5014
2025-05-17 23:56:38.457 [warning] [Decorations] CAPPING events from decorations provider vscode.git 5014
2025-05-17 23:56:43.583 [warning] [Decorations] CAPPING events from decorations provider vscode.git 5014
2025-05-17 23:57:13.805 [warning] [Decorations] CAPPING events from decorations provider vscode.git 5014
2025-05-17 23:57:18.946 [warning] [Decorations] CAPPING events from decorations provider vscode.git 5014
2025-05-17 23:57:25.561 [warning] [Decorations] CAPPING events from decorations provider vscode.git 5015
2025-05-17 23:57:30.666 [warning] [Decorations] CAPPING events from decorations provider vscode.git 5015
2025-05-17 23:57:35.797 [warning] [Decorations] CAPPING events from decorations provider vscode.git 5015
2025-05-17 23:57:40.942 [warning] [Decorations] CAPPING events from decorations provider vscode.git 5015
2025-05-17 23:57:46.063 [warning] [Decorations] CAPPING events from decorations provider vscode.git 5016
2025-05-17 23:57:51.188 [warning] [Decorations] CAPPING events from decorations provider vscode.git 5016
2025-05-17 23:57:56.373 [warning] [Decorations] CAPPING events from decorations provider vscode.git 5016
2025-05-17 23:58:01.563 [warning] [Decorations] CAPPING events from decorations provider vscode.git 5016
2025-05-17 23:58:06.754 [warning] [Decorations] CAPPING events from decorations provider vscode.git 5016
2025-05-17 23:58:11.884 [warning] [Decorations] CAPPING events from decorations provider vscode.git 5016
2025-05-17 23:58:17.005 [warning] [Decorations] CAPPING events from decorations provider vscode.git 5016
2025-05-17 23:58:35.680 [warning] [Decorations] CAPPING events from decorations provider vscode.git 5016
2025-05-17 23:58:40.789 [warning] [Decorations] CAPPING events from decorations provider vscode.git 5016
2025-05-17 23:58:45.894 [warning] [Decorations] CAPPING events from decorations provider vscode.git 5016
2025-05-17 23:58:51.007 [warning] [Decorations] CAPPING events from decorations provider vscode.git 5016
2025-05-17 23:58:56.145 [warning] [Decorations] CAPPING events from decorations provider vscode.git 5016
2025-05-17 23:59:01.401 [warning] [Decorations] CAPPING events from decorations provider vscode.git 5016
2025-05-17 23:59:06.603 [warning] [Decorations] CAPPING events from decorations provider vscode.git 5016
2025-05-17 23:59:11.720 [warning] [Decorations] CAPPING events from decorations provider vscode.git 5016
2025-05-17 23:59:23.114 [warning] [Decorations] CAPPING events from decorations provider vscode.git 5016
2025-05-17 23:59:28.234 [warning] [Decorations] CAPPING events from decorations provider vscode.git 5016
2025-05-17 23:59:33.848 [warning] [Decorations] CAPPING events from decorations provider vscode.git 5016
2025-05-17 23:59:38.949 [warning] [Decorations] CAPPING events from decorations provider vscode.git 5016
2025-05-17 23:59:45.268 [warning] [Decorations] CAPPING events from decorations provider vscode.git 5016
2025-05-17 23:59:50.396 [warning] [Decorations] CAPPING events from decorations provider vscode.git 5016
2025-05-17 23:59:55.496 [warning] [Decorations] CAPPING events from decorations provider vscode.git 5016
2025-05-18 00:00:00.663 [warning] [Decorations] CAPPING events from decorations provider vscode.git 5016
2025-05-18 00:00:05.849 [warning] [Decorations] CAPPING events from decorations provider vscode.git 5016
2025-05-18 00:00:10.976 [warning] [Decorations] CAPPING events from decorations provider vscode.git 5016
2025-05-18 00:00:16.095 [warning] [Decorations] CAPPING events from decorations provider vscode.git 5016
2025-05-18 00:00:22.771 [warning] [Decorations] CAPPING events from decorations provider vscode.git 5016
2025-05-18 00:00:27.920 [warning] [Decorations] CAPPING events from decorations provider vscode.git 5016
2025-05-18 00:00:33.064 [warning] [Decorations] CAPPING events from decorations provider vscode.git 5016
2025-05-18 00:00:38.186 [warning] [Decorations] CAPPING events from decorations provider vscode.git 5019
2025-05-18 00:00:43.429 [warning] [Decorations] CAPPING events from decorations provider vscode.git 5019
2025-05-18 00:00:49.147 [warning] [Decorations] CAPPING events from decorations provider vscode.git 5016
2025-05-18 00:00:54.263 [warning] [Decorations] CAPPING events from decorations provider vscode.git 5018
2025-05-18 00:00:59.373 [warning] [Decorations] CAPPING events from decorations provider vscode.git 5019
2025-05-18 00:01:04.523 [warning] [Decorations] CAPPING events from decorations provider vscode.git 5019
2025-05-18 00:01:13.179 [warning] [Decorations] CAPPING events from decorations provider vscode.git 5020
2025-05-18 00:01:18.320 [warning] [Decorations] CAPPING events from decorations provider vscode.git 5020
2025-05-18 00:01:23.432 [warning] [Decorations] CAPPING events from decorations provider vscode.git 5021
2025-05-18 00:01:29.204 [warning] [Decorations] CAPPING events from decorations provider vscode.git 5021
2025-05-18 00:01:34.331 [warning] [Decorations] CAPPING events from decorations provider vscode.git 5021
2025-05-18 00:01:40.243 [warning] [Decorations] CAPPING events from decorations provider vscode.git 5022
2025-05-18 00:01:45.421 [warning] [Decorations] CAPPING events from decorations provider vscode.git 5022
2025-05-18 00:01:50.574 [warning] [Decorations] CAPPING events from decorations provider vscode.git 5022
2025-05-18 00:01:55.721 [warning] [Decorations] CAPPING events from decorations provider vscode.git 5022
2025-05-18 00:02:01.364 [warning] [Decorations] CAPPING events from decorations provider vscode.git 5022
2025-05-18 00:02:18.458 [warning] [Decorations] CAPPING events from decorations provider vscode.git 5022
2025-05-18 00:02:23.615 [warning] [Decorations] CAPPING events from decorations provider vscode.git 5022
2025-05-18 00:02:28.735 [warning] [Decorations] CAPPING events from decorations provider vscode.git 5022
2025-05-18 00:02:33.865 [warning] [Decorations] CAPPING events from decorations provider vscode.git 5022
2025-05-18 00:02:38.976 [warning] [Decorations] CAPPING events from decorations provider vscode.git 5022
2025-05-18 00:02:44.639 [warning] [Decorations] CAPPING events from decorations provider vscode.git 5022
2025-05-18 00:02:49.759 [warning] [Decorations] CAPPING events from decorations provider vscode.git 5022
2025-05-18 00:03:29.750 [warning] [Decorations] CAPPING events from decorations provider vscode.git 5022
2025-05-18 00:03:34.886 [warning] [Decorations] CAPPING events from decorations provider vscode.git 5022
2025-05-18 00:03:39.996 [warning] [Decorations] CAPPING events from decorations provider vscode.git 5022
2025-05-18 00:03:45.137 [warning] [Decorations] CAPPING events from decorations provider vscode.git 5022
2025-05-18 00:03:50.246 [warning] [Decorations] CAPPING events from decorations provider vscode.git 5022
2025-05-18 00:03:55.363 [warning] [Decorations] CAPPING events from decorations provider vscode.git 5022
2025-05-18 00:04:00.489 [warning] [Decorations] CAPPING events from decorations provider vscode.git 5022
2025-05-18 00:04:05.610 [warning] [Decorations] CAPPING events from decorations provider vscode.git 5022
2025-05-18 00:04:10.724 [warning] [Decorations] CAPPING events from decorations provider vscode.git 5022
2025-05-18 00:04:15.847 [warning] [Decorations] CAPPING events from decorations provider vscode.git 5025
2025-05-18 00:04:21.517 [warning] [Decorations] CAPPING events from decorations provider vscode.git 5024
2025-05-18 00:04:26.674 [warning] [Decorations] CAPPING events from decorations provider vscode.git 5025
2025-05-18 00:04:31.811 [warning] [Decorations] CAPPING events from decorations provider vscode.git 5025
2025-05-18 00:04:36.932 [warning] [Decorations] CAPPING events from decorations provider vscode.git 5025
2025-05-18 00:04:42.056 [warning] [Decorations] CAPPING events from decorations provider vscode.git 5025
2025-05-18 00:04:47.742 [warning] [Decorations] CAPPING events from decorations provider vscode.git 5026
2025-05-18 00:04:52.893 [warning] [Decorations] CAPPING events from decorations provider vscode.git 5026
2025-05-18 00:04:58.010 [warning] [Decorations] CAPPING events from decorations provider vscode.git 5026
2025-05-18 00:05:03.135 [warning] [Decorations] CAPPING events from decorations provider vscode.git 5026
2025-05-18 00:05:08.797 [warning] [Decorations] CAPPING events from decorations provider vscode.git 5026
2025-05-18 00:05:13.949 [warning] [Decorations] CAPPING events from decorations provider vscode.git 5026
2025-05-18 00:05:19.075 [warning] [Decorations] CAPPING events from decorations provider vscode.git 5026
2025-05-18 00:05:24.225 [warning] [Decorations] CAPPING events from decorations provider vscode.git 5026
2025-05-18 00:05:30.099 [warning] [Decorations] CAPPING events from decorations provider vscode.git 5026
2025-05-18 00:05:35.221 [warning] [Decorations] CAPPING events from decorations provider vscode.git 5026
2025-05-18 00:05:51.457 [warning] [Decorations] CAPPING events from decorations provider vscode.git 5026
2025-05-18 00:11:45.721 [warning] [Decorations] CAPPING events from decorations provider vscode.git 5026
2025-05-18 00:11:51.034 [warning] [Decorations] CAPPING events from decorations provider vscode.git 5026
2025-05-18 00:11:56.148 [warning] [Decorations] CAPPING events from decorations provider vscode.git 5026
2025-05-18 00:12:01.302 [warning] [Decorations] CAPPING events from decorations provider vscode.git 5026
2025-05-18 00:12:06.472 [warning] [Decorations] CAPPING events from decorations provider vscode.git 5026
2025-05-18 00:12:11.640 [warning] [Decorations] CAPPING events from decorations provider vscode.git 5026
2025-05-18 00:12:16.798 [warning] [Decorations] CAPPING events from decorations provider vscode.git 5026
2025-05-18 00:12:21.928 [warning] [Decorations] CAPPING events from decorations provider vscode.git 5026
2025-05-18 00:12:27.070 [warning] [Decorations] CAPPING events from decorations provider vscode.git 5026
2025-05-18 00:12:41.615 [warning] [Decorations] CAPPING events from decorations provider vscode.git 5026
2025-05-18 00:12:46.770 [warning] [Decorations] CAPPING events from decorations provider vscode.git 5026
2025-05-18 00:12:51.882 [warning] [Decorations] CAPPING events from decorations provider vscode.git 5026
2025-05-18 00:12:57.015 [warning] [Decorations] CAPPING events from decorations provider vscode.git 5026
2025-05-18 00:13:03.744 [warning] [Decorations] CAPPING events from decorations provider vscode.git 5026
2025-05-18 00:13:08.851 [warning] [Decorations] CAPPING events from decorations provider vscode.git 5029
2025-05-18 00:13:13.959 [warning] [Decorations] CAPPING events from decorations provider vscode.git 5029
2025-05-18 00:13:19.069 [warning] [Decorations] CAPPING events from decorations provider vscode.git 5028
2025-05-18 00:13:24.221 [warning] [Decorations] CAPPING events from decorations provider vscode.git 5029
2025-05-18 00:13:29.387 [warning] [Decorations] CAPPING events from decorations provider vscode.git 5029
2025-05-18 00:13:34.515 [warning] [Decorations] CAPPING events from decorations provider vscode.git 5029
2025-05-18 00:13:39.639 [warning] [Decorations] CAPPING events from decorations provider vscode.git 5030
2025-05-18 00:13:44.767 [warning] [Decorations] CAPPING events from decorations provider vscode.git 5030
2025-05-18 00:13:49.879 [warning] [Decorations] CAPPING events from decorations provider vscode.git 5030
2025-05-18 00:13:54.996 [warning] [Decorations] CAPPING events from decorations provider vscode.git 5030
2025-05-18 00:14:00.130 [warning] [Decorations] CAPPING events from decorations provider vscode.git 5030
2025-05-18 00:14:05.312 [warning] [Decorations] CAPPING events from decorations provider vscode.git 5031
2025-05-18 00:14:10.425 [warning] [Decorations] CAPPING events from decorations provider vscode.git 5031
2025-05-18 00:14:15.535 [warning] [Decorations] CAPPING events from decorations provider vscode.git 5031
2025-05-18 00:14:20.680 [warning] [Decorations] CAPPING events from decorations provider vscode.git 5031
2025-05-18 00:14:25.810 [warning] [Decorations] CAPPING events from decorations provider vscode.git 5031
2025-05-18 00:14:30.928 [warning] [Decorations] CAPPING events from decorations provider vscode.git 5031
2025-05-18 00:14:36.054 [warning] [Decorations] CAPPING events from decorations provider vscode.git 5031
2025-05-18 00:20:19.206 [warning] [Decorations] CAPPING events from decorations provider vscode.git 5032
2025-05-18 00:20:24.403 [warning] [Decorations] CAPPING events from decorations provider vscode.git 5032
2025-05-18 00:27:56.006 [warning] [Decorations] CAPPING events from decorations provider vscode.git 5032
2025-05-18 00:28:01.144 [warning] [Decorations] CAPPING events from decorations provider vscode.git 5032
2025-05-18 00:28:06.249 [warning] [Decorations] CAPPING events from decorations provider vscode.git 5032
2025-05-18 00:28:12.890 [warning] [Decorations] CAPPING events from decorations provider vscode.git 5035
2025-05-18 00:28:17.997 [warning] [Decorations] CAPPING events from decorations provider vscode.git 5035
2025-05-18 00:28:23.140 [warning] [Decorations] CAPPING events from decorations provider vscode.git 5035
2025-05-18 00:28:28.267 [warning] [Decorations] CAPPING events from decorations provider vscode.git 5035
2025-05-18 00:28:33.905 [warning] [Decorations] CAPPING events from decorations provider vscode.git 5036
2025-05-18 00:28:39.063 [warning] [Decorations] CAPPING events from decorations provider vscode.git 5036
2025-05-18 00:28:44.206 [warning] [Decorations] CAPPING events from decorations provider vscode.git 5036
2025-05-18 00:28:49.316 [warning] [Decorations] CAPPING events from decorations provider vscode.git 5036
2025-05-18 00:28:54.470 [warning] [Decorations] CAPPING events from decorations provider vscode.git 5036
2025-05-18 00:28:59.617 [warning] [Decorations] CAPPING events from decorations provider vscode.git 5036
2025-05-18 00:29:05.328 [warning] [Decorations] CAPPING events from decorations provider vscode.git 5036
2025-05-18 00:29:10.463 [warning] [Decorations] CAPPING events from decorations provider vscode.git 5036
2025-05-18 00:29:15.569 [warning] [Decorations] CAPPING events from decorations provider vscode.git 5036
2025-05-18 00:29:20.699 [warning] [Decorations] CAPPING events from decorations provider vscode.git 5036
2025-05-18 00:29:25.813 [warning] [Decorations] CAPPING events from decorations provider vscode.git 5036
2025-05-18 00:29:30.941 [warning] [Decorations] CAPPING events from decorations provider vscode.git 5036
2025-05-18 00:29:36.065 [warning] [Decorations] CAPPING events from decorations provider vscode.git 5036
2025-05-18 00:29:41.183 [warning] [Decorations] CAPPING events from decorations provider vscode.git 5036
2025-05-18 00:29:46.336 [warning] [Decorations] CAPPING events from decorations provider vscode.git 5036
2025-05-18 00:29:51.444 [warning] [Decorations] CAPPING events from decorations provider vscode.git 5036
2025-05-18 00:29:56.570 [warning] [Decorations] CAPPING events from decorations provider vscode.git 5036
2025-05-18 00:30:01.676 [warning] [Decorations] CAPPING events from decorations provider vscode.git 5036
2025-05-18 00:30:06.806 [warning] [Decorations] CAPPING events from decorations provider vscode.git 5036
2025-05-18 00:30:11.910 [warning] [Decorations] CAPPING events from decorations provider vscode.git 5036
2025-05-18 00:30:17.037 [warning] [Decorations] CAPPING events from decorations provider vscode.git 5036
2025-05-18 00:30:22.142 [warning] [Decorations] CAPPING events from decorations provider vscode.git 5036
2025-05-18 00:30:27.270 [warning] [Decorations] CAPPING events from decorations provider vscode.git 5036
2025-05-18 00:30:32.379 [warning] [Decorations] CAPPING events from decorations provider vscode.git 5036
2025-05-18 00:30:37.484 [warning] [Decorations] CAPPING events from decorations provider vscode.git 5036
2025-05-18 00:30:42.590 [warning] [Decorations] CAPPING events from decorations provider vscode.git 5036
2025-05-18 00:30:47.713 [warning] [Decorations] CAPPING events from decorations provider vscode.git 5036
2025-05-18 00:30:52.876 [warning] [Decorations] CAPPING events from decorations provider vscode.git 5036
2025-05-18 00:30:58.006 [warning] [Decorations] CAPPING events from decorations provider vscode.git 5036
2025-05-18 00:31:03.113 [warning] [Decorations] CAPPING events from decorations provider vscode.git 5036
2025-05-18 00:31:08.307 [warning] [Decorations] CAPPING events from decorations provider vscode.git 5036
2025-05-18 00:31:13.435 [warning] [Decorations] CAPPING events from decorations provider vscode.git 5036
2025-05-18 00:31:18.565 [warning] [Decorations] CAPPING events from decorations provider vscode.git 5036
2025-05-18 00:31:23.744 [warning] [Decorations] CAPPING events from decorations provider vscode.git 5036
2025-05-18 00:31:28.870 [warning] [Decorations] CAPPING events from decorations provider vscode.git 5036
2025-05-18 00:31:34.078 [warning] [Decorations] CAPPING events from decorations provider vscode.git 5036
2025-05-18 00:31:39.233 [warning] [Decorations] CAPPING events from decorations provider vscode.git 5036
2025-05-18 00:31:45.908 [warning] [Decorations] CAPPING events from decorations provider vscode.git 5036
2025-05-18 00:31:51.048 [warning] [Decorations] CAPPING events from decorations provider vscode.git 5036
2025-05-18 00:31:57.903 [warning] [Decorations] CAPPING events from decorations provider vscode.git 5036
2025-05-18 00:32:03.031 [warning] [Decorations] CAPPING events from decorations provider vscode.git 5037
2025-05-18 00:32:08.137 [warning] [Decorations] CAPPING events from decorations provider vscode.git 5037
2025-05-18 00:32:13.252 [warning] [Decorations] CAPPING events from decorations provider vscode.git 5037
2025-05-18 00:32:18.380 [warning] [Decorations] CAPPING events from decorations provider vscode.git 5038
2025-05-18 00:32:23.519 [warning] [Decorations] CAPPING events from decorations provider vscode.git 5038
2025-05-18 00:32:29.153 [warning] [Decorations] CAPPING events from decorations provider vscode.git 5038
2025-05-18 00:32:34.264 [warning] [Decorations] CAPPING events from decorations provider vscode.git 5038
2025-05-18 00:32:40.136 [warning] [Decorations] CAPPING events from decorations provider vscode.git 5038
2025-05-18 00:32:45.243 [warning] [Decorations] CAPPING events from decorations provider vscode.git 5038
2025-05-18 00:32:51.142 [warning] [Decorations] CAPPING events from decorations provider vscode.git 5039
2025-05-18 00:32:56.325 [warning] [Decorations] CAPPING events from decorations provider vscode.git 5039
2025-05-18 00:33:01.453 [warning] [Decorations] CAPPING events from decorations provider vscode.git 5039
2025-05-18 00:33:06.591 [warning] [Decorations] CAPPING events from decorations provider vscode.git 5039
2025-05-18 00:33:14.259 [warning] [Decorations] CAPPING events from decorations provider vscode.git 5040
2025-05-18 00:33:19.446 [warning] [Decorations] CAPPING events from decorations provider vscode.git 5040
2025-05-18 00:33:25.262 [warning] [Decorations] CAPPING events from decorations provider vscode.git 5040
2025-05-18 00:33:30.401 [warning] [Decorations] CAPPING events from decorations provider vscode.git 5041
2025-05-18 00:33:36.701 [warning] [Decorations] CAPPING events from decorations provider vscode.git 5041
2025-05-18 00:33:41.884 [warning] [Decorations] CAPPING events from decorations provider vscode.git 5042
2025-05-18 00:37:18.959 [warning] [Decorations] CAPPING events from decorations provider vscode.git 5042
2025-05-18 00:37:24.120 [warning] [Decorations] CAPPING events from decorations provider vscode.git 5043
2025-05-18 00:37:29.260 [warning] [Decorations] CAPPING events from decorations provider vscode.git 5043
2025-05-18 00:37:34.439 [warning] [Decorations] CAPPING events from decorations provider vscode.git 5043
2025-05-18 00:37:39.547 [warning] [Decorations] CAPPING events from decorations provider vscode.git 5043
2025-05-18 00:37:44.684 [warning] [Decorations] CAPPING events from decorations provider vscode.git 5043
2025-05-18 00:37:49.826 [warning] [Decorations] CAPPING events from decorations provider vscode.git 5043
2025-05-18 00:37:54.958 [warning] [Decorations] CAPPING events from decorations provider vscode.git 5043
2025-05-18 00:38:00.099 [warning] [Decorations] CAPPING events from decorations provider vscode.git 5043
2025-05-18 00:38:05.224 [warning] [Decorations] CAPPING events from decorations provider vscode.git 5043
2025-05-18 00:38:10.472 [warning] [Decorations] CAPPING events from decorations provider vscode.git 5043
2025-05-18 00:38:16.072 [warning] [Decorations] CAPPING events from decorations provider vscode.git 5044
2025-05-18 00:38:21.184 [warning] [Decorations] CAPPING events from decorations provider vscode.git 5044
2025-05-18 00:38:26.291 [warning] [Decorations] CAPPING events from decorations provider vscode.git 5044
2025-05-18 00:38:31.416 [warning] [Decorations] CAPPING events from decorations provider vscode.git 5044
2025-05-18 00:38:36.524 [warning] [Decorations] CAPPING events from decorations provider vscode.git 5044
2025-05-18 00:38:42.164 [warning] [Decorations] CAPPING events from decorations provider vscode.git 5044
2025-05-18 00:38:47.301 [warning] [Decorations] CAPPING events from decorations provider vscode.git 5044
2025-05-18 00:38:52.445 [warning] [Decorations] CAPPING events from decorations provider vscode.git 5044
2025-05-18 00:38:59.193 [warning] [Decorations] CAPPING events from decorations provider vscode.git 5044
2025-05-18 00:39:04.329 [warning] [Decorations] CAPPING events from decorations provider vscode.git 5044
2025-05-18 00:39:09.429 [warning] [Decorations] CAPPING events from decorations provider vscode.git 5044
2025-05-18 00:39:14.572 [warning] [Decorations] CAPPING events from decorations provider vscode.git 5044
2025-05-18 00:39:25.226 [warning] [Decorations] CAPPING events from decorations provider vscode.git 5045
2025-05-18 00:39:30.390 [warning] [Decorations] CAPPING events from decorations provider vscode.git 5045
2025-05-18 00:39:35.520 [warning] [Decorations] CAPPING events from decorations provider vscode.git 5045
2025-05-18 00:39:40.647 [warning] [Decorations] CAPPING events from decorations provider vscode.git 5045
2025-05-18 00:40:36.956 [warning] [Decorations] CAPPING events from decorations provider vscode.git 5045
2025-05-18 00:40:42.079 [warning] [Decorations] CAPPING events from decorations provider vscode.git 5045
2025-05-18 00:40:47.755 [warning] [Decorations] CAPPING events from decorations provider vscode.git 5045
2025-05-18 00:40:52.861 [warning] [Decorations] CAPPING events from decorations provider vscode.git 5045
2025-05-18 00:40:57.968 [warning] [Decorations] CAPPING events from decorations provider vscode.git 5045
2025-05-18 00:41:03.114 [warning] [Decorations] CAPPING events from decorations provider vscode.git 5045
2025-05-18 00:41:08.837 [warning] [Decorations] CAPPING events from decorations provider vscode.git 5045
2025-05-18 00:41:13.965 [warning] [Decorations] CAPPING events from decorations provider vscode.git 5045
2025-05-18 00:41:19.069 [warning] [Decorations] CAPPING events from decorations provider vscode.git 5045
2025-05-18 00:41:24.249 [warning] [Decorations] CAPPING events from decorations provider vscode.git 5045
2025-05-18 00:41:29.371 [warning] [Decorations] CAPPING events from decorations provider vscode.git 5045
2025-05-18 00:41:34.506 [warning] [Decorations] CAPPING events from decorations provider vscode.git 5045
2025-05-18 00:41:39.687 [warning] [Decorations] CAPPING events from decorations provider vscode.git 5045
2025-05-18 00:41:44.816 [warning] [Decorations] CAPPING events from decorations provider vscode.git 5045
2025-05-18 00:41:49.969 [warning] [Decorations] CAPPING events from decorations provider vscode.git 5045
2025-05-18 00:41:55.107 [warning] [Decorations] CAPPING events from decorations provider vscode.git 5045
2025-05-18 00:42:00.756 [warning] [Decorations] CAPPING events from decorations provider vscode.git 5045
2025-05-18 00:42:05.931 [warning] [Decorations] CAPPING events from decorations provider vscode.git 5045
2025-05-18 00:42:11.055 [warning] [Decorations] CAPPING events from decorations provider vscode.git 5045
2025-05-18 00:42:16.218 [warning] [Decorations] CAPPING events from decorations provider vscode.git 5045
2025-05-18 00:42:22.851 [warning] [Decorations] CAPPING events from decorations provider vscode.git 5045
2025-05-18 00:42:27.973 [warning] [Decorations] CAPPING events from decorations provider vscode.git 5045
2025-05-18 00:42:33.098 [warning] [Decorations] CAPPING events from decorations provider vscode.git 5045
2025-05-18 00:42:38.261 [warning] [Decorations] CAPPING events from decorations provider vscode.git 5045
2025-05-18 00:42:43.367 [warning] [Decorations] CAPPING events from decorations provider vscode.git 5045
2025-05-18 00:42:48.473 [warning] [Decorations] CAPPING events from decorations provider vscode.git 5045
2025-05-18 00:42:53.595 [warning] [Decorations] CAPPING events from decorations provider vscode.git 5045
2025-05-18 00:42:58.749 [warning] [Decorations] CAPPING events from decorations provider vscode.git 5045
2025-05-18 00:43:03.931 [warning] [Decorations] CAPPING events from decorations provider vscode.git 5045
2025-05-18 00:43:09.055 [warning] [Decorations] CAPPING events from decorations provider vscode.git 5045
2025-05-18 00:43:14.203 [warning] [Decorations] CAPPING events from decorations provider vscode.git 5045
2025-05-18 00:43:19.317 [warning] [Decorations] CAPPING events from decorations provider vscode.git 5045
2025-05-18 00:43:24.435 [warning] [Decorations] CAPPING events from decorations provider vscode.git 5045
2025-05-18 00:43:30.062 [warning] [Decorations] CAPPING events from decorations provider vscode.git 5045
2025-05-18 00:43:35.221 [warning] [Decorations] CAPPING events from decorations provider vscode.git 5045
2025-05-18 01:02:16.923 [warning] [Decorations] CAPPING events from decorations provider vscode.git 5045
2025-05-18 01:02:22.206 [warning] [Decorations] CAPPING events from decorations provider vscode.git 5045
2025-05-18 01:02:27.330 [warning] [Decorations] CAPPING events from decorations provider vscode.git 5045
2025-05-18 01:02:44.265 [warning] [Decorations] CAPPING events from decorations provider vscode.git 5045
2025-05-18 01:02:49.391 [warning] [Decorations] CAPPING events from decorations provider vscode.git 5045
2025-05-18 01:02:54.529 [warning] [Decorations] CAPPING events from decorations provider vscode.git 5045
2025-05-18 01:02:59.633 [warning] [Decorations] CAPPING events from decorations provider vscode.git 5045
2025-05-18 01:03:04.770 [warning] [Decorations] CAPPING events from decorations provider vscode.git 5045
2025-05-18 01:03:09.896 [warning] [Decorations] CAPPING events from decorations provider vscode.git 5045
2025-05-18 01:03:15.004 [warning] [Decorations] CAPPING events from decorations provider vscode.git 5045
2025-05-18 01:03:20.136 [warning] [Decorations] CAPPING events from decorations provider vscode.git 5045
2025-05-18 01:03:25.249 [warning] [Decorations] CAPPING events from decorations provider vscode.git 5045
2025-05-18 01:03:30.353 [warning] [Decorations] CAPPING events from decorations provider vscode.git 5045
2025-05-18 01:03:35.477 [warning] [Decorations] CAPPING events from decorations provider vscode.git 5045
2025-05-18 01:03:40.651 [warning] [Decorations] CAPPING events from decorations provider vscode.git 5045
2025-05-18 01:03:45.787 [warning] [Decorations] CAPPING events from decorations provider vscode.git 5045
2025-05-18 01:03:50.896 [warning] [Decorations] CAPPING events from decorations provider vscode.git 5045
2025-05-18 01:03:56.019 [warning] [Decorations] CAPPING events from decorations provider vscode.git 5045
2025-05-18 01:04:01.152 [warning] [Decorations] CAPPING events from decorations provider vscode.git 5046
2025-05-18 01:04:06.339 [warning] [Decorations] CAPPING events from decorations provider vscode.git 5046
2025-05-18 01:04:12.040 [warning] [Decorations] CAPPING events from decorations provider vscode.git 5047
2025-05-18 01:04:17.186 [warning] [Decorations] CAPPING events from decorations provider vscode.git 5047
2025-05-18 01:04:23.040 [warning] [Decorations] CAPPING events from decorations provider vscode.git 5048
2025-05-18 01:04:28.189 [warning] [Decorations] CAPPING events from decorations provider vscode.git 5048
2025-05-18 01:04:33.295 [warning] [Decorations] CAPPING events from decorations provider vscode.git 5048
2025-05-18 01:05:54.406 [warning] [Decorations] CAPPING events from decorations provider vscode.git 5048
2025-05-18 01:05:59.525 [warning] [Decorations] CAPPING events from decorations provider vscode.git 5048
2025-05-18 01:06:04.645 [warning] [Decorations] CAPPING events from decorations provider vscode.git 5048
2025-05-18 01:06:09.755 [warning] [Decorations] CAPPING events from decorations provider vscode.git 5048
2025-05-18 01:06:14.875 [warning] [Decorations] CAPPING events from decorations provider vscode.git 5049
2025-05-18 01:06:19.995 [warning] [Decorations] CAPPING events from decorations provider vscode.git 5049
2025-05-18 01:06:25.105 [warning] [Decorations] CAPPING events from decorations provider vscode.git 5049
2025-05-18 01:06:30.215 [warning] [Decorations] CAPPING events from decorations provider vscode.git 5049
2025-05-18 01:06:35.365 [warning] [Decorations] CAPPING events from decorations provider vscode.git 5050
2025-05-18 01:06:40.524 [warning] [Decorations] CAPPING events from decorations provider vscode.git 5050
2025-05-18 01:06:45.657 [warning] [Decorations] CAPPING events from decorations provider vscode.git 5050
2025-05-18 01:06:50.790 [warning] [Decorations] CAPPING events from decorations provider vscode.git 5050
2025-05-18 01:06:55.922 [warning] [Decorations] CAPPING events from decorations provider vscode.git 5051
2025-05-18 01:07:01.050 [warning] [Decorations] CAPPING events from decorations provider vscode.git 5051
2025-05-18 01:07:06.246 [warning] [Decorations] CAPPING events from decorations provider vscode.git 5051
2025-05-18 01:07:11.367 [warning] [Decorations] CAPPING events from decorations provider vscode.git 5051
2025-05-18 01:07:16.827 [warning] [Decorations] CAPPING events from decorations provider vscode.git 5051
2025-05-18 01:07:21.968 [warning] [Decorations] CAPPING events from decorations provider vscode.git 5051
2025-05-18 01:07:27.076 [warning] [Decorations] CAPPING events from decorations provider vscode.git 5051
2025-05-18 01:07:33.076 [warning] [Decorations] CAPPING events from decorations provider vscode.git 5051
2025-05-18 01:07:38.186 [warning] [Decorations] CAPPING events from decorations provider vscode.git 5052
2025-05-18 01:07:54.185 [warning] [Decorations] CAPPING events from decorations provider vscode.git 5052
2025-05-18 01:07:59.324 [warning] [Decorations] CAPPING events from decorations provider vscode.git 5052
2025-05-18 01:08:04.439 [warning] [Decorations] CAPPING events from decorations provider vscode.git 5052
2025-05-18 01:08:11.077 [warning] [Decorations] CAPPING events from decorations provider vscode.git 5053
2025-05-18 01:08:16.269 [warning] [Decorations] CAPPING events from decorations provider vscode.git 5053
2025-05-18 01:08:21.461 [warning] [Decorations] CAPPING events from decorations provider vscode.git 5056
2025-05-18 01:08:26.602 [warning] [Decorations] CAPPING events from decorations provider vscode.git 5056
2025-05-18 01:08:31.729 [warning] [Decorations] CAPPING events from decorations provider vscode.git 5056
2025-05-18 01:08:38.389 [warning] [Decorations] CAPPING events from decorations provider vscode.git 5059
2025-05-18 01:08:43.488 [warning] [Decorations] CAPPING events from decorations provider vscode.git 5059
2025-05-18 01:08:47.589 [warning] [Decorations] CAPPING events from decorations provider vscode.git 5059
2025-05-18 01:08:49.344 [warning] [Decorations] CAPPING events from decorations provider vscode.git 3434
2025-05-18 01:08:55.221 [warning] [Decorations] CAPPING events from decorations provider vscode.git 3434
2025-05-18 01:09:01.090 [warning] [Decorations] CAPPING events from decorations provider vscode.git 3434
2025-05-18 01:09:07.016 [warning] [Decorations] CAPPING events from decorations provider vscode.git 3434
2025-05-18 01:09:12.854 [warning] [Decorations] CAPPING events from decorations provider vscode.git 3434
2025-05-18 01:09:18.707 [warning] [Decorations] CAPPING events from decorations provider vscode.git 3434
2025-05-18 01:09:24.587 [warning] [Decorations] CAPPING events from decorations provider vscode.git 3434
2025-05-18 01:09:30.444 [warning] [Decorations] CAPPING events from decorations provider vscode.git 3434
2025-05-18 01:09:36.298 [warning] [Decorations] CAPPING events from decorations provider vscode.git 3434
2025-05-18 01:09:42.146 [warning] [Decorations] CAPPING events from decorations provider vscode.git 3434
2025-05-18 01:09:48.051 [warning] [Decorations] CAPPING events from decorations provider vscode.git 3434
2025-05-18 01:09:53.898 [warning] [Decorations] CAPPING events from decorations provider vscode.git 3434
2025-05-18 01:09:59.813 [warning] [Decorations] CAPPING events from decorations provider vscode.git 3434
2025-05-18 01:10:05.683 [warning] [Decorations] CAPPING events from decorations provider vscode.git 3434
2025-05-18 01:10:11.520 [warning] [Decorations] CAPPING events from decorations provider vscode.git 3434
2025-05-18 01:10:17.351 [warning] [Decorations] CAPPING events from decorations provider vscode.git 3434
2025-05-18 01:10:23.200 [warning] [Decorations] CAPPING events from decorations provider vscode.git 3434
2025-05-18 01:10:26.547 [warning] [Decorations] CAPPING events from decorations provider vscode.git 3434
