2025-05-29 20:58:27.651 [info] [main] Log level: Info
2025-05-29 20:58:27.651 [info] [main] Validating found git in: "git"
2025-05-29 20:58:27.651 [info] [main] Using git "2.34.1" from "git"
2025-05-29 20:58:27.651 [info] [Model][doInitialScan] Initial repository scan started
2025-05-29 20:58:27.651 [info] > git rev-parse --show-toplevel [6ms]
2025-05-29 20:58:27.651 [info] > git rev-parse --git-dir --git-common-dir [461ms]
2025-05-29 20:58:27.651 [info] [Model][openRepository] Opened repository (path): /home/etaico
2025-05-29 20:58:27.651 [info] [Model][openRepository] Opened repository (real path): /home/etaico
2025-05-29 20:58:27.654 [info] > git rev-parse --show-toplevel [5ms]
2025-05-29 20:58:27.656 [info] > git config --get commit.template [13ms]
2025-05-29 20:58:27.762 [info] > git rev-parse --show-toplevel [96ms]
2025-05-29 20:58:27.970 [info] > git for-each-ref --format=%(refname)%00%(upstream:short)%00%(objectname)%00%(upstream:track)%00%(upstream:remotename)%00%(upstream:remoteref) refs/heads/part3 refs/remotes/part3 [287ms]
2025-05-29 20:58:27.992 [info] > git rev-parse --show-toplevel [223ms]
2025-05-29 20:58:28.707 [info] > git check-ignore -v -z --stdin [11ms]
2025-05-29 20:58:28.708 [info] > git rev-parse --show-toplevel [23ms]
2025-05-29 20:58:28.712 [info] [Model][doInitialScan] Initial repository scan completed - repositories (1), closed repositories (0), parent repositories (0), unsafe repositories (0)
2025-05-29 20:58:29.197 [info] > git show --textconv :part1_EL.y [478ms]
2025-05-29 20:58:29.198 [info] > git status -z -uall [466ms]
2025-05-29 20:58:29.198 [info] > git ls-files --stage -- part1_EL.y [474ms]
2025-05-29 20:58:29.214 [info] > git for-each-ref --sort -committerdate --format %(refname)%00%(objectname)%00%(*objectname) [475ms]
2025-05-29 20:58:29.270 [info] > git for-each-ref --format=%(refname)%00%(upstream:short)%00%(objectname)%00%(upstream:track)%00%(upstream:remotename)%00%(upstream:remoteref) refs/heads/part3 refs/remotes/part3 [9ms]
2025-05-29 20:58:29.277 [info] > git cat-file -s c8ed721e4d2a0192586a27b0398cfcd015b8ddb8 [75ms]
2025-05-29 20:58:29.296 [info] > git config --get --local branch.part3.vscode-merge-base [20ms]
2025-05-29 20:58:29.303 [info] > git config --get commit.template [33ms]
2025-05-29 20:58:29.331 [info] > git for-each-ref --format=%(refname)%00%(upstream:short)%00%(objectname)%00%(upstream:track)%00%(upstream:remotename)%00%(upstream:remoteref) refs/heads/origin/part3 refs/remotes/origin/part3 [29ms]
2025-05-29 20:58:29.448 [info] > git merge-base refs/heads/part3 refs/remotes/origin/part3 [111ms]
2025-05-29 20:58:29.480 [info] > git for-each-ref --format=%(refname)%00%(upstream:short)%00%(objectname)%00%(upstream:track)%00%(upstream:remotename)%00%(upstream:remoteref) refs/heads/part3 refs/remotes/part3 [95ms]
2025-05-29 20:58:29.489 [info] > git diff --name-status -z --diff-filter=ADMR 2aa5c7b7ddb9fc3b305cfd6e1a79d7988c341d55...refs/remotes/origin/part3 [36ms]
2025-05-29 20:58:29.631 [info] > git status -z -uall [23ms]
2025-05-29 20:58:29.632 [info] > git for-each-ref --sort -committerdate --format %(refname)%00%(objectname)%00%(*objectname) [18ms]
2025-05-29 20:58:29.825 [info] > git config --get commit.template [117ms]
2025-05-29 20:58:29.864 [info] > git blame --root --incremental 2aa5c7b7ddb9fc3b305cfd6e1a79d7988c341d55 -- part1_EL.y [232ms]
2025-05-29 20:58:30.113 [info] > git for-each-ref --format=%(refname)%00%(upstream:short)%00%(objectname)%00%(upstream:track)%00%(upstream:remotename)%00%(upstream:remoteref) refs/heads/part3 refs/remotes/part3 [205ms]
2025-05-29 20:58:30.205 [info] > git for-each-ref --sort -committerdate --format %(refname)%00%(objectname)%00%(*objectname) [7ms]
2025-05-29 20:58:30.211 [info] > git status -z -uall [20ms]
2025-05-29 20:59:10.589 [info] > git config --get commit.template [2ms]
2025-05-29 20:59:10.598 [info] > git for-each-ref --format=%(refname)%00%(upstream:short)%00%(objectname)%00%(upstream:track)%00%(upstream:remotename)%00%(upstream:remoteref) refs/heads/part3 refs/remotes/part3 [3ms]
2025-05-29 20:59:10.615 [info] > git for-each-ref --sort -committerdate --format %(refname)%00%(objectname)%00%(*objectname) [3ms]
2025-05-29 20:59:10.624 [info] > git status -z -uall [19ms]
2025-05-29 20:59:15.658 [info] > git config --get commit.template [7ms]
2025-05-29 20:59:15.659 [info] > git for-each-ref --format=%(refname)%00%(upstream:short)%00%(objectname)%00%(upstream:track)%00%(upstream:remotename)%00%(upstream:remoteref) refs/heads/part3 refs/remotes/part3 [2ms]
2025-05-29 20:59:15.673 [info] > git for-each-ref --sort -committerdate --format %(refname)%00%(objectname)%00%(*objectname) [1ms]
2025-05-29 20:59:15.682 [info] > git status -z -uall [17ms]
2025-05-29 20:59:20.700 [info] > git config --get commit.template [2ms]
2025-05-29 20:59:20.706 [info] > git for-each-ref --format=%(refname)%00%(upstream:short)%00%(objectname)%00%(upstream:track)%00%(upstream:remotename)%00%(upstream:remoteref) refs/heads/part3 refs/remotes/part3 [1ms]
2025-05-29 20:59:20.718 [info] > git for-each-ref --sort -committerdate --format %(refname)%00%(objectname)%00%(*objectname) [3ms]
2025-05-29 20:59:20.727 [info] > git status -z -uall [16ms]
2025-05-29 20:59:21.538 [info] > git show --textconv :testp3.txt [6ms]
2025-05-29 20:59:21.539 [info] > git ls-files --stage -- testp3.txt [2ms]
2025-05-29 20:59:21.545 [info] > git cat-file -s a020bcff43d9919958682adba9b6b1ebdf42b22d [1ms]
2025-05-29 20:59:21.626 [info] > git blame --root --incremental 2aa5c7b7ddb9fc3b305cfd6e1a79d7988c341d55 -- testp3.txt [28ms]
2025-05-29 20:59:21.895 [info] > git check-ignore -v -z --stdin [2ms]
2025-05-29 20:59:26.393 [info] > git config --get commit.template [14ms]
2025-05-29 20:59:26.393 [info] > git for-each-ref --format=%(refname)%00%(upstream:short)%00%(objectname)%00%(upstream:track)%00%(upstream:remotename)%00%(upstream:remoteref) refs/heads/part3 refs/remotes/part3 [1ms]
2025-05-29 20:59:26.404 [info] > git for-each-ref --sort -committerdate --format %(refname)%00%(objectname)%00%(*objectname) [2ms]
2025-05-29 20:59:26.412 [info] > git status -z -uall [14ms]
2025-05-29 20:59:31.448 [info] > git config --get commit.template [12ms]
2025-05-29 20:59:31.451 [info] > git for-each-ref --format=%(refname)%00%(upstream:short)%00%(objectname)%00%(upstream:track)%00%(upstream:remotename)%00%(upstream:remoteref) refs/heads/part3 refs/remotes/part3 [4ms]
2025-05-29 20:59:31.481 [info] > git for-each-ref --sort -committerdate --format %(refname)%00%(objectname)%00%(*objectname) [3ms]
2025-05-29 20:59:31.490 [info] > git status -z -uall [22ms]
2025-05-29 20:59:36.527 [info] > git config --get commit.template [13ms]
2025-05-29 20:59:36.530 [info] > git for-each-ref --format=%(refname)%00%(upstream:short)%00%(objectname)%00%(upstream:track)%00%(upstream:remotename)%00%(upstream:remoteref) refs/heads/part3 refs/remotes/part3 [3ms]
2025-05-29 20:59:36.558 [info] > git for-each-ref --sort -committerdate --format %(refname)%00%(objectname)%00%(*objectname) [3ms]
2025-05-29 20:59:36.567 [info] > git status -z -uall [24ms]
2025-05-29 20:59:41.588 [info] > git config --get commit.template [7ms]
2025-05-29 20:59:41.588 [info] > git for-each-ref --format=%(refname)%00%(upstream:short)%00%(objectname)%00%(upstream:track)%00%(upstream:remotename)%00%(upstream:remoteref) refs/heads/part3 refs/remotes/part3 [1ms]
2025-05-29 20:59:41.599 [info] > git for-each-ref --sort -committerdate --format %(refname)%00%(objectname)%00%(*objectname) [2ms]
2025-05-29 20:59:41.607 [info] > git status -z -uall [15ms]
2025-05-29 20:59:46.637 [info] > git config --get commit.template [5ms]
2025-05-29 20:59:46.638 [info] > git for-each-ref --format=%(refname)%00%(upstream:short)%00%(objectname)%00%(upstream:track)%00%(upstream:remotename)%00%(upstream:remoteref) refs/heads/part3 refs/remotes/part3 [1ms]
2025-05-29 20:59:46.649 [info] > git for-each-ref --sort -committerdate --format %(refname)%00%(objectname)%00%(*objectname) [1ms]
2025-05-29 20:59:46.657 [info] > git status -z -uall [14ms]
2025-05-29 20:59:51.689 [info] > git config --get commit.template [10ms]
2025-05-29 20:59:51.689 [info] > git for-each-ref --format=%(refname)%00%(upstream:short)%00%(objectname)%00%(upstream:track)%00%(upstream:remotename)%00%(upstream:remoteref) refs/heads/part3 refs/remotes/part3 [1ms]
2025-05-29 20:59:51.700 [info] > git for-each-ref --sort -committerdate --format %(refname)%00%(objectname)%00%(*objectname) [2ms]
2025-05-29 20:59:51.709 [info] > git status -z -uall [15ms]
2025-05-29 20:59:56.744 [info] > git config --get commit.template [14ms]
2025-05-29 20:59:56.746 [info] > git for-each-ref --format=%(refname)%00%(upstream:short)%00%(objectname)%00%(upstream:track)%00%(upstream:remotename)%00%(upstream:remoteref) refs/heads/part3 refs/remotes/part3 [4ms]
2025-05-29 20:59:56.764 [info] > git for-each-ref --sort -committerdate --format %(refname)%00%(objectname)%00%(*objectname) [1ms]
2025-05-29 20:59:56.772 [info] > git status -z -uall [14ms]
2025-05-29 21:00:02.454 [info] > git config --get commit.template [6ms]
2025-05-29 21:00:02.454 [info] > git for-each-ref --format=%(refname)%00%(upstream:short)%00%(objectname)%00%(upstream:track)%00%(upstream:remotename)%00%(upstream:remoteref) refs/heads/part3 refs/remotes/part3 [1ms]
2025-05-29 21:00:02.464 [info] > git for-each-ref --sort -committerdate --format %(refname)%00%(objectname)%00%(*objectname) [1ms]
2025-05-29 21:00:02.473 [info] > git status -z -uall [14ms]
2025-05-29 21:00:07.496 [info] > git config --get commit.template [5ms]
2025-05-29 21:00:07.497 [info] > git for-each-ref --format=%(refname)%00%(upstream:short)%00%(objectname)%00%(upstream:track)%00%(upstream:remotename)%00%(upstream:remoteref) refs/heads/part3 refs/remotes/part3 [2ms]
2025-05-29 21:00:07.507 [info] > git for-each-ref --sort -committerdate --format %(refname)%00%(objectname)%00%(*objectname) [1ms]
2025-05-29 21:00:07.516 [info] > git status -z -uall [14ms]
2025-05-29 21:00:12.534 [info] > git config --get commit.template [4ms]
2025-05-29 21:00:12.534 [info] > git for-each-ref --format=%(refname)%00%(upstream:short)%00%(objectname)%00%(upstream:track)%00%(upstream:remotename)%00%(upstream:remoteref) refs/heads/part3 refs/remotes/part3 [1ms]
2025-05-29 21:00:12.544 [info] > git for-each-ref --sort -committerdate --format %(refname)%00%(objectname)%00%(*objectname) [2ms]
2025-05-29 21:00:12.553 [info] > git status -z -uall [14ms]
2025-05-29 21:00:17.587 [info] > git config --get commit.template [12ms]
2025-05-29 21:00:17.590 [info] > git for-each-ref --format=%(refname)%00%(upstream:short)%00%(objectname)%00%(upstream:track)%00%(upstream:remotename)%00%(upstream:remoteref) refs/heads/part3 refs/remotes/part3 [4ms]
2025-05-29 21:00:17.607 [info] > git for-each-ref --sort -committerdate --format %(refname)%00%(objectname)%00%(*objectname) [2ms]
2025-05-29 21:00:17.616 [info] > git status -z -uall [13ms]
2025-05-29 21:00:22.647 [info] > git config --get commit.template [10ms]
2025-05-29 21:00:22.648 [info] > git for-each-ref --format=%(refname)%00%(upstream:short)%00%(objectname)%00%(upstream:track)%00%(upstream:remotename)%00%(upstream:remoteref) refs/heads/part3 refs/remotes/part3 [2ms]
2025-05-29 21:00:22.659 [info] > git for-each-ref --sort -committerdate --format %(refname)%00%(objectname)%00%(*objectname) [2ms]
2025-05-29 21:00:22.667 [info] > git status -z -uall [14ms]
2025-05-29 21:00:27.690 [info] > git config --get commit.template [8ms]
2025-05-29 21:00:27.690 [info] > git for-each-ref --format=%(refname)%00%(upstream:short)%00%(objectname)%00%(upstream:track)%00%(upstream:remotename)%00%(upstream:remoteref) refs/heads/part3 refs/remotes/part3 [1ms]
2025-05-29 21:00:27.703 [info] > git for-each-ref --sort -committerdate --format %(refname)%00%(objectname)%00%(*objectname) [2ms]
2025-05-29 21:00:27.714 [info] > git status -z -uall [19ms]
2025-05-29 21:00:33.390 [info] > git config --get commit.template [13ms]
2025-05-29 21:00:33.393 [info] > git for-each-ref --format=%(refname)%00%(upstream:short)%00%(objectname)%00%(upstream:track)%00%(upstream:remotename)%00%(upstream:remoteref) refs/heads/part3 refs/remotes/part3 [4ms]
2025-05-29 21:00:33.414 [info] > git for-each-ref --sort -committerdate --format %(refname)%00%(objectname)%00%(*objectname) [2ms]
2025-05-29 21:00:33.422 [info] > git status -z -uall [16ms]
2025-05-29 21:00:38.459 [info] > git config --get commit.template [13ms]
2025-05-29 21:00:38.461 [info] > git for-each-ref --format=%(refname)%00%(upstream:short)%00%(objectname)%00%(upstream:track)%00%(upstream:remotename)%00%(upstream:remoteref) refs/heads/part3 refs/remotes/part3 [4ms]
2025-05-29 21:00:38.489 [info] > git for-each-ref --sort -committerdate --format %(refname)%00%(objectname)%00%(*objectname) [4ms]
2025-05-29 21:00:38.498 [info] > git status -z -uall [24ms]
2025-05-29 21:00:43.535 [info] > git config --get commit.template [14ms]
2025-05-29 21:00:43.537 [info] > git for-each-ref --format=%(refname)%00%(upstream:short)%00%(objectname)%00%(upstream:track)%00%(upstream:remotename)%00%(upstream:remoteref) refs/heads/part3 refs/remotes/part3 [4ms]
2025-05-29 21:00:43.559 [info] > git for-each-ref --sort -committerdate --format %(refname)%00%(objectname)%00%(*objectname) [2ms]
2025-05-29 21:00:43.571 [info] > git status -z -uall [22ms]
2025-05-29 21:00:48.592 [info] > git config --get commit.template [6ms]
2025-05-29 21:00:48.595 [info] > git for-each-ref --format=%(refname)%00%(upstream:short)%00%(objectname)%00%(upstream:track)%00%(upstream:remotename)%00%(upstream:remoteref) refs/heads/part3 refs/remotes/part3 [4ms]
2025-05-29 21:00:48.608 [info] > git for-each-ref --sort -committerdate --format %(refname)%00%(objectname)%00%(*objectname) [2ms]
2025-05-29 21:00:48.617 [info] > git status -z -uall [16ms]
2025-05-29 21:00:53.653 [info] > git config --get commit.template [13ms]
2025-05-29 21:00:53.656 [info] > git for-each-ref --format=%(refname)%00%(upstream:short)%00%(objectname)%00%(upstream:track)%00%(upstream:remotename)%00%(upstream:remoteref) refs/heads/part3 refs/remotes/part3 [3ms]
2025-05-29 21:00:53.686 [info] > git for-each-ref --sort -committerdate --format %(refname)%00%(objectname)%00%(*objectname) [5ms]
2025-05-29 21:00:53.699 [info] > git status -z -uall [30ms]
2025-05-29 21:00:58.716 [info] > git config --get commit.template [1ms]
2025-05-29 21:00:58.723 [info] > git for-each-ref --format=%(refname)%00%(upstream:short)%00%(objectname)%00%(upstream:track)%00%(upstream:remotename)%00%(upstream:remoteref) refs/heads/part3 refs/remotes/part3 [2ms]
2025-05-29 21:00:58.737 [info] > git for-each-ref --sort -committerdate --format %(refname)%00%(objectname)%00%(*objectname) [3ms]
2025-05-29 21:00:58.746 [info] > git status -z -uall [17ms]
2025-05-29 21:01:04.456 [info] > git config --get commit.template [688ms]
2025-05-29 21:01:04.456 [info] > git for-each-ref --format=%(refname)%00%(upstream:short)%00%(objectname)%00%(upstream:track)%00%(upstream:remotename)%00%(upstream:remoteref) refs/heads/part3 refs/remotes/part3 [1ms]
2025-05-29 21:01:04.467 [info] > git for-each-ref --sort -committerdate --format %(refname)%00%(objectname)%00%(*objectname) [2ms]
2025-05-29 21:01:04.475 [info] > git status -z -uall [14ms]
2025-05-29 21:01:09.493 [info] > git config --get commit.template [5ms]
2025-05-29 21:01:09.494 [info] > git for-each-ref --format=%(refname)%00%(upstream:short)%00%(objectname)%00%(upstream:track)%00%(upstream:remotename)%00%(upstream:remoteref) refs/heads/part3 refs/remotes/part3 [2ms]
2025-05-29 21:01:09.507 [info] > git for-each-ref --sort -committerdate --format %(refname)%00%(objectname)%00%(*objectname) [3ms]
2025-05-29 21:01:09.517 [info] > git status -z -uall [19ms]
2025-05-29 21:01:14.542 [info] > git config --get commit.template [4ms]
2025-05-29 21:01:14.559 [info] > git for-each-ref --format=%(refname)%00%(upstream:short)%00%(objectname)%00%(upstream:track)%00%(upstream:remotename)%00%(upstream:remoteref) refs/heads/part3 refs/remotes/part3 [4ms]
2025-05-29 21:01:14.576 [info] > git for-each-ref --sort -committerdate --format %(refname)%00%(objectname)%00%(*objectname) [3ms]
2025-05-29 21:01:14.584 [info] > git status -z -uall [17ms]
2025-05-29 21:01:19.604 [info] > git config --get commit.template [6ms]
2025-05-29 21:01:19.606 [info] > git for-each-ref --format=%(refname)%00%(upstream:short)%00%(objectname)%00%(upstream:track)%00%(upstream:remotename)%00%(upstream:remoteref) refs/heads/part3 refs/remotes/part3 [2ms]
2025-05-29 21:01:19.619 [info] > git for-each-ref --sort -committerdate --format %(refname)%00%(objectname)%00%(*objectname) [1ms]
2025-05-29 21:01:19.628 [info] > git status -z -uall [16ms]
2025-05-29 21:01:24.665 [info] > git config --get commit.template [12ms]
2025-05-29 21:01:24.665 [info] > git for-each-ref --format=%(refname)%00%(upstream:short)%00%(objectname)%00%(upstream:track)%00%(upstream:remotename)%00%(upstream:remoteref) refs/heads/part3 refs/remotes/part3 [1ms]
2025-05-29 21:01:24.676 [info] > git for-each-ref --sort -committerdate --format %(refname)%00%(objectname)%00%(*objectname) [2ms]
2025-05-29 21:01:24.685 [info] > git status -z -uall [15ms]
2025-05-29 21:01:29.702 [info] > git config --get commit.template [6ms]
2025-05-29 21:01:29.702 [info] > git for-each-ref --format=%(refname)%00%(upstream:short)%00%(objectname)%00%(upstream:track)%00%(upstream:remotename)%00%(upstream:remoteref) refs/heads/part3 refs/remotes/part3 [1ms]
2025-05-29 21:01:29.713 [info] > git for-each-ref --sort -committerdate --format %(refname)%00%(objectname)%00%(*objectname) [2ms]
2025-05-29 21:01:29.723 [info] > git status -z -uall [15ms]
2025-05-29 21:01:34.745 [info] > git config --get commit.template [8ms]
2025-05-29 21:01:34.746 [info] > git for-each-ref --format=%(refname)%00%(upstream:short)%00%(objectname)%00%(upstream:track)%00%(upstream:remotename)%00%(upstream:remoteref) refs/heads/part3 refs/remotes/part3 [2ms]
2025-05-29 21:01:34.758 [info] > git for-each-ref --sort -committerdate --format %(refname)%00%(objectname)%00%(*objectname) [2ms]
2025-05-29 21:01:34.771 [info] > git status -z -uall [19ms]
2025-05-29 21:01:40.481 [info] > git for-each-ref --format=%(refname)%00%(upstream:short)%00%(objectname)%00%(upstream:track)%00%(upstream:remotename)%00%(upstream:remoteref) refs/heads/part3 refs/remotes/part3 [2ms]
2025-05-29 21:01:40.481 [info] > git config --get commit.template [7ms]
2025-05-29 21:01:40.492 [info] > git for-each-ref --sort -committerdate --format %(refname)%00%(objectname)%00%(*objectname) [2ms]
2025-05-29 21:01:40.500 [info] > git status -z -uall [14ms]
2025-05-29 21:01:45.521 [info] > git config --get commit.template [7ms]
2025-05-29 21:01:45.522 [info] > git for-each-ref --format=%(refname)%00%(upstream:short)%00%(objectname)%00%(upstream:track)%00%(upstream:remotename)%00%(upstream:remoteref) refs/heads/part3 refs/remotes/part3 [1ms]
2025-05-29 21:01:45.534 [info] > git for-each-ref --sort -committerdate --format %(refname)%00%(objectname)%00%(*objectname) [2ms]
2025-05-29 21:01:45.544 [info] > git status -z -uall [17ms]
2025-05-29 21:01:50.582 [info] > git config --get commit.template [17ms]
2025-05-29 21:01:50.584 [info] > git for-each-ref --format=%(refname)%00%(upstream:short)%00%(objectname)%00%(upstream:track)%00%(upstream:remotename)%00%(upstream:remoteref) refs/heads/part3 refs/remotes/part3 [4ms]
2025-05-29 21:01:50.604 [info] > git for-each-ref --sort -committerdate --format %(refname)%00%(objectname)%00%(*objectname) [2ms]
2025-05-29 21:01:50.613 [info] > git status -z -uall [17ms]
2025-05-29 21:01:55.632 [info] > git config --get commit.template [5ms]
2025-05-29 21:01:55.632 [info] > git for-each-ref --format=%(refname)%00%(upstream:short)%00%(objectname)%00%(upstream:track)%00%(upstream:remotename)%00%(upstream:remoteref) refs/heads/part3 refs/remotes/part3 [1ms]
2025-05-29 21:01:55.642 [info] > git for-each-ref --sort -committerdate --format %(refname)%00%(objectname)%00%(*objectname) [1ms]
2025-05-29 21:01:55.651 [info] > git status -z -uall [15ms]
2025-05-29 21:02:00.688 [info] > git config --get commit.template [15ms]
2025-05-29 21:02:00.690 [info] > git for-each-ref --format=%(refname)%00%(upstream:short)%00%(objectname)%00%(upstream:track)%00%(upstream:remotename)%00%(upstream:remoteref) refs/heads/part3 refs/remotes/part3 [5ms]
2025-05-29 21:02:00.722 [info] > git for-each-ref --sort -committerdate --format %(refname)%00%(objectname)%00%(*objectname) [5ms]
2025-05-29 21:02:00.743 [info] > git status -z -uall [40ms]
2025-05-29 21:02:00.769 [info] > git merge-base refs/heads/part3 refs/remotes/origin/part3 [2ms]
2025-05-29 21:02:00.776 [info] > git diff --name-status -z --diff-filter=ADMR 2aa5c7b7ddb9fc3b305cfd6e1a79d7988c341d55...refs/remotes/origin/part3 [1ms]
2025-05-29 21:02:01.232 [info] > git ls-files --stage -- testp3.txt [2ms]
2025-05-29 21:02:01.237 [info] > git cat-file -s a020bcff43d9919958682adba9b6b1ebdf42b22d [1ms]
2025-05-29 21:02:01.247 [info] > git show --textconv :testp3.txt [3ms]
2025-05-29 21:02:07.586 [info] > git config --get commit.template [5ms]
2025-05-29 21:02:07.587 [info] > git for-each-ref --format=%(refname)%00%(upstream:short)%00%(objectname)%00%(upstream:track)%00%(upstream:remotename)%00%(upstream:remoteref) refs/heads/part3 refs/remotes/part3 [3ms]
2025-05-29 21:02:07.598 [info] > git for-each-ref --sort -committerdate --format %(refname)%00%(objectname)%00%(*objectname) [3ms]
2025-05-29 21:02:07.607 [info] > git status -z -uall [15ms]
2025-05-29 21:02:13.277 [info] > git config --get commit.template [5ms]
2025-05-29 21:02:13.278 [info] > git for-each-ref --format=%(refname)%00%(upstream:short)%00%(objectname)%00%(upstream:track)%00%(upstream:remotename)%00%(upstream:remoteref) refs/heads/part3 refs/remotes/part3 [2ms]
2025-05-29 21:02:13.290 [info] > git for-each-ref --sort -committerdate --format %(refname)%00%(objectname)%00%(*objectname) [3ms]
2025-05-29 21:02:13.298 [info] > git status -z -uall [16ms]
2025-05-29 21:02:18.329 [info] > git config --get commit.template [10ms]
2025-05-29 21:02:18.330 [info] > git for-each-ref --format=%(refname)%00%(upstream:short)%00%(objectname)%00%(upstream:track)%00%(upstream:remotename)%00%(upstream:remoteref) refs/heads/part3 refs/remotes/part3 [2ms]
2025-05-29 21:02:18.342 [info] > git for-each-ref --sort -committerdate --format %(refname)%00%(objectname)%00%(*objectname) [2ms]
2025-05-29 21:02:18.354 [info] > git status -z -uall [17ms]
2025-05-29 21:02:24.249 [info] > git config --get commit.template [7ms]
2025-05-29 21:02:24.251 [info] > git for-each-ref --format=%(refname)%00%(upstream:short)%00%(objectname)%00%(upstream:track)%00%(upstream:remotename)%00%(upstream:remoteref) refs/heads/part3 refs/remotes/part3 [3ms]
2025-05-29 21:02:24.263 [info] > git for-each-ref --sort -committerdate --format %(refname)%00%(objectname)%00%(*objectname) [2ms]
2025-05-29 21:02:24.273 [info] > git status -z -uall [16ms]
2025-05-29 21:02:24.707 [info] > git show --textconv :testp3.txt [4ms]
2025-05-29 21:02:24.709 [info] > git ls-files --stage -- testp3.txt [3ms]
2025-05-29 21:02:24.716 [info] > git cat-file -s a020bcff43d9919958682adba9b6b1ebdf42b22d [1ms]
2025-05-29 21:02:29.291 [info] > git config --get commit.template [5ms]
2025-05-29 21:02:29.292 [info] > git for-each-ref --format=%(refname)%00%(upstream:short)%00%(objectname)%00%(upstream:track)%00%(upstream:remotename)%00%(upstream:remoteref) refs/heads/part3 refs/remotes/part3 [2ms]
2025-05-29 21:02:29.303 [info] > git for-each-ref --sort -committerdate --format %(refname)%00%(objectname)%00%(*objectname) [2ms]
2025-05-29 21:02:29.312 [info] > git status -z -uall [15ms]
2025-05-29 21:02:34.346 [info] > git config --get commit.template [12ms]
2025-05-29 21:02:34.349 [info] > git for-each-ref --format=%(refname)%00%(upstream:short)%00%(objectname)%00%(upstream:track)%00%(upstream:remotename)%00%(upstream:remoteref) refs/heads/part3 refs/remotes/part3 [5ms]
2025-05-29 21:02:34.376 [info] > git for-each-ref --sort -committerdate --format %(refname)%00%(objectname)%00%(*objectname) [5ms]
2025-05-29 21:02:34.405 [info] > git status -z -uall [44ms]
2025-05-29 21:02:39.443 [info] > git config --get commit.template [12ms]
2025-05-29 21:02:39.446 [info] > git for-each-ref --format=%(refname)%00%(upstream:short)%00%(objectname)%00%(upstream:track)%00%(upstream:remotename)%00%(upstream:remoteref) refs/heads/part3 refs/remotes/part3 [5ms]
2025-05-29 21:02:39.474 [info] > git for-each-ref --sort -committerdate --format %(refname)%00%(objectname)%00%(*objectname) [5ms]
2025-05-29 21:02:39.500 [info] > git status -z -uall [41ms]
2025-05-29 21:02:45.274 [info] > git config --get commit.template [12ms]
2025-05-29 21:02:45.277 [info] > git for-each-ref --format=%(refname)%00%(upstream:short)%00%(objectname)%00%(upstream:track)%00%(upstream:remotename)%00%(upstream:remoteref) refs/heads/part3 refs/remotes/part3 [4ms]
2025-05-29 21:02:45.302 [info] > git for-each-ref --sort -committerdate --format %(refname)%00%(objectname)%00%(*objectname) [4ms]
2025-05-29 21:02:45.315 [info] > git status -z -uall [26ms]
2025-05-29 21:02:50.334 [info] > git config --get commit.template [6ms]
2025-05-29 21:02:50.335 [info] > git for-each-ref --format=%(refname)%00%(upstream:short)%00%(objectname)%00%(upstream:track)%00%(upstream:remotename)%00%(upstream:remoteref) refs/heads/part3 refs/remotes/part3 [2ms]
2025-05-29 21:02:50.343 [info] > git for-each-ref --sort -committerdate --format %(refname)%00%(objectname)%00%(*objectname) [2ms]
2025-05-29 21:02:50.351 [info] > git status -z -uall [13ms]
2025-05-29 21:02:55.369 [info] > git config --get commit.template [6ms]
2025-05-29 21:02:55.370 [info] > git for-each-ref --format=%(refname)%00%(upstream:short)%00%(objectname)%00%(upstream:track)%00%(upstream:remotename)%00%(upstream:remoteref) refs/heads/part3 refs/remotes/part3 [1ms]
2025-05-29 21:02:55.383 [info] > git for-each-ref --sort -committerdate --format %(refname)%00%(objectname)%00%(*objectname) [3ms]
2025-05-29 21:02:55.396 [info] > git status -z -uall [21ms]
2025-05-29 21:02:56.421 [info] > git show --textconv :part1_EL.y [5ms]
2025-05-29 21:02:56.423 [info] > git ls-files --stage -- part1_EL.y [3ms]
2025-05-29 21:02:56.430 [info] > git cat-file -s c8ed721e4d2a0192586a27b0398cfcd015b8ddb8 [2ms]
2025-05-29 21:02:57.747 [info] > git show --textconv :testp3.txt [7ms]
2025-05-29 21:02:57.749 [info] > git ls-files --stage -- testp3.txt [3ms]
2025-05-29 21:02:57.755 [info] > git cat-file -s a020bcff43d9919958682adba9b6b1ebdf42b22d [1ms]
2025-05-29 21:03:00.414 [info] > git config --get commit.template [4ms]
2025-05-29 21:03:00.415 [info] > git for-each-ref --format=%(refname)%00%(upstream:short)%00%(objectname)%00%(upstream:track)%00%(upstream:remotename)%00%(upstream:remoteref) refs/heads/part3 refs/remotes/part3 [1ms]
2025-05-29 21:03:00.428 [info] > git for-each-ref --sort -committerdate --format %(refname)%00%(objectname)%00%(*objectname) [3ms]
2025-05-29 21:03:00.440 [info] > git status -z -uall [20ms]
2025-05-29 21:03:05.456 [info] > git config --get commit.template [4ms]
2025-05-29 21:03:05.457 [info] > git for-each-ref --format=%(refname)%00%(upstream:short)%00%(objectname)%00%(upstream:track)%00%(upstream:remotename)%00%(upstream:remoteref) refs/heads/part3 refs/remotes/part3 [1ms]
2025-05-29 21:03:05.467 [info] > git for-each-ref --sort -committerdate --format %(refname)%00%(objectname)%00%(*objectname) [2ms]
2025-05-29 21:03:05.477 [info] > git status -z -uall [16ms]
2025-05-29 21:03:10.495 [info] > git config --get commit.template [5ms]
2025-05-29 21:03:10.496 [info] > git for-each-ref --format=%(refname)%00%(upstream:short)%00%(objectname)%00%(upstream:track)%00%(upstream:remotename)%00%(upstream:remoteref) refs/heads/part3 refs/remotes/part3 [1ms]
2025-05-29 21:03:10.510 [info] > git for-each-ref --sort -committerdate --format %(refname)%00%(objectname)%00%(*objectname) [2ms]
2025-05-29 21:03:10.520 [info] > git status -z -uall [18ms]
2025-05-29 21:03:16.273 [info] > git config --get commit.template [5ms]
2025-05-29 21:03:16.274 [info] > git for-each-ref --format=%(refname)%00%(upstream:short)%00%(objectname)%00%(upstream:track)%00%(upstream:remotename)%00%(upstream:remoteref) refs/heads/part3 refs/remotes/part3 [2ms]
2025-05-29 21:03:16.286 [info] > git for-each-ref --sort -committerdate --format %(refname)%00%(objectname)%00%(*objectname) [2ms]
2025-05-29 21:03:16.295 [info] > git status -z -uall [15ms]
2025-05-29 21:03:21.310 [info] > git config --get commit.template [4ms]
2025-05-29 21:03:21.310 [info] > git for-each-ref --format=%(refname)%00%(upstream:short)%00%(objectname)%00%(upstream:track)%00%(upstream:remotename)%00%(upstream:remoteref) refs/heads/part3 refs/remotes/part3 [1ms]
2025-05-29 21:03:21.322 [info] > git for-each-ref --sort -committerdate --format %(refname)%00%(objectname)%00%(*objectname) [2ms]
2025-05-29 21:03:21.332 [info] > git status -z -uall [17ms]
2025-05-29 21:03:26.351 [info] > git config --get commit.template [2ms]
2025-05-29 21:03:26.358 [info] > git for-each-ref --format=%(refname)%00%(upstream:short)%00%(objectname)%00%(upstream:track)%00%(upstream:remotename)%00%(upstream:remoteref) refs/heads/part3 refs/remotes/part3 [3ms]
2025-05-29 21:03:26.368 [info] > git for-each-ref --sort -committerdate --format %(refname)%00%(objectname)%00%(*objectname) [1ms]
2025-05-29 21:03:26.378 [info] > git status -z -uall [16ms]
2025-05-29 21:03:31.404 [info] > git config --get commit.template [5ms]
2025-05-29 21:03:31.405 [info] > git for-each-ref --format=%(refname)%00%(upstream:short)%00%(objectname)%00%(upstream:track)%00%(upstream:remotename)%00%(upstream:remoteref) refs/heads/part3 refs/remotes/part3 [2ms]
2025-05-29 21:03:31.426 [info] > git for-each-ref --sort -committerdate --format %(refname)%00%(objectname)%00%(*objectname) [1ms]
2025-05-29 21:03:31.436 [info] > git status -z -uall [15ms]
2025-05-29 21:03:36.465 [info] > git config --get commit.template [9ms]
2025-05-29 21:03:36.467 [info] > git for-each-ref --format=%(refname)%00%(upstream:short)%00%(objectname)%00%(upstream:track)%00%(upstream:remotename)%00%(upstream:remoteref) refs/heads/part3 refs/remotes/part3 [3ms]
2025-05-29 21:03:36.531 [info] > git for-each-ref --sort -committerdate --format %(refname)%00%(objectname)%00%(*objectname) [5ms]
2025-05-29 21:03:36.561 [info] > git status -z -uall [45ms]
2025-05-29 21:03:41.586 [info] > git config --get commit.template [5ms]
2025-05-29 21:03:41.587 [info] > git for-each-ref --format=%(refname)%00%(upstream:short)%00%(objectname)%00%(upstream:track)%00%(upstream:remotename)%00%(upstream:remoteref) refs/heads/part3 refs/remotes/part3 [2ms]
2025-05-29 21:03:41.624 [info] > git for-each-ref --sort -committerdate --format %(refname)%00%(objectname)%00%(*objectname) [5ms]
2025-05-29 21:03:41.650 [info] > git status -z -uall [40ms]
2025-05-29 21:03:44.727 [info] > git check-ignore -v -z --stdin [4ms]
2025-05-29 21:03:46.674 [info] > git config --get commit.template [9ms]
2025-05-29 21:03:46.675 [info] > git for-each-ref --format=%(refname)%00%(upstream:short)%00%(objectname)%00%(upstream:track)%00%(upstream:remotename)%00%(upstream:remoteref) refs/heads/part3 refs/remotes/part3 [2ms]
2025-05-29 21:03:46.688 [info] > git for-each-ref --sort -committerdate --format %(refname)%00%(objectname)%00%(*objectname) [2ms]
2025-05-29 21:03:46.697 [info] > git status -z -uall [17ms]
2025-05-29 21:03:51.956 [info] > git log --format=%H%n%aN%n%aE%n%at%n%ct%n%P%n%D%n%B -z --shortstat --diff-merges=first-parent -n50 --skip=0 --topo-order --decorate=full --stdin [7752ms]
2025-05-29 21:03:52.766 [info] > git config --get commit.template [261ms]
2025-05-29 21:03:52.775 [info] > git for-each-ref --format=%(refname)%00%(upstream:short)%00%(objectname)%00%(upstream:track)%00%(upstream:remotename)%00%(upstream:remoteref) refs/heads/part3 refs/remotes/part3 [3ms]
2025-05-29 21:03:52.796 [info] > git for-each-ref --sort -committerdate --format %(refname)%00%(objectname)%00%(*objectname) [10ms]
2025-05-29 21:03:52.802 [info] > git status -z -uall [22ms]
2025-05-29 21:03:56.306 [info] > git checkout -q -- .bash_history .dotnet/corefx/cryptography/crls/75d1b2ed.de05bb98.crl .dotnet/corefx/cryptography/crls/7abcc12f.dea36fd7.crl .dotnet/corefx/cryptography/crls/bd6662f5.8ba5d856.crl .dotnet/corefx/cryptography/crls/d16da424.cbeb964c.crl .vscode-server/data/CachedExtensionVSIXs/.trash/github.copilot-chat-0.27.1.sigzip .vscode-server/data/CachedExtensionVSIXs/github.copilot-chat-0.27.0 .vscode-server/data/User/History/-1b3fbb89/entries.json .vscode-server/data/User/History/-e63d86d/OAis.y .vscode-server/data/User/History/-e63d86d/bovQ.y .vscode-server/data/User/History/-e63d86d/entries.json .vscode-server/data/User/globalStorage/github.copilot-chat/debugCommand/copilot-debug .vscode-server/data/User/workspaceStorage/0d2b775fd8c0232c5253526b0fa1aa6d/vscode.lock .vscode-server/data/logs/20250510T214635/exthost1/GitHub.copilot-chat/GitHub Copilot Chat.log .vscode-server/data/logs/20250510T214635/exthost1/GitHub.copilot/GitHub Copilot.log .vscode-server/data/logs/20250510T214635/exthost1/output_logging_20250510T214637/1-GitHub Copilot Log (Code References).log .vscode-server/data/logs/20250510T214635/exthost1/remoteExtHostTelemetry.log .vscode-server/data/logs/20250510T214635/exthost1/remoteexthost.log .vscode-server/data/logs/20250510T214635/exthost1/vscode.git/Git.log .vscode-server/data/logs/20250510T214635/exthost1/vscode.github/GitHub.log .vscode-server/data/logs/20250510T214635/exthost1/vscode.json-language-features/JSON Language Server.log .vscode-server/data/logs/20250510T214635/ptyhost.log .vscode-server/data/logs/20250510T214635/remoteTelemetry.log .vscode-server/data/logs/20250510T214635/remoteagent.log .vscode-server/extensions/.obsolete .vscode-server/extensions/extensions.json .vscode-server/extensions/github.copilot-chat-0.27.0/.vsixmanifest .vscode-server/extensions/github.copilot-chat-0.27.0/LICENSE.txt .vscode-server/extensions/github.copilot-chat-0.27.0/ThirdPartyNotices.txt .vscode-server/extensions/github.copilot-chat-0.27.0/assets/Copilot-App-Icon.png .vscode-server/extensions/github.copilot-chat-0.27.0/assets/Copilot-chat-avatar.png .vscode-server/extensions/github.copilot-chat-0.27.0/assets/bing.svg .vscode-server/extensions/github.copilot-chat-0.27.0/assets/copilot.woff .vscode-server/extensions/github.copilot-chat-0.27.0/assets/debug-icon.svg .vscode-server/extensions/github.copilot-chat-0.27.0/assets/vscode-chat-avatar-insiders.svg .vscode-server/extensions/github.copilot-chat-0.27.0/assets/vscode-chat-avatar-stable.svg .vscode-server/extensions/github.copilot-chat-0.27.0/changelog.md .vscode-server/extensions/github.copilot-chat-0.27.0/dist/cl100k_base.tiktoken .vscode-server/extensions/github.copilot-chat-0.27.0/dist/copilotDebugCommand.js .vscode-server/extensions/github.copilot-chat-0.27.0/dist/diffWorker.js .vscode-server/extensions/github.copilot-chat-0.27.0/dist/extension.js .vscode-server/extensions/github.copilot-chat-0.27.0/dist/o200k_base.tiktoken .vscode-server/extensions/github.copilot-chat-0.27.0/dist/string_offsets_bg.wasm .vscode-server/extensions/github.copilot-chat-0.27.0/dist/tfidfWorker.js .vscode-server/extensions/github.copilot-chat-0.27.0/dist/tikTokenizerWorker.js .vscode-server/extensions/github.copilot-chat-0.27.0/dist/tree-sitter-c-sharp.wasm .vscode-server/extensions/github.copilot-chat-0.27.0/dist/tree-sitter-cpp.wasm .vscode-server/extensions/github.copilot-chat-0.27.0/dist/tree-sitter-go.wasm .vscode-server/extensions/github.copilot-chat-0.27.0/dist/tree-sitter-java.wasm .vscode-server/extensions/github.copilot-chat-0.27.0/dist/tree-sitter-javascript.wasm .vscode-server/extensions/github.copilot-chat-0.27.0/dist/tree-sitter-python.wasm .vscode-server/extensions/github.copilot-chat-0.27.0/dist/tree-sitter-ruby.wasm .vscode-server/extensions/github.copilot-chat-0.27.0/dist/tree-sitter-rust.wasm .vscode-server/extensions/github.copilot-chat-0.27.0/dist/tree-sitter-tsx.wasm .vscode-server/extensions/github.copilot-chat-0.27.0/dist/tree-sitter-typescript.wasm .vscode-server/extensions/github.copilot-chat-0.27.0/dist/tree-sitter.wasm .vscode-server/extensions/github.copilot-chat-0.27.0/dist/worker2.js .vscode-server/extensions/github.copilot-chat-0.27.0/l10n/bundle.l10n.cs.json .vscode-server/extensions/github.copilot-chat-0.27.0/l10n/bundle.l10n.de.json .vscode-server/extensions/github.copilot-chat-0.27.0/l10n/bundle.l10n.es.json .vscode-server/extensions/github.copilot-chat-0.27.0/l10n/bundle.l10n.fr.json .vscode-server/extensions/github.copilot-chat-0.27.0/l10n/bundle.l10n.it.json .vscode-server/extensions/github.copilot-chat-0.27.0/l10n/bundle.l10n.ja.json .vscode-server/extensions/github.copilot-chat-0.27.0/l10n/bundle.l10n.ko.json .vscode-server/extensions/github.copilot-chat-0.27.0/l10n/bundle.l10n.pl.json .vscode-server/extensions/github.copilot-chat-0.27.0/l10n/bundle.l10n.pt-br.json .vscode-server/extensions/github.copilot-chat-0.27.0/l10n/bundle.l10n.qps-ploc.json .vscode-server/extensions/github.copilot-chat-0.27.0/l10n/bundle.l10n.ru.json .vscode-server/extensions/github.copilot-chat-0.27.0/l10n/bundle.l10n.tr.json .vscode-server/extensions/github.copilot-chat-0.27.0/l10n/bundle.l10n.zh-cn.json .vscode-server/extensions/github.copilot-chat-0.27.0/l10n/bundle.l10n.zh-tw.json .vscode-server/extensions/github.copilot-chat-0.27.0/node_modules/@vscode/copilot-typescript-server-plugin/dist/main.js .vscode-server/extensions/github.copilot-chat-0.27.0/node_modules/@vscode/copilot-typescript-server-plugin/package.json .vscode-server/extensions/github.copilot-chat-0.27.0/package.json .vscode-server/extensions/github.copilot-chat-0.27.0/package.nls.cs.json .vscode-server/extensions/github.copilot-chat-0.27.0/package.nls.de.json .vscode-server/extensions/github.copilot-chat-0.27.0/package.nls.es.json .vscode-server/extensions/github.copilot-chat-0.27.0/package.nls.fr.json .vscode-server/extensions/github.copilot-chat-0.27.0/package.nls.it.json .vscode-server/extensions/github.copilot-chat-0.27.0/package.nls.ja.json .vscode-server/extensions/github.copilot-chat-0.27.0/package.nls.json .vscode-server/extensions/github.copilot-chat-0.27.0/package.nls.ko.json .vscode-server/extensions/github.copilot-chat-0.27.0/package.nls.pl.json .vscode-server/extensions/github.copilot-chat-0.27.0/package.nls.pt-br.json .vscode-server/extensions/github.copilot-chat-0.27.0/package.nls.qps-ploc.json .vscode-server/extensions/github.copilot-chat-0.27.0/package.nls.ru.json .vscode-server/extensions/github.copilot-chat-0.27.0/package.nls.tr.json .vscode-server/extensions/github.copilot-chat-0.27.0/package.nls.zh-cn.json .vscode-server/extensions/github.copilot-chat-0.27.0/package.nls.zh-tw.json .vscode-server/extensions/github.copilot-chat-0.27.0/readme.md .vscode-server/extensions/github.copilot-chat-0.27.0/telemetry.json compiler part1_EL.tab.c part1_EL.y [352ms]
2025-05-29 21:03:56.324 [info] > git config --get commit.template [8ms]
2025-05-29 21:03:56.325 [info] > git for-each-ref --format=%(refname)%00%(upstream:short)%00%(objectname)%00%(upstream:track)%00%(upstream:remotename)%00%(upstream:remoteref) refs/heads/part3 refs/remotes/part3 [2ms]
2025-05-29 21:03:56.343 [info] > git for-each-ref --sort -committerdate --format %(refname)%00%(objectname)%00%(*objectname) [4ms]
2025-05-29 21:03:56.555 [info] > git status -z -uall [222ms]
2025-05-29 21:03:56.996 [info] > git check-ignore -v -z --stdin [6ms]
2025-05-29 21:03:57.631 [info] > git ls-files --stage -- testp3.txt [2ms]
2025-05-29 21:03:57.637 [info] > git cat-file -s a020bcff43d9919958682adba9b6b1ebdf42b22d [2ms]
2025-05-29 21:03:57.651 [info] > git show --textconv :testp3.txt [2ms]
2025-05-29 21:03:57.823 [info] > git config --get commit.template [6ms]
2025-05-29 21:03:57.831 [info] > git for-each-ref --format=%(refname)%00%(upstream:short)%00%(objectname)%00%(upstream:track)%00%(upstream:remotename)%00%(upstream:remoteref) refs/heads/part3 refs/remotes/part3 [2ms]
2025-05-29 21:03:57.844 [info] > git for-each-ref --sort -committerdate --format %(refname)%00%(objectname)%00%(*objectname) [2ms]
2025-05-29 21:03:58.020 [info] > git status -z -uall [184ms]
2025-05-29 21:04:08.942 [info] > git config --get commit.template [5ms]
2025-05-29 21:04:08.943 [info] > git for-each-ref --format=%(refname)%00%(upstream:short)%00%(objectname)%00%(upstream:track)%00%(upstream:remotename)%00%(upstream:remoteref) refs/heads/part3 refs/remotes/part3 [2ms]
2025-05-29 21:04:08.954 [info] > git for-each-ref --sort -committerdate --format %(refname)%00%(objectname)%00%(*objectname) [1ms]
2025-05-29 21:04:08.961 [info] > git status -z -uall [13ms]
2025-05-29 21:04:08.975 [info] > git blame --root --incremental 7d63115d29abdd181a0c44b8ff5adb102513e5d8 -- testp3.txt [6ms]
2025-05-29 21:04:08.976 [info] > git merge-base refs/heads/part3 refs/remotes/origin/part3 [2ms]
2025-05-29 21:04:08.988 [info] > git diff --name-status -z --diff-filter=ADMR 7d63115d29abdd181a0c44b8ff5adb102513e5d8...refs/remotes/origin/part3 [7ms]
2025-05-29 21:04:10.164 [info] > git config --get commit.template [4ms]
2025-05-29 21:04:10.165 [info] > git for-each-ref --format=%(refname)%00%(upstream:short)%00%(objectname)%00%(upstream:track)%00%(upstream:remotename)%00%(upstream:remoteref) refs/heads/part3 refs/remotes/part3 [1ms]
2025-05-29 21:04:10.177 [info] > git for-each-ref --sort -committerdate --format %(refname)%00%(objectname)%00%(*objectname) [3ms]
2025-05-29 21:04:10.186 [info] > git status -z -uall [16ms]
2025-05-29 21:04:10.265 [info] > git ls-files --stage -- testp3.txt [2ms]
2025-05-29 21:04:10.270 [info] > git cat-file -s a020bcff43d9919958682adba9b6b1ebdf42b22d [2ms]
2025-05-29 21:04:10.280 [info] > git show --textconv :testp3.txt [2ms]
2025-05-29 21:04:13.677 [info] > git log --format=%H%n%aN%n%aE%n%at%n%ct%n%P%n%D%n%B -z --shortstat --diff-merges=first-parent -n50 --skip=0 --topo-order --decorate=full --stdin [4690ms]
2025-05-29 21:04:15.206 [info] > git config --get commit.template [4ms]
2025-05-29 21:04:15.207 [info] > git for-each-ref --format=%(refname)%00%(upstream:short)%00%(objectname)%00%(upstream:track)%00%(upstream:remotename)%00%(upstream:remoteref) refs/heads/part3 refs/remotes/part3 [1ms]
2025-05-29 21:04:15.217 [info] > git for-each-ref --sort -committerdate --format %(refname)%00%(objectname)%00%(*objectname) [2ms]
2025-05-29 21:04:15.226 [info] > git status -z -uall [14ms]
2025-05-29 21:04:20.240 [info] > git config --get commit.template [4ms]
2025-05-29 21:04:20.240 [info] > git for-each-ref --format=%(refname)%00%(upstream:short)%00%(objectname)%00%(upstream:track)%00%(upstream:remotename)%00%(upstream:remoteref) refs/heads/part3 refs/remotes/part3 [1ms]
2025-05-29 21:04:20.253 [info] > git for-each-ref --sort -committerdate --format %(refname)%00%(objectname)%00%(*objectname) [3ms]
2025-05-29 21:04:20.261 [info] > git status -z -uall [16ms]
2025-05-29 21:05:11.336 [info] > git config --get commit.template [11ms]
2025-05-29 21:05:11.337 [info] > git for-each-ref --format=%(refname)%00%(upstream:short)%00%(objectname)%00%(upstream:track)%00%(upstream:remotename)%00%(upstream:remoteref) refs/heads/part3 refs/remotes/part3 [2ms]
2025-05-29 21:05:11.346 [info] > git for-each-ref --sort -committerdate --format %(refname)%00%(objectname)%00%(*objectname) [2ms]
2025-05-29 21:05:11.353 [info] > git status -z -uall [12ms]
2025-05-29 21:12:08.882 [info] > git config --get commit.template [9ms]
2025-05-29 21:12:08.885 [info] > git for-each-ref --format=%(refname)%00%(upstream:short)%00%(objectname)%00%(upstream:track)%00%(upstream:remotename)%00%(upstream:remoteref) refs/heads/part3 refs/remotes/part3 [4ms]
2025-05-29 21:12:08.907 [info] > git for-each-ref --sort -committerdate --format %(refname)%00%(objectname)%00%(*objectname) [4ms]
2025-05-29 21:12:08.926 [info] > git status -z -uall [31ms]
2025-05-29 21:13:16.894 [info] > git config --get commit.template [7ms]
2025-05-29 21:13:16.895 [info] > git for-each-ref --format=%(refname)%00%(upstream:short)%00%(objectname)%00%(upstream:track)%00%(upstream:remotename)%00%(upstream:remoteref) refs/heads/part3 refs/remotes/part3 [2ms]
2025-05-29 21:13:16.906 [info] > git for-each-ref --sort -committerdate --format %(refname)%00%(objectname)%00%(*objectname) [2ms]
2025-05-29 21:13:16.915 [info] > git status -z -uall [15ms]
2025-05-29 21:14:01.010 [info] > git config --get commit.template [25ms]
2025-05-29 21:14:01.025 [info] > git for-each-ref --format=%(refname)%00%(upstream:short)%00%(objectname)%00%(upstream:track)%00%(upstream:remotename)%00%(upstream:remoteref) refs/heads/part3 refs/remotes/part3 [27ms]
2025-05-29 21:14:01.040 [info] > git for-each-ref --sort -committerdate --format %(refname)%00%(objectname)%00%(*objectname) [9ms]
2025-05-29 21:14:01.228 [info] > git status -z -uall [200ms]
2025-05-29 21:14:37.972 [info] > git config --get commit.template [4ms]
2025-05-29 21:14:37.973 [info] > git for-each-ref --format=%(refname)%00%(upstream:short)%00%(objectname)%00%(upstream:track)%00%(upstream:remotename)%00%(upstream:remoteref) refs/heads/part3 refs/remotes/part3 [2ms]
2025-05-29 21:14:37.982 [info] > git for-each-ref --sort -committerdate --format %(refname)%00%(objectname)%00%(*objectname) [2ms]
2025-05-29 21:14:37.990 [info] > git status -z -uall [13ms]
2025-05-29 21:15:36.497 [info] > git ls-files --stage -- part1_EL.y [10ms]
2025-05-29 21:15:36.500 [info] > git show --textconv :part1_EL.y [16ms]
2025-05-29 21:15:36.501 [info] > git cat-file -s 3838182de950a99674d857a84dec192b2567a7d7 [1ms]
2025-05-29 21:15:36.596 [info] > git blame --root --incremental 7d63115d29abdd181a0c44b8ff5adb102513e5d8 -- part1_EL.y [25ms]
2025-05-29 21:15:46.786 [info] > git ls-files --stage -- part1_EL.l [3ms]
2025-05-29 21:15:46.792 [info] > git show --textconv :part1_EL.l [13ms]
2025-05-29 21:15:46.793 [info] > git cat-file -s 9e12138743a2ec4dbc80d67bfaca56800d54c4e6 [3ms]
2025-05-29 21:15:46.824 [info] > git blame --root --incremental 7d63115d29abdd181a0c44b8ff5adb102513e5d8 -- part1_EL.l [9ms]
2025-05-29 21:20:12.294 [info] > git ls-files --stage -- testp3.txt [2ms]
2025-05-29 21:20:12.301 [info] > git show --textconv :testp3.txt [13ms]
2025-05-29 21:20:12.302 [info] > git cat-file -s a020bcff43d9919958682adba9b6b1ebdf42b22d [4ms]
2025-05-29 21:25:17.369 [info] > git show --textconv :part1_EL.y [5ms]
2025-05-29 21:25:17.372 [info] > git ls-files --stage -- part1_EL.y [4ms]
2025-05-29 21:25:17.381 [info] > git cat-file -s 3838182de950a99674d857a84dec192b2567a7d7 [3ms]
2025-05-29 21:25:25.635 [info] > git config --get commit.template [5ms]
2025-05-29 21:25:25.649 [info] > git for-each-ref --format=%(refname)%00%(upstream:short)%00%(objectname)%00%(upstream:track)%00%(upstream:remotename)%00%(upstream:remoteref) refs/heads/part3 refs/remotes/part3 [5ms]
2025-05-29 21:25:25.675 [info] > git for-each-ref --sort -committerdate --format %(refname)%00%(objectname)%00%(*objectname) [4ms]
2025-05-29 21:25:25.705 [info] > git status -z -uall [45ms]
2025-05-29 21:27:26.321 [info] > git config --get commit.template [9ms]
2025-05-29 21:27:26.322 [info] > git for-each-ref --format=%(refname)%00%(upstream:short)%00%(objectname)%00%(upstream:track)%00%(upstream:remotename)%00%(upstream:remoteref) refs/heads/part3 refs/remotes/part3 [3ms]
2025-05-29 21:27:26.337 [info] > git for-each-ref --sort -committerdate --format %(refname)%00%(objectname)%00%(*objectname) [3ms]
2025-05-29 21:27:26.351 [info] > git status -z -uall [22ms]
2025-05-29 21:29:26.269 [info] > git config --get commit.template [7ms]
2025-05-29 21:29:26.270 [info] > git for-each-ref --format=%(refname)%00%(upstream:short)%00%(objectname)%00%(upstream:track)%00%(upstream:remotename)%00%(upstream:remoteref) refs/heads/part3 refs/remotes/part3 [1ms]
2025-05-29 21:29:26.278 [info] > git for-each-ref --sort -committerdate --format %(refname)%00%(objectname)%00%(*objectname) [2ms]
2025-05-29 21:29:26.287 [info] > git status -z -uall [14ms]
2025-05-29 21:29:31.320 [info] > git config --get commit.template [13ms]
2025-05-29 21:29:31.323 [info] > git for-each-ref --format=%(refname)%00%(upstream:short)%00%(objectname)%00%(upstream:track)%00%(upstream:remotename)%00%(upstream:remoteref) refs/heads/part3 refs/remotes/part3 [4ms]
2025-05-29 21:29:31.351 [info] > git for-each-ref --sort -committerdate --format %(refname)%00%(objectname)%00%(*objectname) [2ms]
2025-05-29 21:29:31.359 [info] > git status -z -uall [16ms]
2025-05-29 21:33:02.740 [info] > git config --get commit.template [9ms]
2025-05-29 21:33:02.741 [info] > git for-each-ref --format=%(refname)%00%(upstream:short)%00%(objectname)%00%(upstream:track)%00%(upstream:remotename)%00%(upstream:remoteref) refs/heads/part3 refs/remotes/part3 [3ms]
2025-05-29 21:33:02.756 [info] > git for-each-ref --sort -committerdate --format %(refname)%00%(objectname)%00%(*objectname) [2ms]
2025-05-29 21:33:02.764 [info] > git status -z -uall [16ms]
2025-05-29 21:33:20.413 [info] > git show --textconv :part1_EL.tab.c [7ms]
2025-05-29 21:33:20.415 [info] > git ls-files --stage -- part1_EL.tab.c [2ms]
2025-05-29 21:33:20.422 [info] > git cat-file -s a713c39084715140ecbc5e40eff23f4369fb19b7 [1ms]
2025-05-29 21:33:24.894 [info] > git show --textconv :part1_EL.y [8ms]
2025-05-29 21:33:24.896 [info] > git ls-files --stage -- part1_EL.y [6ms]
2025-05-29 21:33:24.901 [info] > git cat-file -s 3838182de950a99674d857a84dec192b2567a7d7 [1ms]
2025-05-29 21:33:25.917 [info] > git config --get commit.template [11ms]
2025-05-29 21:33:25.919 [info] > git for-each-ref --format=%(refname)%00%(upstream:short)%00%(objectname)%00%(upstream:track)%00%(upstream:remotename)%00%(upstream:remoteref) refs/heads/part3 refs/remotes/part3 [2ms]
2025-05-29 21:33:25.932 [info] > git for-each-ref --sort -committerdate --format %(refname)%00%(objectname)%00%(*objectname) [2ms]
2025-05-29 21:33:25.940 [info] > git status -z -uall [13ms]
2025-05-29 21:33:30.963 [info] > git config --get commit.template [5ms]
2025-05-29 21:33:30.964 [info] > git for-each-ref --format=%(refname)%00%(upstream:short)%00%(objectname)%00%(upstream:track)%00%(upstream:remotename)%00%(upstream:remoteref) refs/heads/part3 refs/remotes/part3 [2ms]
2025-05-29 21:33:30.983 [info] > git for-each-ref --sort -committerdate --format %(refname)%00%(objectname)%00%(*objectname) [2ms]
2025-05-29 21:33:30.989 [info] > git status -z -uall [11ms]
2025-05-29 21:33:36.014 [info] > git config --get commit.template [10ms]
2025-05-29 21:33:36.016 [info] > git for-each-ref --format=%(refname)%00%(upstream:short)%00%(objectname)%00%(upstream:track)%00%(upstream:remotename)%00%(upstream:remoteref) refs/heads/part3 refs/remotes/part3 [3ms]
2025-05-29 21:33:36.042 [info] > git for-each-ref --sort -committerdate --format %(refname)%00%(objectname)%00%(*objectname) [2ms]
2025-05-29 21:33:36.049 [info] > git status -z -uall [15ms]
2025-05-29 21:37:23.170 [info] > git config --get commit.template [14ms]
2025-05-29 21:37:23.178 [info] > git for-each-ref --format=%(refname)%00%(upstream:short)%00%(objectname)%00%(upstream:track)%00%(upstream:remotename)%00%(upstream:remoteref) refs/heads/part3 refs/remotes/part3 [16ms]
2025-05-29 21:37:23.194 [info] > git for-each-ref --sort -committerdate --format %(refname)%00%(objectname)%00%(*objectname) [9ms]
2025-05-29 21:37:23.386 [info] > git status -z -uall [204ms]
2025-05-29 21:37:40.225 [info] > git config --get commit.template [11ms]
2025-05-29 21:37:40.225 [info] > git for-each-ref --format=%(refname)%00%(upstream:short)%00%(objectname)%00%(upstream:track)%00%(upstream:remotename)%00%(upstream:remoteref) refs/heads/part3 refs/remotes/part3 [1ms]
2025-05-29 21:37:40.238 [info] > git for-each-ref --sort -committerdate --format %(refname)%00%(objectname)%00%(*objectname) [2ms]
2025-05-29 21:37:40.246 [info] > git status -z -uall [15ms]
2025-05-29 21:39:35.619 [info] > git config --get commit.template [3ms]
2025-05-29 21:39:35.626 [info] > git for-each-ref --format=%(refname)%00%(upstream:short)%00%(objectname)%00%(upstream:track)%00%(upstream:remotename)%00%(upstream:remoteref) refs/heads/part3 refs/remotes/part3 [2ms]
2025-05-29 21:39:35.642 [info] > git for-each-ref --sort -committerdate --format %(refname)%00%(objectname)%00%(*objectname) [3ms]
2025-05-29 21:39:35.650 [info] > git status -z -uall [17ms]
2025-05-29 21:40:14.026 [info] > git config --get commit.template [4ms]
2025-05-29 21:40:14.027 [info] > git for-each-ref --format=%(refname)%00%(upstream:short)%00%(objectname)%00%(upstream:track)%00%(upstream:remotename)%00%(upstream:remoteref) refs/heads/part3 refs/remotes/part3 [1ms]
2025-05-29 21:40:14.038 [info] > git for-each-ref --sort -committerdate --format %(refname)%00%(objectname)%00%(*objectname) [1ms]
2025-05-29 21:40:14.044 [info] > git status -z -uall [13ms]
2025-05-29 21:42:21.506 [info] > git config --get commit.template [5ms]
2025-05-29 21:42:21.514 [info] > git for-each-ref --format=%(refname)%00%(upstream:short)%00%(objectname)%00%(upstream:track)%00%(upstream:remotename)%00%(upstream:remoteref) refs/heads/part3 refs/remotes/part3 [2ms]
2025-05-29 21:42:21.527 [info] > git for-each-ref --sort -committerdate --format %(refname)%00%(objectname)%00%(*objectname) [2ms]
2025-05-29 21:42:21.535 [info] > git status -z -uall [13ms]
2025-05-29 21:43:45.247 [info] > git config --get commit.template [7ms]
2025-05-29 21:43:45.249 [info] > git for-each-ref --format=%(refname)%00%(upstream:short)%00%(objectname)%00%(upstream:track)%00%(upstream:remotename)%00%(upstream:remoteref) refs/heads/part3 refs/remotes/part3 [4ms]
2025-05-29 21:43:45.263 [info] > git for-each-ref --sort -committerdate --format %(refname)%00%(objectname)%00%(*objectname) [2ms]
2025-05-29 21:43:45.269 [info] > git status -z -uall [14ms]
2025-05-29 21:43:56.479 [info] > git show --textconv :part1_EL.tab.h [10ms]
2025-05-29 21:43:56.480 [info] > git ls-files --stage -- part1_EL.tab.h [4ms]
2025-05-29 21:43:56.489 [info] > git cat-file -s c88543d6729d94875d13b5e5eecb2553806bad6c [2ms]
2025-05-29 21:43:57.647 [info] > git config --get commit.template [7ms]
2025-05-29 21:43:57.648 [info] > git for-each-ref --format=%(refname)%00%(upstream:short)%00%(objectname)%00%(upstream:track)%00%(upstream:remotename)%00%(upstream:remoteref) refs/heads/part3 refs/remotes/part3 [1ms]
2025-05-29 21:43:57.661 [info] > git for-each-ref --sort -committerdate --format %(refname)%00%(objectname)%00%(*objectname) [2ms]
2025-05-29 21:43:57.667 [info] > git status -z -uall [13ms]
2025-05-29 21:43:59.599 [info] > git ls-files --stage -- part1_EL.y [2ms]
2025-05-29 21:43:59.609 [info] > git show --textconv :part1_EL.y [19ms]
2025-05-29 21:43:59.612 [info] > git cat-file -s 3838182de950a99674d857a84dec192b2567a7d7 [6ms]
2025-05-29 21:44:02.707 [info] > git config --get commit.template [16ms]
2025-05-29 21:44:02.709 [info] > git for-each-ref --format=%(refname)%00%(upstream:short)%00%(objectname)%00%(upstream:track)%00%(upstream:remotename)%00%(upstream:remoteref) refs/heads/part3 refs/remotes/part3 [4ms]
2025-05-29 21:44:02.736 [info] > git for-each-ref --sort -committerdate --format %(refname)%00%(objectname)%00%(*objectname) [1ms]
2025-05-29 21:44:02.740 [info] > git status -z -uall [16ms]
2025-05-29 21:44:35.941 [info] > git config --get commit.template [3ms]
2025-05-29 21:44:35.948 [info] > git for-each-ref --format=%(refname)%00%(upstream:short)%00%(objectname)%00%(upstream:track)%00%(upstream:remotename)%00%(upstream:remoteref) refs/heads/part3 refs/remotes/part3 [2ms]
2025-05-29 21:44:35.961 [info] > git for-each-ref --sort -committerdate --format %(refname)%00%(objectname)%00%(*objectname) [1ms]
2025-05-29 21:44:35.967 [info] > git status -z -uall [13ms]
2025-05-29 21:44:54.399 [info] > git config --get commit.template [14ms]
2025-05-29 21:44:54.402 [info] > git for-each-ref --format=%(refname)%00%(upstream:short)%00%(objectname)%00%(upstream:track)%00%(upstream:remotename)%00%(upstream:remoteref) refs/heads/part3 refs/remotes/part3 [4ms]
2025-05-29 21:44:54.490 [info] > git for-each-ref --sort -committerdate --format %(refname)%00%(objectname)%00%(*objectname) [4ms]
2025-05-29 21:44:54.493 [info] > git status -z -uall [12ms]
2025-05-29 21:46:31.807 [info] > git ls-files --stage -- part1_EL.tab.c [9ms]
2025-05-29 21:46:31.812 [info] > git show --textconv :part1_EL.tab.c [19ms]
2025-05-29 21:46:31.812 [info] > git cat-file -s a713c39084715140ecbc5e40eff23f4369fb19b7 [1ms]
2025-05-29 21:46:32.717 [info] > git config --get commit.template [17ms]
2025-05-29 21:46:32.725 [info] > git for-each-ref --format=%(refname)%00%(upstream:short)%00%(objectname)%00%(upstream:track)%00%(upstream:remotename)%00%(upstream:remoteref) refs/heads/part3 refs/remotes/part3 [10ms]
2025-05-29 21:46:32.741 [info] > git for-each-ref --sort -committerdate --format %(refname)%00%(objectname)%00%(*objectname) [8ms]
2025-05-29 21:46:32.924 [info] > git status -z -uall [195ms]
2025-05-29 21:46:34.985 [info] > git ls-files --stage -- part1_EL.y [2ms]
2025-05-29 21:46:34.991 [info] > git show --textconv :part1_EL.y [14ms]
2025-05-29 21:46:34.991 [info] > git cat-file -s 3838182de950a99674d857a84dec192b2567a7d7 [2ms]
2025-05-29 21:46:37.957 [info] > git config --get commit.template [15ms]
2025-05-29 21:46:37.961 [info] > git for-each-ref --format=%(refname)%00%(upstream:short)%00%(objectname)%00%(upstream:track)%00%(upstream:remotename)%00%(upstream:remoteref) refs/heads/part3 refs/remotes/part3 [4ms]
2025-05-29 21:46:37.991 [info] > git for-each-ref --sort -committerdate --format %(refname)%00%(objectname)%00%(*objectname) [4ms]
2025-05-29 21:46:37.998 [info] > git status -z -uall [23ms]
2025-05-29 21:46:43.037 [info] > git config --get commit.template [16ms]
2025-05-29 21:46:43.039 [info] > git for-each-ref --format=%(refname)%00%(upstream:short)%00%(objectname)%00%(upstream:track)%00%(upstream:remotename)%00%(upstream:remoteref) refs/heads/part3 refs/remotes/part3 [4ms]
2025-05-29 21:46:43.086 [info] > git for-each-ref --sort -committerdate --format %(refname)%00%(objectname)%00%(*objectname) [2ms]
2025-05-29 21:46:43.091 [info] > git status -z -uall [10ms]
2025-05-29 21:49:29.221 [info] > git show --textconv :part1_EL.tab.c [8ms]
2025-05-29 21:49:29.222 [info] > git ls-files --stage -- part1_EL.tab.c [4ms]
2025-05-29 21:49:29.231 [info] > git cat-file -s a713c39084715140ecbc5e40eff23f4369fb19b7 [2ms]
2025-05-29 21:49:30.114 [info] > git for-each-ref --format=%(refname)%00%(upstream:short)%00%(objectname)%00%(upstream:track)%00%(upstream:remotename)%00%(upstream:remoteref) refs/heads/part3 refs/remotes/part3 [5ms]
2025-05-29 21:49:30.114 [info] > git config --get commit.template [18ms]
2025-05-29 21:49:30.125 [info] > git for-each-ref --sort -committerdate --format %(refname)%00%(objectname)%00%(*objectname) [2ms]
2025-05-29 21:49:30.132 [info] > git status -z -uall [13ms]
2025-05-29 21:49:35.123 [info] > git show --textconv :part1_EL.y [6ms]
2025-05-29 21:49:35.124 [info] > git ls-files --stage -- part1_EL.y [2ms]
2025-05-29 21:49:35.131 [info] > git cat-file -s 3838182de950a99674d857a84dec192b2567a7d7 [1ms]
2025-05-29 21:49:36.125 [info] > git config --get commit.template [8ms]
2025-05-29 21:49:36.126 [info] > git for-each-ref --format=%(refname)%00%(upstream:short)%00%(objectname)%00%(upstream:track)%00%(upstream:remotename)%00%(upstream:remoteref) refs/heads/part3 refs/remotes/part3 [2ms]
2025-05-29 21:49:36.139 [info] > git for-each-ref --sort -committerdate --format %(refname)%00%(objectname)%00%(*objectname) [2ms]
2025-05-29 21:49:36.145 [info] > git status -z -uall [13ms]
2025-05-29 21:50:31.739 [info] > git for-each-ref --format=%(refname)%00%(upstream:short)%00%(objectname)%00%(upstream:track)%00%(upstream:remotename)%00%(upstream:remoteref) refs/heads/part3 refs/remotes/part3 [2ms]
2025-05-29 21:50:31.740 [info] > git config --get commit.template [8ms]
2025-05-29 21:50:31.751 [info] > git for-each-ref --sort -committerdate --format %(refname)%00%(objectname)%00%(*objectname) [2ms]
2025-05-29 21:50:31.758 [info] > git status -z -uall [13ms]
2025-05-29 21:52:25.529 [info] > git config --get commit.template [6ms]
2025-05-29 21:52:25.530 [info] > git for-each-ref --format=%(refname)%00%(upstream:short)%00%(objectname)%00%(upstream:track)%00%(upstream:remotename)%00%(upstream:remoteref) refs/heads/part3 refs/remotes/part3 [2ms]
2025-05-29 21:52:25.544 [info] > git for-each-ref --sort -committerdate --format %(refname)%00%(objectname)%00%(*objectname) [1ms]
2025-05-29 21:52:25.550 [info] > git status -z -uall [13ms]
2025-05-29 21:52:41.440 [info] > git config --get commit.template [8ms]
2025-05-29 21:52:41.440 [info] > git for-each-ref --format=%(refname)%00%(upstream:short)%00%(objectname)%00%(upstream:track)%00%(upstream:remotename)%00%(upstream:remoteref) refs/heads/part3 refs/remotes/part3 [1ms]
2025-05-29 21:52:41.456 [info] > git for-each-ref --sort -committerdate --format %(refname)%00%(objectname)%00%(*objectname) [2ms]
2025-05-29 21:52:41.462 [info] > git status -z -uall [15ms]
2025-05-29 21:52:46.508 [info] > git config --get commit.template [15ms]
2025-05-29 21:52:46.511 [info] > git for-each-ref --format=%(refname)%00%(upstream:short)%00%(objectname)%00%(upstream:track)%00%(upstream:remotename)%00%(upstream:remoteref) refs/heads/part3 refs/remotes/part3 [4ms]
2025-05-29 21:52:46.535 [info] > git for-each-ref --sort -committerdate --format %(refname)%00%(objectname)%00%(*objectname) [2ms]
2025-05-29 21:52:46.541 [info] > git status -z -uall [16ms]
2025-05-29 21:54:00.539 [info] > git config --get commit.template [9ms]
2025-05-29 21:54:00.540 [info] > git for-each-ref --format=%(refname)%00%(upstream:short)%00%(objectname)%00%(upstream:track)%00%(upstream:remotename)%00%(upstream:remoteref) refs/heads/part3 refs/remotes/part3 [2ms]
2025-05-29 21:54:00.557 [info] > git for-each-ref --sort -committerdate --format %(refname)%00%(objectname)%00%(*objectname) [2ms]
2025-05-29 21:54:00.565 [info] > git status -z -uall [18ms]
2025-05-29 21:54:00.965 [info] > git show --textconv :part1_EL.tab.h [6ms]
2025-05-29 21:54:00.966 [info] > git ls-files --stage -- part1_EL.tab.h [2ms]
2025-05-29 21:54:00.972 [info] > git cat-file -s c88543d6729d94875d13b5e5eecb2553806bad6c [1ms]
2025-05-29 21:54:01.816 [info] > git show --textconv :part1_EL.tab.c [7ms]
2025-05-29 21:54:01.818 [info] > git ls-files --stage -- part1_EL.tab.c [3ms]
2025-05-29 21:54:01.826 [info] > git cat-file -s a713c39084715140ecbc5e40eff23f4369fb19b7 [2ms]
2025-05-29 21:54:07.578 [info] > git show --textconv :part1_EL.y [12ms]
2025-05-29 21:54:07.579 [info] > git ls-files --stage -- part1_EL.y [4ms]
2025-05-29 21:54:07.587 [info] > git cat-file -s 3838182de950a99674d857a84dec192b2567a7d7 [2ms]
2025-05-29 21:54:09.643 [info] > git config --get commit.template [7ms]
2025-05-29 21:54:09.644 [info] > git for-each-ref --format=%(refname)%00%(upstream:short)%00%(objectname)%00%(upstream:track)%00%(upstream:remotename)%00%(upstream:remoteref) refs/heads/part3 refs/remotes/part3 [1ms]
2025-05-29 21:54:09.661 [info] > git for-each-ref --sort -committerdate --format %(refname)%00%(objectname)%00%(*objectname) [2ms]
2025-05-29 21:54:09.667 [info] > git status -z -uall [16ms]
2025-05-29 21:56:16.767 [info] > git config --get commit.template [9ms]
2025-05-29 21:56:16.768 [info] > git for-each-ref --format=%(refname)%00%(upstream:short)%00%(objectname)%00%(upstream:track)%00%(upstream:remotename)%00%(upstream:remoteref) refs/heads/part3 refs/remotes/part3 [2ms]
2025-05-29 21:56:16.784 [info] > git for-each-ref --sort -committerdate --format %(refname)%00%(objectname)%00%(*objectname) [1ms]
2025-05-29 21:56:16.793 [info] > git status -z -uall [17ms]
2025-05-29 21:57:40.986 [info] > git config --get commit.template [8ms]
2025-05-29 21:57:40.987 [info] > git for-each-ref --format=%(refname)%00%(upstream:short)%00%(objectname)%00%(upstream:track)%00%(upstream:remotename)%00%(upstream:remoteref) refs/heads/part3 refs/remotes/part3 [2ms]
2025-05-29 21:57:41.003 [info] > git for-each-ref --sort -committerdate --format %(refname)%00%(objectname)%00%(*objectname) [2ms]
2025-05-29 21:57:41.011 [info] > git status -z -uall [17ms]
2025-05-29 21:58:19.409 [info] > git config --get commit.template [10ms]
2025-05-29 21:58:19.410 [info] > git for-each-ref --format=%(refname)%00%(upstream:short)%00%(objectname)%00%(upstream:track)%00%(upstream:remotename)%00%(upstream:remoteref) refs/heads/part3 refs/remotes/part3 [2ms]
2025-05-29 21:58:19.424 [info] > git for-each-ref --sort -committerdate --format %(refname)%00%(objectname)%00%(*objectname) [2ms]
2025-05-29 21:58:19.430 [info] > git status -z -uall [13ms]
2025-05-29 21:58:55.308 [info] > git config --get commit.template [2ms]
2025-05-29 21:58:55.315 [info] > git for-each-ref --format=%(refname)%00%(upstream:short)%00%(objectname)%00%(upstream:track)%00%(upstream:remotename)%00%(upstream:remoteref) refs/heads/part3 refs/remotes/part3 [1ms]
2025-05-29 21:58:55.330 [info] > git for-each-ref --sort -committerdate --format %(refname)%00%(objectname)%00%(*objectname) [2ms]
2025-05-29 21:58:55.335 [info] > git status -z -uall [13ms]
2025-05-29 21:59:04.455 [info] > git config --get commit.template [16ms]
2025-05-29 21:59:04.458 [info] > git for-each-ref --format=%(refname)%00%(upstream:short)%00%(objectname)%00%(upstream:track)%00%(upstream:remotename)%00%(upstream:remoteref) refs/heads/part3 refs/remotes/part3 [4ms]
2025-05-29 21:59:04.477 [info] > git for-each-ref --sort -committerdate --format %(refname)%00%(objectname)%00%(*objectname) [1ms]
2025-05-29 21:59:04.481 [info] > git status -z -uall [12ms]
2025-05-29 21:59:10.632 [info] > git config --get commit.template [16ms]
2025-05-29 21:59:10.635 [info] > git for-each-ref --format=%(refname)%00%(upstream:short)%00%(objectname)%00%(upstream:track)%00%(upstream:remotename)%00%(upstream:remoteref) refs/heads/part3 refs/remotes/part3 [4ms]
2025-05-29 21:59:10.667 [info] > git for-each-ref --sort -committerdate --format %(refname)%00%(objectname)%00%(*objectname) [3ms]
2025-05-29 21:59:10.676 [info] > git status -z -uall [26ms]
2025-05-29 21:59:34.783 [info] > git config --get commit.template [15ms]
2025-05-29 21:59:34.786 [info] > git for-each-ref --format=%(refname)%00%(upstream:short)%00%(objectname)%00%(upstream:track)%00%(upstream:remotename)%00%(upstream:remoteref) refs/heads/part3 refs/remotes/part3 [5ms]
2025-05-29 21:59:34.819 [info] > git for-each-ref --sort -committerdate --format %(refname)%00%(objectname)%00%(*objectname) [5ms]
2025-05-29 21:59:34.837 [info] > git status -z -uall [36ms]
2025-05-29 21:59:47.916 [info] > git config --get commit.template [6ms]
2025-05-29 21:59:47.917 [info] > git for-each-ref --format=%(refname)%00%(upstream:short)%00%(objectname)%00%(upstream:track)%00%(upstream:remotename)%00%(upstream:remoteref) refs/heads/part3 refs/remotes/part3 [2ms]
2025-05-29 21:59:47.930 [info] > git for-each-ref --sort -committerdate --format %(refname)%00%(objectname)%00%(*objectname) [2ms]
2025-05-29 21:59:47.936 [info] > git status -z -uall [12ms]
2025-05-29 21:59:59.287 [info] > git config --get commit.template [16ms]
2025-05-29 21:59:59.292 [info] > git for-each-ref --format=%(refname)%00%(upstream:short)%00%(objectname)%00%(upstream:track)%00%(upstream:remotename)%00%(upstream:remoteref) refs/heads/part3 refs/remotes/part3 [11ms]
2025-05-29 21:59:59.311 [info] > git for-each-ref --sort -committerdate --format %(refname)%00%(objectname)%00%(*objectname) [7ms]
2025-05-29 21:59:59.503 [info] > git status -z -uall [204ms]
2025-05-29 22:00:04.543 [info] > git config --get commit.template [17ms]
2025-05-29 22:00:04.546 [info] > git for-each-ref --format=%(refname)%00%(upstream:short)%00%(objectname)%00%(upstream:track)%00%(upstream:remotename)%00%(upstream:remoteref) refs/heads/part3 refs/remotes/part3 [4ms]
2025-05-29 22:00:04.578 [info] > git for-each-ref --sort -committerdate --format %(refname)%00%(objectname)%00%(*objectname) [3ms]
2025-05-29 22:00:04.583 [info] > git status -z -uall [21ms]
2025-05-29 22:00:24.171 [info] > git config --get commit.template [5ms]
2025-05-29 22:00:24.172 [info] > git for-each-ref --format=%(refname)%00%(upstream:short)%00%(objectname)%00%(upstream:track)%00%(upstream:remotename)%00%(upstream:remoteref) refs/heads/part3 refs/remotes/part3 [1ms]
2025-05-29 22:00:24.183 [info] > git for-each-ref --sort -committerdate --format %(refname)%00%(objectname)%00%(*objectname) [2ms]
2025-05-29 22:00:24.187 [info] > git status -z -uall [11ms]
2025-05-29 22:00:29.222 [info] > git config --get commit.template [15ms]
2025-05-29 22:00:29.225 [info] > git for-each-ref --format=%(refname)%00%(upstream:short)%00%(objectname)%00%(upstream:track)%00%(upstream:remotename)%00%(upstream:remoteref) refs/heads/part3 refs/remotes/part3 [5ms]
2025-05-29 22:00:29.265 [info] > git for-each-ref --sort -committerdate --format %(refname)%00%(objectname)%00%(*objectname) [5ms]
2025-05-29 22:00:29.273 [info] > git status -z -uall [25ms]
2025-05-29 22:00:40.556 [info] > git check-ignore -v -z --stdin [4ms]
2025-05-29 22:00:46.070 [info] > git log --format=%H%n%aN%n%aE%n%at%n%ct%n%P%n%D%n%B -z --shortstat --diff-merges=first-parent -n50 --skip=0 --topo-order --decorate=full --stdin [6049ms]
2025-05-29 22:00:47.189 [info] > git checkout -q -- .vscode-server/data/User/History/-1b3fbb89/entries.json .vscode-server/data/User/History/-e63d86d/0aSQ.y .vscode-server/data/User/History/-e63d86d/0lOA.y .vscode-server/data/User/History/-e63d86d/1vfR.y .vscode-server/data/User/History/-e63d86d/8XQh.y .vscode-server/data/User/History/-e63d86d/ELpi.y .vscode-server/data/User/History/-e63d86d/FIQO.y .vscode-server/data/User/History/-e63d86d/JLAD.y .vscode-server/data/User/History/-e63d86d/KkOE.y .vscode-server/data/User/History/-e63d86d/OAis.y .vscode-server/data/User/History/-e63d86d/RJeN.y .vscode-server/data/User/History/-e63d86d/Xss5.y .vscode-server/data/User/History/-e63d86d/bovQ.y .vscode-server/data/User/History/-e63d86d/entries.json .vscode-server/data/User/History/-e63d86d/hBcA.y .vscode-server/data/User/History/-e63d86d/i0FI.y .vscode-server/data/User/History/-e63d86d/kg6Z.y .vscode-server/data/User/History/-e63d86d/sKdn.y .vscode-server/data/User/History/-e63d86d/svDK.y .vscode-server/data/User/History/-e63d86d/wdax.y .vscode-server/data/User/History/-e63d86d/x1af.y .vscode-server/data/User/History/-e63d86d/zdvc.y compiler part1_EL.tab.c part1_EL.y [34ms]
2025-05-29 22:00:47.199 [info] > git config --get commit.template [2ms]
2025-05-29 22:00:47.206 [info] > git for-each-ref --format=%(refname)%00%(upstream:short)%00%(objectname)%00%(upstream:track)%00%(upstream:remotename)%00%(upstream:remoteref) refs/heads/part3 refs/remotes/part3 [2ms]
2025-05-29 22:00:47.223 [info] > git for-each-ref --sort -committerdate --format %(refname)%00%(objectname)%00%(*objectname) [2ms]
2025-05-29 22:00:47.233 [info] > git status -z -uall [19ms]
2025-05-29 22:00:48.013 [info] > git check-ignore -v -z --stdin [6ms]
2025-05-29 22:00:49.522 [info] > git config --get commit.template [9ms]
2025-05-29 22:00:49.523 [info] > git for-each-ref --format=%(refname)%00%(upstream:short)%00%(objectname)%00%(upstream:track)%00%(upstream:remotename)%00%(upstream:remoteref) refs/heads/part3 refs/remotes/part3 [2ms]
2025-05-29 22:00:49.540 [info] > git for-each-ref --sort -committerdate --format %(refname)%00%(objectname)%00%(*objectname) [3ms]
2025-05-29 22:00:49.549 [info] > git status -z -uall [19ms]
2025-05-29 22:00:49.614 [info] > git ls-files --stage -- part1_EL.y [3ms]
2025-05-29 22:00:49.622 [info] > git cat-file -s 3838182de950a99674d857a84dec192b2567a7d7 [1ms]
2025-05-29 22:00:49.637 [info] > git show --textconv :part1_EL.y [3ms]
2025-05-29 22:00:55.653 [info] > git config --get commit.template [1ms]
2025-05-29 22:00:55.661 [info] > git for-each-ref --format=%(refname)%00%(upstream:short)%00%(objectname)%00%(upstream:track)%00%(upstream:remotename)%00%(upstream:remoteref) refs/heads/part3 refs/remotes/part3 [2ms]
2025-05-29 22:00:55.676 [info] > git for-each-ref --sort -committerdate --format %(refname)%00%(objectname)%00%(*objectname) [2ms]
2025-05-29 22:00:55.686 [info] > git status -z -uall [17ms]
2025-05-29 22:00:56.834 [info] > git config --get commit.template [6ms]
2025-05-29 22:00:56.835 [info] > git for-each-ref --format=%(refname)%00%(upstream:short)%00%(objectname)%00%(upstream:track)%00%(upstream:remotename)%00%(upstream:remoteref) refs/heads/part3 refs/remotes/part3 [2ms]
2025-05-29 22:00:56.850 [info] > git for-each-ref --sort -committerdate --format %(refname)%00%(objectname)%00%(*objectname) [3ms]
2025-05-29 22:00:56.861 [info] > git status -z -uall [20ms]
2025-05-29 22:00:56.947 [info] > git ls-files --stage -- part1_EL.y [4ms]
2025-05-29 22:00:56.956 [info] > git cat-file -s 3838182de950a99674d857a84dec192b2567a7d7 [2ms]
2025-05-29 22:00:56.999 [info] > git show --textconv :part1_EL.y [3ms]
2025-05-29 22:01:14.062 [info] > git config --get commit.template [17ms]
2025-05-29 22:01:14.065 [info] > git for-each-ref --format=%(refname)%00%(upstream:short)%00%(objectname)%00%(upstream:track)%00%(upstream:remotename)%00%(upstream:remoteref) refs/heads/part3 refs/remotes/part3 [4ms]
2025-05-29 22:01:14.104 [info] > git for-each-ref --sort -committerdate --format %(refname)%00%(objectname)%00%(*objectname) [3ms]
2025-05-29 22:01:14.112 [info] > git status -z -uall [26ms]
2025-05-29 22:01:24.070 [info] > git show --textconv :part1_EL.y [11ms]
2025-05-29 22:01:24.072 [info] > git ls-files --stage -- part1_EL.y [5ms]
2025-05-29 22:01:24.080 [info] > git cat-file -s 3838182de950a99674d857a84dec192b2567a7d7 [2ms]
2025-05-29 22:01:25.155 [info] > git config --get commit.template [8ms]
2025-05-29 22:01:25.155 [info] > git for-each-ref --format=%(refname)%00%(upstream:short)%00%(objectname)%00%(upstream:track)%00%(upstream:remotename)%00%(upstream:remoteref) refs/heads/part3 refs/remotes/part3 [1ms]
2025-05-29 22:01:25.171 [info] > git for-each-ref --sort -committerdate --format %(refname)%00%(objectname)%00%(*objectname) [3ms]
2025-05-29 22:01:25.181 [info] > git status -z -uall [19ms]
2025-05-29 22:01:45.442 [info] > git config --get commit.template [21ms]
2025-05-29 22:01:45.453 [info] > git for-each-ref --format=%(refname)%00%(upstream:short)%00%(objectname)%00%(upstream:track)%00%(upstream:remotename)%00%(upstream:remoteref) refs/heads/part3 refs/remotes/part3 [14ms]
2025-05-29 22:01:45.480 [info] > git for-each-ref --sort -committerdate --format %(refname)%00%(objectname)%00%(*objectname) [11ms]
2025-05-29 22:01:45.717 [info] > git status -z -uall [258ms]
2025-05-29 22:01:50.758 [info] > git config --get commit.template [15ms]
2025-05-29 22:01:50.761 [info] > git for-each-ref --format=%(refname)%00%(upstream:short)%00%(objectname)%00%(upstream:track)%00%(upstream:remotename)%00%(upstream:remoteref) refs/heads/part3 refs/remotes/part3 [3ms]
2025-05-29 22:01:50.793 [info] > git for-each-ref --sort -committerdate --format %(refname)%00%(objectname)%00%(*objectname) [5ms]
2025-05-29 22:01:50.808 [info] > git status -z -uall [33ms]
2025-05-29 22:03:10.235 [info] > git ls-files --stage -- part1_EL.y [5ms]
2025-05-29 22:03:10.245 [info] > git show --textconv :part1_EL.y [26ms]
2025-05-29 22:03:10.246 [info] > git cat-file -s 3838182de950a99674d857a84dec192b2567a7d7 [2ms]
2025-05-29 22:03:11.141 [info] > git ls-files --stage -- part1_EL.tab.c [2ms]
2025-05-29 22:03:11.148 [info] > git show --textconv :part1_EL.tab.c [15ms]
2025-05-29 22:03:11.150 [info] > git cat-file -s a713c39084715140ecbc5e40eff23f4369fb19b7 [2ms]
2025-05-29 22:03:11.179 [info] > git config --get commit.template [10ms]
2025-05-29 22:03:11.182 [info] > git for-each-ref --format=%(refname)%00%(upstream:short)%00%(objectname)%00%(upstream:track)%00%(upstream:remotename)%00%(upstream:remoteref) refs/heads/part3 refs/remotes/part3 [7ms]
2025-05-29 22:03:11.197 [info] > git for-each-ref --sort -committerdate --format %(refname)%00%(objectname)%00%(*objectname) [2ms]
2025-05-29 22:03:11.207 [info] > git status -z -uall [19ms]
2025-05-29 22:03:14.408 [info] > git show --textconv :part1_EL.y [6ms]
2025-05-29 22:03:14.410 [info] > git ls-files --stage -- part1_EL.y [3ms]
2025-05-29 22:03:14.419 [info] > git cat-file -s 3838182de950a99674d857a84dec192b2567a7d7 [2ms]
2025-05-29 22:03:16.226 [info] > git config --get commit.template [2ms]
2025-05-29 22:03:16.235 [info] > git for-each-ref --format=%(refname)%00%(upstream:short)%00%(objectname)%00%(upstream:track)%00%(upstream:remotename)%00%(upstream:remoteref) refs/heads/part3 refs/remotes/part3 [2ms]
2025-05-29 22:03:16.255 [info] > git for-each-ref --sort -committerdate --format %(refname)%00%(objectname)%00%(*objectname) [4ms]
2025-05-29 22:03:16.264 [info] > git status -z -uall [22ms]
2025-05-29 22:03:21.297 [info] > git config --get commit.template [11ms]
2025-05-29 22:03:21.298 [info] > git for-each-ref --format=%(refname)%00%(upstream:short)%00%(objectname)%00%(upstream:track)%00%(upstream:remotename)%00%(upstream:remoteref) refs/heads/part3 refs/remotes/part3 [2ms]
2025-05-29 22:03:21.311 [info] > git for-each-ref --sort -committerdate --format %(refname)%00%(objectname)%00%(*objectname) [2ms]
2025-05-29 22:03:21.319 [info] > git status -z -uall [15ms]
2025-05-29 22:03:26.359 [info] > git config --get commit.template [16ms]
2025-05-29 22:03:26.362 [info] > git for-each-ref --format=%(refname)%00%(upstream:short)%00%(objectname)%00%(upstream:track)%00%(upstream:remotename)%00%(upstream:remoteref) refs/heads/part3 refs/remotes/part3 [4ms]
2025-05-29 22:03:26.405 [info] > git for-each-ref --sort -committerdate --format %(refname)%00%(objectname)%00%(*objectname) [6ms]
2025-05-29 22:03:26.428 [info] > git status -z -uall [42ms]
2025-05-29 22:03:47.263 [info] > git ls-files --stage -- testp3.txt [2ms]
2025-05-29 22:03:47.271 [info] > git show --textconv :testp3.txt [16ms]
2025-05-29 22:03:47.271 [info] > git cat-file -s a020bcff43d9919958682adba9b6b1ebdf42b22d [1ms]
2025-05-29 22:06:37.234 [info] > git config --get commit.template [13ms]
2025-05-29 22:06:37.242 [info] > git for-each-ref --format=%(refname)%00%(upstream:short)%00%(objectname)%00%(upstream:track)%00%(upstream:remotename)%00%(upstream:remoteref) refs/heads/part3 refs/remotes/part3 [14ms]
2025-05-29 22:06:37.268 [info] > git for-each-ref --sort -committerdate --format %(refname)%00%(objectname)%00%(*objectname) [11ms]
2025-05-29 22:06:37.460 [info] > git status -z -uall [212ms]
2025-05-29 22:06:49.911 [info] > git config --get commit.template [6ms]
2025-05-29 22:06:49.911 [info] > git for-each-ref --format=%(refname)%00%(upstream:short)%00%(objectname)%00%(upstream:track)%00%(upstream:remotename)%00%(upstream:remoteref) refs/heads/part3 refs/remotes/part3 [1ms]
2025-05-29 22:06:49.922 [info] > git for-each-ref --sort -committerdate --format %(refname)%00%(objectname)%00%(*objectname) [2ms]
2025-05-29 22:06:49.930 [info] > git status -z -uall [14ms]
2025-05-29 22:07:01.527 [info] > git ls-files --stage -- part1_EL.tab.c [5ms]
2025-05-29 22:07:01.538 [info] > git show --textconv :part1_EL.tab.c [25ms]
2025-05-29 22:07:01.539 [info] > git cat-file -s a713c39084715140ecbc5e40eff23f4369fb19b7 [1ms]
2025-05-29 22:07:02.394 [info] > git config --get commit.template [6ms]
2025-05-29 22:07:02.395 [info] > git for-each-ref --format=%(refname)%00%(upstream:short)%00%(objectname)%00%(upstream:track)%00%(upstream:remotename)%00%(upstream:remoteref) refs/heads/part3 refs/remotes/part3 [2ms]
2025-05-29 22:07:02.409 [info] > git for-each-ref --sort -committerdate --format %(refname)%00%(objectname)%00%(*objectname) [3ms]
2025-05-29 22:07:02.420 [info] > git status -z -uall [19ms]
2025-05-29 22:07:02.636 [info] > git blame --root --incremental 7d63115d29abdd181a0c44b8ff5adb102513e5d8 -- part1_EL.tab.c [857ms]
2025-05-29 22:07:03.998 [info] > git show --textconv :part1_EL.y [11ms]
2025-05-29 22:07:04.002 [info] > git ls-files --stage -- part1_EL.y [6ms]
2025-05-29 22:07:04.013 [info] > git cat-file -s 3838182de950a99674d857a84dec192b2567a7d7 [2ms]
2025-05-29 23:02:50.674 [info] > git config --get commit.template [16ms]
2025-05-29 23:02:50.674 [info] > git for-each-ref --format=%(refname)%00%(upstream:short)%00%(objectname)%00%(upstream:track)%00%(upstream:remotename)%00%(upstream:remoteref) refs/heads/part3 refs/remotes/part3 [5ms]
2025-05-29 23:02:50.704 [info] > git for-each-ref --sort -committerdate --format %(refname)%00%(objectname)%00%(*objectname) [5ms]
2025-05-29 23:02:50.742 [info] > git status -z -uall [56ms]
2025-05-29 23:02:55.771 [info] > git config --get commit.template [9ms]
2025-05-29 23:02:55.772 [info] > git for-each-ref --format=%(refname)%00%(upstream:short)%00%(objectname)%00%(upstream:track)%00%(upstream:remotename)%00%(upstream:remoteref) refs/heads/part3 refs/remotes/part3 [2ms]
2025-05-29 23:02:55.797 [info] > git for-each-ref --sort -committerdate --format %(refname)%00%(objectname)%00%(*objectname) [4ms]
2025-05-29 23:02:55.813 [info] > git status -z -uall [30ms]
2025-05-29 23:03:20.772 [info] > git show --textconv :part1_EL.tab.c [12ms]
2025-05-29 23:03:20.777 [info] > git ls-files --stage -- part1_EL.tab.c [9ms]
2025-05-29 23:03:20.789 [info] > git cat-file -s a713c39084715140ecbc5e40eff23f4369fb19b7 [2ms]
2025-05-29 23:03:27.901 [info] > git show --textconv :testp3.txt [6ms]
2025-05-29 23:03:27.902 [info] > git ls-files --stage -- testp3.txt [2ms]
2025-05-29 23:03:27.908 [info] > git cat-file -s a020bcff43d9919958682adba9b6b1ebdf42b22d [2ms]
2025-05-29 23:03:32.657 [info] > git config --get commit.template [9ms]
2025-05-29 23:03:32.658 [info] > git for-each-ref --format=%(refname)%00%(upstream:short)%00%(objectname)%00%(upstream:track)%00%(upstream:remotename)%00%(upstream:remoteref) refs/heads/part3 refs/remotes/part3 [2ms]
2025-05-29 23:03:32.681 [info] > git for-each-ref --sort -committerdate --format %(refname)%00%(objectname)%00%(*objectname) [3ms]
2025-05-29 23:03:32.690 [info] > git status -z -uall [26ms]
2025-05-29 23:03:53.854 [info] > git config --get commit.template [7ms]
2025-05-29 23:03:53.856 [info] > git for-each-ref --format=%(refname)%00%(upstream:short)%00%(objectname)%00%(upstream:track)%00%(upstream:remotename)%00%(upstream:remoteref) refs/heads/part3 refs/remotes/part3 [2ms]
2025-05-29 23:03:53.870 [info] > git for-each-ref --sort -committerdate --format %(refname)%00%(objectname)%00%(*objectname) [2ms]
2025-05-29 23:03:53.882 [info] > git status -z -uall [20ms]
2025-05-29 23:04:07.086 [info] > git config --get commit.template [7ms]
2025-05-29 23:04:07.087 [info] > git for-each-ref --format=%(refname)%00%(upstream:short)%00%(objectname)%00%(upstream:track)%00%(upstream:remotename)%00%(upstream:remoteref) refs/heads/part3 refs/remotes/part3 [2ms]
2025-05-29 23:04:07.099 [info] > git for-each-ref --sort -committerdate --format %(refname)%00%(objectname)%00%(*objectname) [2ms]
2025-05-29 23:04:07.108 [info] > git status -z -uall [17ms]
2025-05-29 23:04:50.549 [info] > git show --textconv :part1_EL.y [8ms]
2025-05-29 23:04:50.551 [info] > git ls-files --stage -- part1_EL.y [3ms]
2025-05-29 23:04:50.558 [info] > git cat-file -s 3838182de950a99674d857a84dec192b2567a7d7 [2ms]
2025-05-29 23:05:27.894 [info] > git config --get commit.template [7ms]
2025-05-29 23:05:27.895 [info] > git for-each-ref --format=%(refname)%00%(upstream:short)%00%(objectname)%00%(upstream:track)%00%(upstream:remotename)%00%(upstream:remoteref) refs/heads/part3 refs/remotes/part3 [2ms]
2025-05-29 23:05:27.907 [info] > git for-each-ref --sort -committerdate --format %(refname)%00%(objectname)%00%(*objectname) [2ms]
2025-05-29 23:05:27.919 [info] > git status -z -uall [19ms]
2025-05-29 23:05:32.225 [info] > git show --textconv :part1_EL.y [5ms]
2025-05-29 23:05:32.227 [info] > git ls-files --stage -- part1_EL.y [3ms]
2025-05-29 23:05:32.235 [info] > git cat-file -s 3838182de950a99674d857a84dec192b2567a7d7 [1ms]
2025-05-29 23:05:33.314 [info] > git config --get commit.template [5ms]
2025-05-29 23:05:33.316 [info] > git for-each-ref --format=%(refname)%00%(upstream:short)%00%(objectname)%00%(upstream:track)%00%(upstream:remotename)%00%(upstream:remoteref) refs/heads/part3 refs/remotes/part3 [2ms]
2025-05-29 23:05:33.336 [info] > git for-each-ref --sort -committerdate --format %(refname)%00%(objectname)%00%(*objectname) [4ms]
2025-05-29 23:05:33.349 [info] > git status -z -uall [23ms]
2025-05-29 23:05:39.718 [info] > git config --get commit.template [7ms]
2025-05-29 23:05:39.719 [info] > git for-each-ref --format=%(refname)%00%(upstream:short)%00%(objectname)%00%(upstream:track)%00%(upstream:remotename)%00%(upstream:remoteref) refs/heads/part3 refs/remotes/part3 [1ms]
2025-05-29 23:05:39.731 [info] > git for-each-ref --sort -committerdate --format %(refname)%00%(objectname)%00%(*objectname) [2ms]
2025-05-29 23:05:39.742 [info] > git status -z -uall [18ms]
2025-05-29 23:05:44.769 [info] > git config --get commit.template [12ms]
2025-05-29 23:05:44.771 [info] > git for-each-ref --format=%(refname)%00%(upstream:short)%00%(objectname)%00%(upstream:track)%00%(upstream:remotename)%00%(upstream:remoteref) refs/heads/part3 refs/remotes/part3 [3ms]
2025-05-29 23:05:44.796 [info] > git for-each-ref --sort -committerdate --format %(refname)%00%(objectname)%00%(*objectname) [3ms]
2025-05-29 23:05:44.809 [info] > git status -z -uall [27ms]
2025-05-29 23:06:33.317 [info] > git config --get commit.template [12ms]
2025-05-29 23:06:33.317 [info] > git for-each-ref --format=%(refname)%00%(upstream:short)%00%(objectname)%00%(upstream:track)%00%(upstream:remotename)%00%(upstream:remoteref) refs/heads/part3 refs/remotes/part3 [3ms]
2025-05-29 23:06:33.337 [info] > git for-each-ref --sort -committerdate --format %(refname)%00%(objectname)%00%(*objectname) [3ms]
2025-05-29 23:06:33.348 [info] > git status -z -uall [23ms]
2025-05-29 23:06:39.202 [info] > git config --get commit.template [2ms]
2025-05-29 23:06:39.209 [info] > git for-each-ref --format=%(refname)%00%(upstream:short)%00%(objectname)%00%(upstream:track)%00%(upstream:remotename)%00%(upstream:remoteref) refs/heads/part3 refs/remotes/part3 [1ms]
2025-05-29 23:06:39.228 [info] > git for-each-ref --sort -committerdate --format %(refname)%00%(objectname)%00%(*objectname) [2ms]
2025-05-29 23:06:39.257 [info] > git status -z -uall [39ms]
2025-05-29 23:06:40.411 [info] > git config --get commit.template [8ms]
2025-05-29 23:06:40.412 [info] > git for-each-ref --format=%(refname)%00%(upstream:short)%00%(objectname)%00%(upstream:track)%00%(upstream:remotename)%00%(upstream:remoteref) refs/heads/part3 refs/remotes/part3 [2ms]
2025-05-29 23:06:40.427 [info] > git for-each-ref --sort -committerdate --format %(refname)%00%(objectname)%00%(*objectname) [3ms]
2025-05-29 23:06:40.447 [info] > git status -z -uall [29ms]
2025-05-29 23:06:40.510 [info] > git ls-files --stage -- part1_EL.y [2ms]
2025-05-29 23:06:40.517 [info] > git cat-file -s 3838182de950a99674d857a84dec192b2567a7d7 [1ms]
2025-05-29 23:06:40.531 [info] > git show --textconv :part1_EL.y [4ms]
2025-05-29 23:06:52.530 [info] > git config --get commit.template [6ms]
2025-05-29 23:06:52.531 [info] > git for-each-ref --format=%(refname)%00%(upstream:short)%00%(objectname)%00%(upstream:track)%00%(upstream:remotename)%00%(upstream:remoteref) refs/heads/part3 refs/remotes/part3 [2ms]
2025-05-29 23:06:52.549 [info] > git for-each-ref --sort -committerdate --format %(refname)%00%(objectname)%00%(*objectname) [2ms]
2025-05-29 23:06:52.553 [info] > git status -z -uall [14ms]
2025-05-29 23:06:52.573 [info] > git merge-base refs/heads/part3 refs/remotes/origin/part3 [5ms]
2025-05-29 23:06:52.585 [info] > git diff --name-status -z --diff-filter=ADMR 7d63115d29abdd181a0c44b8ff5adb102513e5d8...refs/remotes/origin/part3 [2ms]
2025-05-29 23:06:52.589 [info] > git blame --root --incremental a68978677e45cb1fa11b7ae3357362d001d5a9e2 -- part1_EL.y [28ms]
2025-05-29 23:06:53.437 [info] > git config --get commit.template [16ms]
2025-05-29 23:06:53.440 [info] > git for-each-ref --format=%(refname)%00%(upstream:short)%00%(objectname)%00%(upstream:track)%00%(upstream:remotename)%00%(upstream:remoteref) refs/heads/part3 refs/remotes/part3 [4ms]
2025-05-29 23:06:53.454 [info] > git for-each-ref --sort -committerdate --format %(refname)%00%(objectname)%00%(*objectname) [2ms]
2025-05-29 23:06:53.459 [info] > git status -z -uall [13ms]
2025-05-29 23:06:53.520 [info] > git ls-files --stage -- part1_EL.y [2ms]
2025-05-29 23:06:53.527 [info] > git cat-file -s 3838182de950a99674d857a84dec192b2567a7d7 [1ms]
2025-05-29 23:06:53.538 [info] > git show --textconv :part1_EL.y [3ms]
2025-05-29 23:07:11.593 [info] > git config --get commit.template [10ms]
2025-05-29 23:07:11.597 [info] > git for-each-ref --format=%(refname)%00%(upstream:short)%00%(objectname)%00%(upstream:track)%00%(upstream:remotename)%00%(upstream:remoteref) refs/heads/part3 refs/remotes/part3 [4ms]
2025-05-29 23:07:11.616 [info] > git for-each-ref --sort -committerdate --format %(refname)%00%(objectname)%00%(*objectname) [3ms]
2025-05-29 23:07:11.622 [info] > git status -z -uall [17ms]
2025-05-29 23:07:11.634 [info] > git merge-base refs/heads/part3 refs/remotes/origin/part3 [2ms]
2025-05-29 23:07:11.646 [info] > git diff --name-status -z --diff-filter=ADMR a68978677e45cb1fa11b7ae3357362d001d5a9e2...refs/remotes/origin/part3 [3ms]
2025-05-29 23:07:12.790 [info] > git config --get commit.template [6ms]
2025-05-29 23:07:12.790 [info] > git for-each-ref --format=%(refname)%00%(upstream:short)%00%(objectname)%00%(upstream:track)%00%(upstream:remotename)%00%(upstream:remoteref) refs/heads/part3 refs/remotes/part3 [1ms]
2025-05-29 23:07:12.804 [info] > git for-each-ref --sort -committerdate --format %(refname)%00%(objectname)%00%(*objectname) [2ms]
2025-05-29 23:07:12.809 [info] > git status -z -uall [13ms]
2025-05-29 23:07:12.887 [info] > git ls-files --stage -- part1_EL.y [1ms]
2025-05-29 23:07:12.893 [info] > git cat-file -s 3838182de950a99674d857a84dec192b2567a7d7 [1ms]
2025-05-29 23:07:12.904 [info] > git show --textconv :part1_EL.y [3ms]
2025-05-29 23:09:16.267 [info] > git ls-files --stage -- testp3.txt [9ms]
2025-05-29 23:09:16.276 [info] > git show --textconv :testp3.txt [27ms]
2025-05-29 23:09:16.276 [info] > git cat-file -s a020bcff43d9919958682adba9b6b1ebdf42b22d [1ms]
2025-05-29 23:09:16.312 [info] > git blame --root --incremental a68978677e45cb1fa11b7ae3357362d001d5a9e2 -- testp3.txt [19ms]
2025-05-29 23:09:51.553 [info] > git ls-files --stage -- rule4a.txt [2ms]
2025-05-29 23:09:51.559 [info] > git show --textconv :rule4a.txt [15ms]
2025-05-29 23:09:51.563 [info] > git cat-file -s 78aa7adced27baf369dcafe15802790fa40e6c37 [4ms]
2025-05-29 23:09:51.718 [info] > git blame --root --incremental a68978677e45cb1fa11b7ae3357362d001d5a9e2 -- rule4a.txt [141ms]
2025-05-29 23:09:52.744 [info] > git show --textconv :testp3.txt [7ms]
2025-05-29 23:09:52.746 [info] > git ls-files --stage -- testp3.txt [2ms]
2025-05-29 23:09:52.754 [info] > git cat-file -s a020bcff43d9919958682adba9b6b1ebdf42b22d [1ms]
2025-05-29 23:11:07.790 [info] > git show --textconv :part1_EL.y [7ms]
2025-05-29 23:11:07.791 [info] > git ls-files --stage -- part1_EL.y [2ms]
2025-05-29 23:11:07.798 [info] > git cat-file -s 3838182de950a99674d857a84dec192b2567a7d7 [1ms]
2025-05-29 23:13:09.233 [info] > git config --get commit.template [17ms]
2025-05-29 23:13:09.241 [info] > git for-each-ref --format=%(refname)%00%(upstream:short)%00%(objectname)%00%(upstream:track)%00%(upstream:remotename)%00%(upstream:remoteref) refs/heads/part3 refs/remotes/part3 [11ms]
2025-05-29 23:13:09.258 [info] > git for-each-ref --sort -committerdate --format %(refname)%00%(objectname)%00%(*objectname) [7ms]
2025-05-29 23:13:09.454 [info] > git status -z -uall [207ms]
2025-05-29 23:13:12.703 [info] > git show --textconv :part1_EL.y [5ms]
2025-05-29 23:13:12.705 [info] > git ls-files --stage -- part1_EL.y [3ms]
2025-05-29 23:13:12.712 [info] > git cat-file -s 3838182de950a99674d857a84dec192b2567a7d7 [2ms]
2025-05-29 23:13:14.473 [info] > git config --get commit.template [8ms]
2025-05-29 23:13:14.474 [info] > git for-each-ref --format=%(refname)%00%(upstream:short)%00%(objectname)%00%(upstream:track)%00%(upstream:remotename)%00%(upstream:remoteref) refs/heads/part3 refs/remotes/part3 [2ms]
2025-05-29 23:13:14.501 [info] > git for-each-ref --sort -committerdate --format %(refname)%00%(objectname)%00%(*objectname) [2ms]
2025-05-29 23:13:14.511 [info] > git status -z -uall [19ms]
2025-05-29 23:13:24.101 [info] > git config --get commit.template [11ms]
2025-05-29 23:13:24.104 [info] > git for-each-ref --format=%(refname)%00%(upstream:short)%00%(objectname)%00%(upstream:track)%00%(upstream:remotename)%00%(upstream:remoteref) refs/heads/part3 refs/remotes/part3 [4ms]
2025-05-29 23:13:24.129 [info] > git for-each-ref --sort -committerdate --format %(refname)%00%(objectname)%00%(*objectname) [3ms]
2025-05-29 23:13:24.138 [info] > git status -z -uall [22ms]
2025-05-29 23:13:29.152 [info] > git config --get commit.template [6ms]
2025-05-29 23:13:29.153 [info] > git for-each-ref --format=%(refname)%00%(upstream:short)%00%(objectname)%00%(upstream:track)%00%(upstream:remotename)%00%(upstream:remoteref) refs/heads/part3 refs/remotes/part3 [2ms]
2025-05-29 23:13:29.163 [info] > git for-each-ref --sort -committerdate --format %(refname)%00%(objectname)%00%(*objectname) [2ms]
2025-05-29 23:13:29.171 [info] > git status -z -uall [14ms]
2025-05-29 23:18:06.727 [info] > git config --get commit.template [6ms]
2025-05-29 23:18:06.728 [info] > git for-each-ref --format=%(refname)%00%(upstream:short)%00%(objectname)%00%(upstream:track)%00%(upstream:remotename)%00%(upstream:remoteref) refs/heads/part3 refs/remotes/part3 [2ms]
2025-05-29 23:18:06.741 [info] > git for-each-ref --sort -committerdate --format %(refname)%00%(objectname)%00%(*objectname) [2ms]
2025-05-29 23:18:06.748 [info] > git status -z -uall [16ms]
2025-05-29 23:19:26.029 [info] > git config --get commit.template [3ms]
2025-05-29 23:19:26.039 [info] > git for-each-ref --format=%(refname)%00%(upstream:short)%00%(objectname)%00%(upstream:track)%00%(upstream:remotename)%00%(upstream:remoteref) refs/heads/part3 refs/remotes/part3 [3ms]
2025-05-29 23:19:26.059 [info] > git for-each-ref --sort -committerdate --format %(refname)%00%(objectname)%00%(*objectname) [2ms]
2025-05-29 23:19:26.070 [info] > git status -z -uall [22ms]
2025-05-29 23:19:53.393 [info] > git config --get commit.template [12ms]
2025-05-29 23:19:53.395 [info] > git for-each-ref --format=%(refname)%00%(upstream:short)%00%(objectname)%00%(upstream:track)%00%(upstream:remotename)%00%(upstream:remoteref) refs/heads/part3 refs/remotes/part3 [4ms]
2025-05-29 23:19:53.420 [info] > git for-each-ref --sort -committerdate --format %(refname)%00%(objectname)%00%(*objectname) [4ms]
2025-05-29 23:19:53.428 [info] > git status -z -uall [20ms]
2025-05-29 23:20:36.978 [info] > git config --get commit.template [10ms]
2025-05-29 23:20:36.979 [info] > git for-each-ref --format=%(refname)%00%(upstream:short)%00%(objectname)%00%(upstream:track)%00%(upstream:remotename)%00%(upstream:remoteref) refs/heads/part3 refs/remotes/part3 [2ms]
2025-05-29 23:20:36.996 [info] > git for-each-ref --sort -committerdate --format %(refname)%00%(objectname)%00%(*objectname) [2ms]
2025-05-29 23:20:37.004 [info] > git status -z -uall [16ms]
2025-05-29 23:21:06.150 [info] > git config --get commit.template [5ms]
2025-05-29 23:21:06.150 [info] > git for-each-ref --format=%(refname)%00%(upstream:short)%00%(objectname)%00%(upstream:track)%00%(upstream:remotename)%00%(upstream:remoteref) refs/heads/part3 refs/remotes/part3 [1ms]
2025-05-29 23:21:06.162 [info] > git for-each-ref --sort -committerdate --format %(refname)%00%(objectname)%00%(*objectname) [2ms]
2025-05-29 23:21:06.167 [info] > git status -z -uall [12ms]
2025-05-29 23:21:12.348 [info] > git show --textconv :part1_EL.y [12ms]
2025-05-29 23:21:12.352 [info] > git ls-files --stage -- part1_EL.y [5ms]
2025-05-29 23:21:12.363 [info] > git cat-file -s 3838182de950a99674d857a84dec192b2567a7d7 [2ms]
2025-05-29 23:21:13.443 [info] > git config --get commit.template [9ms]
2025-05-29 23:21:13.445 [info] > git for-each-ref --format=%(refname)%00%(upstream:short)%00%(objectname)%00%(upstream:track)%00%(upstream:remotename)%00%(upstream:remoteref) refs/heads/part3 refs/remotes/part3 [3ms]
2025-05-29 23:21:13.462 [info] > git for-each-ref --sort -committerdate --format %(refname)%00%(objectname)%00%(*objectname) [3ms]
2025-05-29 23:21:13.469 [info] > git status -z -uall [17ms]
2025-05-29 23:21:18.492 [info] > git config --get commit.template [8ms]
2025-05-29 23:21:18.494 [info] > git for-each-ref --format=%(refname)%00%(upstream:short)%00%(objectname)%00%(upstream:track)%00%(upstream:remotename)%00%(upstream:remoteref) refs/heads/part3 refs/remotes/part3 [3ms]
2025-05-29 23:21:18.515 [info] > git for-each-ref --sort -committerdate --format %(refname)%00%(objectname)%00%(*objectname) [4ms]
2025-05-29 23:21:18.524 [info] > git status -z -uall [21ms]
2025-05-29 23:24:27.903 [info] > git show --textconv :testp3.txt [10ms]
2025-05-29 23:24:27.906 [info] > git ls-files --stage -- testp3.txt [4ms]
2025-05-29 23:24:27.914 [info] > git cat-file -s a020bcff43d9919958682adba9b6b1ebdf42b22d [2ms]
2025-05-29 23:25:12.954 [info] > git config --get commit.template [3ms]
2025-05-29 23:25:12.964 [info] > git for-each-ref --format=%(refname)%00%(upstream:short)%00%(objectname)%00%(upstream:track)%00%(upstream:remotename)%00%(upstream:remoteref) refs/heads/part3 refs/remotes/part3 [3ms]
2025-05-29 23:25:12.979 [info] > git for-each-ref --sort -committerdate --format %(refname)%00%(objectname)%00%(*objectname) [3ms]
2025-05-29 23:25:12.990 [info] > git status -z -uall [20ms]
2025-05-29 23:25:29.761 [info] > git show --textconv :part1_EL.y [10ms]
2025-05-29 23:25:29.763 [info] > git ls-files --stage -- part1_EL.y [4ms]
2025-05-29 23:25:29.774 [info] > git cat-file -s 3838182de950a99674d857a84dec192b2567a7d7 [3ms]
2025-05-29 23:32:55.237 [info] > git config --get commit.template [11ms]
2025-05-29 23:32:55.238 [info] > git for-each-ref --format=%(refname)%00%(upstream:short)%00%(objectname)%00%(upstream:track)%00%(upstream:remotename)%00%(upstream:remoteref) refs/heads/part3 refs/remotes/part3 [3ms]
2025-05-29 23:32:55.260 [info] > git for-each-ref --sort -committerdate --format %(refname)%00%(objectname)%00%(*objectname) [4ms]
2025-05-29 23:32:55.272 [info] > git status -z -uall [23ms]
2025-05-29 23:33:38.819 [info] > git config --get commit.template [81ms]
2025-05-29 23:33:38.827 [info] > git for-each-ref --format=%(refname)%00%(upstream:short)%00%(objectname)%00%(upstream:track)%00%(upstream:remotename)%00%(upstream:remoteref) refs/heads/part3 refs/remotes/part3 [3ms]
2025-05-29 23:33:38.840 [info] > git for-each-ref --sort -committerdate --format %(refname)%00%(objectname)%00%(*objectname) [3ms]
2025-05-29 23:33:38.847 [info] > git status -z -uall [14ms]
2025-05-29 23:33:44.992 [info] > git config --get commit.template [6ms]
2025-05-29 23:33:44.993 [info] > git for-each-ref --format=%(refname)%00%(upstream:short)%00%(objectname)%00%(upstream:track)%00%(upstream:remotename)%00%(upstream:remoteref) refs/heads/part3 refs/remotes/part3 [1ms]
2025-05-29 23:33:45.005 [info] > git for-each-ref --sort -committerdate --format %(refname)%00%(objectname)%00%(*objectname) [2ms]
2025-05-29 23:33:45.012 [info] > git status -z -uall [14ms]
2025-05-29 23:34:03.866 [info] > git config --get commit.template [6ms]
2025-05-29 23:34:03.867 [info] > git for-each-ref --format=%(refname)%00%(upstream:short)%00%(objectname)%00%(upstream:track)%00%(upstream:remotename)%00%(upstream:remoteref) refs/heads/part3 refs/remotes/part3 [2ms]
2025-05-29 23:34:03.883 [info] > git for-each-ref --sort -committerdate --format %(refname)%00%(objectname)%00%(*objectname) [4ms]
2025-05-29 23:34:03.886 [info] > git status -z -uall [13ms]
2025-05-29 23:34:13.433 [info] > git show --textconv :.motd_shown [7ms]
2025-05-29 23:34:13.435 [info] > git ls-files --stage -- .motd_shown [3ms]
2025-05-29 23:34:13.446 [info] > git cat-file -s e69de29bb2d1d6434b8b29ae775ad8c2e48c5391 [3ms]
2025-05-29 23:34:14.353 [info] > git config --get commit.template [9ms]
2025-05-29 23:34:14.354 [info] > git for-each-ref --format=%(refname)%00%(upstream:short)%00%(objectname)%00%(upstream:track)%00%(upstream:remotename)%00%(upstream:remoteref) refs/heads/part3 refs/remotes/part3 [2ms]
2025-05-29 23:34:14.370 [info] > git for-each-ref --sort -committerdate --format %(refname)%00%(objectname)%00%(*objectname) [3ms]
2025-05-29 23:34:14.379 [info] > git status -z -uall [18ms]
2025-05-29 23:34:19.187 [info] > git show --textconv :part1_EL.y [9ms]
2025-05-29 23:34:19.189 [info] > git ls-files --stage -- part1_EL.y [3ms]
2025-05-29 23:34:19.200 [info] > git cat-file -s 3838182de950a99674d857a84dec192b2567a7d7 [2ms]
2025-05-29 23:34:20.526 [info] > git config --get commit.template [6ms]
2025-05-29 23:34:20.527 [info] > git for-each-ref --format=%(refname)%00%(upstream:short)%00%(objectname)%00%(upstream:track)%00%(upstream:remotename)%00%(upstream:remoteref) refs/heads/part3 refs/remotes/part3 [2ms]
2025-05-29 23:34:20.541 [info] > git for-each-ref --sort -committerdate --format %(refname)%00%(objectname)%00%(*objectname) [2ms]
2025-05-29 23:34:20.548 [info] > git status -z -uall [15ms]
2025-05-29 23:35:36.205 [info] > git config --get commit.template [5ms]
2025-05-29 23:35:36.206 [info] > git for-each-ref --format=%(refname)%00%(upstream:short)%00%(objectname)%00%(upstream:track)%00%(upstream:remotename)%00%(upstream:remoteref) refs/heads/part3 refs/remotes/part3 [1ms]
2025-05-29 23:35:36.220 [info] > git for-each-ref --sort -committerdate --format %(refname)%00%(objectname)%00%(*objectname) [2ms]
2025-05-29 23:35:36.229 [info] > git status -z -uall [17ms]
2025-05-29 23:35:41.254 [info] > git config --get commit.template [12ms]
2025-05-29 23:35:41.254 [info] > git for-each-ref --format=%(refname)%00%(upstream:short)%00%(objectname)%00%(upstream:track)%00%(upstream:remotename)%00%(upstream:remoteref) refs/heads/part3 refs/remotes/part3 [3ms]
2025-05-29 23:35:41.271 [info] > git for-each-ref --sort -committerdate --format %(refname)%00%(objectname)%00%(*objectname) [3ms]
2025-05-29 23:35:41.278 [info] > git status -z -uall [17ms]
2025-05-29 23:35:46.293 [info] > git config --get commit.template [7ms]
2025-05-29 23:35:46.293 [info] > git for-each-ref --format=%(refname)%00%(upstream:short)%00%(objectname)%00%(upstream:track)%00%(upstream:remotename)%00%(upstream:remoteref) refs/heads/part3 refs/remotes/part3 [1ms]
2025-05-29 23:35:46.304 [info] > git for-each-ref --sort -committerdate --format %(refname)%00%(objectname)%00%(*objectname) [1ms]
2025-05-29 23:35:46.311 [info] > git status -z -uall [13ms]
2025-05-29 23:35:58.418 [info] > git show --textconv :testp3.txt [8ms]
2025-05-29 23:35:58.420 [info] > git ls-files --stage -- testp3.txt [3ms]
2025-05-29 23:35:58.430 [info] > git cat-file -s a020bcff43d9919958682adba9b6b1ebdf42b22d [2ms]
2025-05-29 23:36:15.708 [info] > git config --get commit.template [9ms]
2025-05-29 23:36:15.709 [info] > git for-each-ref --format=%(refname)%00%(upstream:short)%00%(objectname)%00%(upstream:track)%00%(upstream:remotename)%00%(upstream:remoteref) refs/heads/part3 refs/remotes/part3 [4ms]
2025-05-29 23:36:15.725 [info] > git for-each-ref --sort -committerdate --format %(refname)%00%(objectname)%00%(*objectname) [3ms]
2025-05-29 23:36:15.737 [info] > git status -z -uall [21ms]
2025-05-29 23:36:33.474 [info] > git ls-files --stage -- part1_EL.y [7ms]
2025-05-29 23:36:33.480 [info] > git show --textconv :part1_EL.y [20ms]
2025-05-29 23:36:33.481 [info] > git cat-file -s 3838182de950a99674d857a84dec192b2567a7d7 [1ms]
2025-05-29 23:36:34.256 [info] > git ls-files --stage -- testp3.txt [2ms]
2025-05-29 23:36:34.262 [info] > git show --textconv :testp3.txt [17ms]
2025-05-29 23:36:34.262 [info] > git cat-file -s a020bcff43d9919958682adba9b6b1ebdf42b22d [1ms]
2025-05-29 23:37:06.836 [info] > git ls-files --stage -- rule10a.txt [3ms]
2025-05-29 23:37:06.844 [info] > git show --textconv :rule10a.txt [16ms]
2025-05-29 23:37:06.845 [info] > git cat-file -s 7dc6a8f818408ab6c782ddb80cb40c4321410fe6 [4ms]
2025-05-29 23:37:07.002 [info] > git blame --root --incremental a68978677e45cb1fa11b7ae3357362d001d5a9e2 -- rule10a.txt [144ms]
2025-05-29 23:37:18.429 [info] > git ls-files --stage -- rule10b.txt [3ms]
2025-05-29 23:37:18.434 [info] > git show --textconv :rule10b.txt [12ms]
2025-05-29 23:37:18.435 [info] > git cat-file -s a89a8f551477b9bd3fa96d1d41dc5a6fb42f4444 [1ms]
2025-05-29 23:37:19.263 [info] > git show --textconv :rule10c.txt [11ms]
2025-05-29 23:37:19.267 [info] > git ls-files --stage -- rule10c.txt [4ms]
2025-05-29 23:37:19.280 [info] > git cat-file -s 95cbc3805c0f61f5cabf5712b13d36e89e9c79de [4ms]
2025-05-29 23:37:19.320 [info] > git blame --root --incremental a68978677e45cb1fa11b7ae3357362d001d5a9e2 -- rule10c.txt [18ms]
2025-05-29 23:37:28.360 [info] > git show --textconv :rule11a.txt [17ms]
2025-05-29 23:37:28.361 [info] > git ls-files --stage -- rule11a.txt [6ms]
2025-05-29 23:37:28.372 [info] > git cat-file -s 2c16bb2a69c08912847c6fa7d5d0810a9a4c7e16 [2ms]
2025-05-29 23:37:28.435 [info] > git blame --root --incremental a68978677e45cb1fa11b7ae3357362d001d5a9e2 -- rule11a.txt [13ms]
2025-05-29 23:37:30.356 [info] > git show --textconv :part1_EL.y [12ms]
2025-05-29 23:37:30.357 [info] > git ls-files --stage -- part1_EL.y [5ms]
2025-05-29 23:37:30.367 [info] > git cat-file -s 3838182de950a99674d857a84dec192b2567a7d7 [2ms]
