2025-05-17 21:38:56.251 [info] [main] Log level: Info
2025-05-17 21:38:56.251 [info] [main] Validating found git in: "git"
2025-05-17 21:38:56.251 [info] [main] Using git "2.34.1" from "git"
2025-05-17 21:38:56.251 [info] [Model][doInitialScan] Initial repository scan started
2025-05-17 21:38:56.251 [info] > git rev-parse --show-toplevel [6ms]
2025-05-17 21:38:56.251 [info] > git rev-parse --git-dir --git-common-dir [391ms]
2025-05-17 21:38:56.251 [info] [Model][openRepository] Opened repository (path): /home/etaico
2025-05-17 21:38:56.251 [info] [Model][openRepository] Opened repository (real path): /home/etaico
2025-05-17 21:38:56.251 [info] > git rev-parse --show-toplevel [20ms]
2025-05-17 21:38:56.251 [info] > git config --get commit.template [25ms]
2025-05-17 21:38:56.269 [info] > git rev-parse --show-toplevel [12ms]
2025-05-17 21:38:56.865 [info] > git for-each-ref --format=%(refname)%00%(upstream:short)%00%(objectname)%00%(upstream:track)%00%(upstream:remotename)%00%(upstream:remoteref) refs/heads/main refs/remotes/main [600ms]
2025-05-17 21:38:57.188 [info] > git rev-parse --show-toplevel [764ms]
2025-05-17 21:38:57.191 [info] [Model][doInitialScan] Initial repository scan completed - repositories (1), closed repositories (0), parent repositories (0), unsafe repositories (0)
2025-05-17 21:38:57.209 [info] > git check-ignore -v -z --stdin [339ms]
2025-05-17 21:38:57.211 [info] > git show --textconv :part1_EL.y [12ms]
2025-05-17 21:38:57.219 [info] > git ls-files --stage -- part1_EL.y [16ms]
2025-05-17 21:38:57.239 [info] > git cat-file -s b2b138e7a6cdc26e9a7fa094ab95e276cef56714 [13ms]
2025-05-17 21:38:57.267 [info] > git for-each-ref --sort -committerdate --format %(refname)%00%(objectname)%00%(*objectname) [29ms]
2025-05-17 21:38:57.270 [info] > git status -z -uall [39ms]
2025-05-17 21:38:57.928 [info] > git for-each-ref --format=%(refname)%00%(upstream:short)%00%(objectname)%00%(upstream:track)%00%(upstream:remotename)%00%(upstream:remoteref) refs/heads/main refs/remotes/main [494ms]
2025-05-17 21:38:57.942 [info] > git config --get --local branch.main.vscode-merge-base [10ms]
2025-05-17 21:38:57.948 [info] > git config --get commit.template [26ms]
2025-05-17 21:38:58.112 [info] > git for-each-ref --format=%(refname)%00%(upstream:short)%00%(objectname)%00%(upstream:track)%00%(upstream:remotename)%00%(upstream:remoteref) refs/heads/origin/main refs/remotes/origin/main [165ms]
2025-05-17 21:38:58.184 [info] > git merge-base refs/heads/main refs/remotes/origin/main [67ms]
2025-05-17 21:38:58.190 [info] > git for-each-ref --format=%(refname)%00%(upstream:short)%00%(objectname)%00%(upstream:track)%00%(upstream:remotename)%00%(upstream:remoteref) refs/heads/main refs/remotes/main [236ms]
2025-05-17 21:38:58.201 [info] > git diff --name-status -z --diff-filter=ADMR 78add7191df750e7d74d2b3e1ecbebc0595b35d4...refs/remotes/origin/main [12ms]
2025-05-17 21:38:58.418 [info] > git for-each-ref --sort -committerdate --format %(refname)%00%(objectname)%00%(*objectname) [76ms]
2025-05-17 21:38:58.498 [info] > git status -z -uall [162ms]
2025-05-17 21:38:58.498 [info] > git blame --root --incremental 78add7191df750e7d74d2b3e1ecbebc0595b35d4 -- part1_EL.y [139ms]
2025-05-17 21:38:58.627 [info] > git config --get commit.template [3ms]
2025-05-17 21:38:58.660 [info] > git for-each-ref --format=%(refname)%00%(upstream:short)%00%(objectname)%00%(upstream:track)%00%(upstream:remotename)%00%(upstream:remoteref) refs/heads/main refs/remotes/main [15ms]
2025-05-17 21:38:59.224 [info] > git for-each-ref --sort -committerdate --format %(refname)%00%(objectname)%00%(*objectname) [104ms]
2025-05-17 21:38:59.233 [info] > git status -z -uall [122ms]
2025-05-17 21:39:00.911 [info] > git check-ignore -v -z --stdin [224ms]
2025-05-17 21:39:04.894 [info] > git config --get commit.template [1ms]
2025-05-17 21:39:04.900 [info] > git for-each-ref --format=%(refname)%00%(upstream:short)%00%(objectname)%00%(upstream:track)%00%(upstream:remotename)%00%(upstream:remoteref) refs/heads/main refs/remotes/main [2ms]
2025-05-17 21:39:04.911 [info] > git for-each-ref --sort -committerdate --format %(refname)%00%(objectname)%00%(*objectname) [2ms]
2025-05-17 21:39:04.924 [info] > git status -z -uall [19ms]
2025-05-17 21:39:10.038 [info] > git config --get commit.template [16ms]
2025-05-17 21:39:10.039 [info] > git for-each-ref --format=%(refname)%00%(upstream:short)%00%(objectname)%00%(upstream:track)%00%(upstream:remotename)%00%(upstream:remoteref) refs/heads/main refs/remotes/main [4ms]
2025-05-17 21:39:10.060 [info] > git for-each-ref --sort -committerdate --format %(refname)%00%(objectname)%00%(*objectname) [2ms]
2025-05-17 21:39:10.072 [info] > git status -z -uall [19ms]
2025-05-17 21:39:11.166 [info] > git config --get commit.template [6ms]
2025-05-17 21:39:11.167 [info] > git for-each-ref --format=%(refname)%00%(upstream:short)%00%(objectname)%00%(upstream:track)%00%(upstream:remotename)%00%(upstream:remoteref) refs/heads/main refs/remotes/main [2ms]
2025-05-17 21:39:11.180 [info] > git for-each-ref --sort -committerdate --format %(refname)%00%(objectname)%00%(*objectname) [1ms]
2025-05-17 21:39:11.191 [info] > git status -z -uall [18ms]
2025-05-17 21:39:12.393 [info] > git ls-files --stage -- part1_EL.y [6ms]
2025-05-17 21:39:12.407 [info] > git cat-file -s b2b138e7a6cdc26e9a7fa094ab95e276cef56714 [2ms]
2025-05-17 21:39:12.478 [info] > git show --textconv :part1_EL.y [8ms]
2025-05-17 21:39:15.160 [info] > git config --get commit.template [5ms]
2025-05-17 21:39:15.160 [info] > git for-each-ref --format=%(refname)%00%(upstream:short)%00%(objectname)%00%(upstream:track)%00%(upstream:remotename)%00%(upstream:remoteref) refs/heads/main refs/remotes/main [1ms]
2025-05-17 21:39:15.171 [info] > git for-each-ref --sort -committerdate --format %(refname)%00%(objectname)%00%(*objectname) [1ms]
2025-05-17 21:39:15.186 [info] > git status -z -uall [20ms]
2025-05-17 21:39:20.288 [info] > git config --get commit.template [14ms]
2025-05-17 21:39:20.291 [info] > git for-each-ref --format=%(refname)%00%(upstream:short)%00%(objectname)%00%(upstream:track)%00%(upstream:remotename)%00%(upstream:remoteref) refs/heads/main refs/remotes/main [4ms]
2025-05-17 21:39:20.319 [info] > git for-each-ref --sort -committerdate --format %(refname)%00%(objectname)%00%(*objectname) [3ms]
2025-05-17 21:39:20.337 [info] > git status -z -uall [33ms]
2025-05-17 21:39:21.088 [info] > git config --get commit.template [1ms]
2025-05-17 21:39:21.096 [info] > git for-each-ref --format=%(refname)%00%(upstream:short)%00%(objectname)%00%(upstream:track)%00%(upstream:remotename)%00%(upstream:remoteref) refs/heads/main refs/remotes/main [1ms]
2025-05-17 21:39:21.109 [info] > git for-each-ref --sort -committerdate --format %(refname)%00%(objectname)%00%(*objectname) [1ms]
2025-05-17 21:39:21.121 [info] > git status -z -uall [19ms]
2025-05-17 21:39:22.707 [info] > git ls-files --stage -- part1_EL.y [5ms]
2025-05-17 21:39:22.723 [info] > git cat-file -s b2b138e7a6cdc26e9a7fa094ab95e276cef56714 [3ms]
2025-05-17 21:39:22.751 [info] > git show --textconv :part1_EL.y [7ms]
2025-05-17 21:39:25.442 [info] > git config --get commit.template [16ms]
2025-05-17 21:39:25.444 [info] > git for-each-ref --format=%(refname)%00%(upstream:short)%00%(objectname)%00%(upstream:track)%00%(upstream:remotename)%00%(upstream:remoteref) refs/heads/main refs/remotes/main [4ms]
2025-05-17 21:39:25.474 [info] > git for-each-ref --sort -committerdate --format %(refname)%00%(objectname)%00%(*objectname) [4ms]
2025-05-17 21:39:25.507 [info] > git status -z -uall [49ms]
2025-05-17 21:39:31.084 [info] > git config --get commit.template [4ms]
2025-05-17 21:39:31.101 [info] > git for-each-ref --format=%(refname)%00%(upstream:short)%00%(objectname)%00%(upstream:track)%00%(upstream:remotename)%00%(upstream:remoteref) refs/heads/main refs/remotes/main [3ms]
2025-05-17 21:39:31.130 [info] > git for-each-ref --sort -committerdate --format %(refname)%00%(objectname)%00%(*objectname) [4ms]
2025-05-17 21:39:31.167 [info] > git status -z -uall [53ms]
2025-05-17 21:39:36.262 [info] > git config --get commit.template [7ms]
2025-05-17 21:39:36.262 [info] > git for-each-ref --format=%(refname)%00%(upstream:short)%00%(objectname)%00%(upstream:track)%00%(upstream:remotename)%00%(upstream:remoteref) refs/heads/main refs/remotes/main [1ms]
2025-05-17 21:39:36.279 [info] > git for-each-ref --sort -committerdate --format %(refname)%00%(objectname)%00%(*objectname) [3ms]
2025-05-17 21:39:36.296 [info] > git status -z -uall [27ms]
2025-05-17 21:39:41.383 [info] > git config --get commit.template [5ms]
2025-05-17 21:39:41.383 [info] > git for-each-ref --format=%(refname)%00%(upstream:short)%00%(objectname)%00%(upstream:track)%00%(upstream:remotename)%00%(upstream:remoteref) refs/heads/main refs/remotes/main [1ms]
2025-05-17 21:39:41.394 [info] > git for-each-ref --sort -committerdate --format %(refname)%00%(objectname)%00%(*objectname) [1ms]
2025-05-17 21:39:41.411 [info] > git status -z -uall [23ms]
2025-05-17 21:39:46.511 [info] > git config --get commit.template [9ms]
2025-05-17 21:39:46.512 [info] > git for-each-ref --format=%(refname)%00%(upstream:short)%00%(objectname)%00%(upstream:track)%00%(upstream:remotename)%00%(upstream:remoteref) refs/heads/main refs/remotes/main [1ms]
2025-05-17 21:39:46.524 [info] > git for-each-ref --sort -committerdate --format %(refname)%00%(objectname)%00%(*objectname) [1ms]
2025-05-17 21:39:46.540 [info] > git status -z -uall [22ms]
2025-05-17 21:39:51.638 [info] > git config --get commit.template [15ms]
2025-05-17 21:39:51.640 [info] > git for-each-ref --format=%(refname)%00%(upstream:short)%00%(objectname)%00%(upstream:track)%00%(upstream:remotename)%00%(upstream:remoteref) refs/heads/main refs/remotes/main [4ms]
2025-05-17 21:39:51.668 [info] > git for-each-ref --sort -committerdate --format %(refname)%00%(objectname)%00%(*objectname) [3ms]
2025-05-17 21:39:51.691 [info] > git status -z -uall [37ms]
2025-05-17 21:39:56.787 [info] > git config --get commit.template [6ms]
2025-05-17 21:39:56.787 [info] > git for-each-ref --format=%(refname)%00%(upstream:short)%00%(objectname)%00%(upstream:track)%00%(upstream:remotename)%00%(upstream:remoteref) refs/heads/main refs/remotes/main [1ms]
2025-05-17 21:39:56.800 [info] > git for-each-ref --sort -committerdate --format %(refname)%00%(objectname)%00%(*objectname) [2ms]
2025-05-17 21:39:56.814 [info] > git status -z -uall [21ms]
2025-05-17 21:40:01.904 [info] > git config --get commit.template [5ms]
2025-05-17 21:40:01.905 [info] > git for-each-ref --format=%(refname)%00%(upstream:short)%00%(objectname)%00%(upstream:track)%00%(upstream:remotename)%00%(upstream:remoteref) refs/heads/main refs/remotes/main [1ms]
2025-05-17 21:40:01.916 [info] > git for-each-ref --sort -committerdate --format %(refname)%00%(objectname)%00%(*objectname) [1ms]
2025-05-17 21:40:01.929 [info] > git status -z -uall [19ms]
2025-05-17 21:40:07.040 [info] > git config --get commit.template [18ms]
2025-05-17 21:40:07.043 [info] > git for-each-ref --format=%(refname)%00%(upstream:short)%00%(objectname)%00%(upstream:track)%00%(upstream:remotename)%00%(upstream:remoteref) refs/heads/main refs/remotes/main [5ms]
2025-05-17 21:40:07.071 [info] > git for-each-ref --sort -committerdate --format %(refname)%00%(objectname)%00%(*objectname) [2ms]
2025-05-17 21:40:07.087 [info] > git status -z -uall [28ms]
2025-05-17 21:40:12.161 [info] > git config --get commit.template [1ms]
2025-05-17 21:40:12.167 [info] > git for-each-ref --format=%(refname)%00%(upstream:short)%00%(objectname)%00%(upstream:track)%00%(upstream:remotename)%00%(upstream:remoteref) refs/heads/main refs/remotes/main [1ms]
2025-05-17 21:40:12.178 [info] > git for-each-ref --sort -committerdate --format %(refname)%00%(objectname)%00%(*objectname) [1ms]
2025-05-17 21:40:12.191 [info] > git status -z -uall [19ms]
2025-05-17 21:40:17.283 [info] > git config --get commit.template [5ms]
2025-05-17 21:40:17.284 [info] > git for-each-ref --format=%(refname)%00%(upstream:short)%00%(objectname)%00%(upstream:track)%00%(upstream:remotename)%00%(upstream:remoteref) refs/heads/main refs/remotes/main [1ms]
2025-05-17 21:40:17.296 [info] > git for-each-ref --sort -committerdate --format %(refname)%00%(objectname)%00%(*objectname) [1ms]
2025-05-17 21:40:17.309 [info] > git status -z -uall [19ms]
2025-05-17 21:42:33.173 [info] > git config --get commit.template [9ms]
2025-05-17 21:42:33.174 [info] > git for-each-ref --format=%(refname)%00%(upstream:short)%00%(objectname)%00%(upstream:track)%00%(upstream:remotename)%00%(upstream:remoteref) refs/heads/main refs/remotes/main [2ms]
2025-05-17 21:42:33.192 [info] > git for-each-ref --sort -committerdate --format %(refname)%00%(objectname)%00%(*objectname) [3ms]
2025-05-17 21:42:33.216 [info] > git status -z -uall [34ms]
2025-05-17 21:42:36.047 [info] > git check-ignore -v -z --stdin [1ms]
2025-05-17 21:42:38.356 [info] > git config --get commit.template [15ms]
2025-05-17 21:42:38.358 [info] > git for-each-ref --format=%(refname)%00%(upstream:short)%00%(objectname)%00%(upstream:track)%00%(upstream:remotename)%00%(upstream:remoteref) refs/heads/main refs/remotes/main [4ms]
2025-05-17 21:42:38.381 [info] > git for-each-ref --sort -committerdate --format %(refname)%00%(objectname)%00%(*objectname) [3ms]
2025-05-17 21:42:38.407 [info] > git status -z -uall [37ms]
2025-05-17 21:42:43.493 [info] > git config --get commit.template [5ms]
2025-05-17 21:42:43.494 [info] > git for-each-ref --format=%(refname)%00%(upstream:short)%00%(objectname)%00%(upstream:track)%00%(upstream:remotename)%00%(upstream:remoteref) refs/heads/main refs/remotes/main [1ms]
2025-05-17 21:42:43.505 [info] > git for-each-ref --sort -committerdate --format %(refname)%00%(objectname)%00%(*objectname) [1ms]
2025-05-17 21:42:43.518 [info] > git status -z -uall [19ms]
2025-05-17 21:42:48.592 [info] > git config --get commit.template [1ms]
2025-05-17 21:42:48.598 [info] > git for-each-ref --format=%(refname)%00%(upstream:short)%00%(objectname)%00%(upstream:track)%00%(upstream:remotename)%00%(upstream:remoteref) refs/heads/main refs/remotes/main [1ms]
2025-05-17 21:42:48.609 [info] > git for-each-ref --sort -committerdate --format %(refname)%00%(objectname)%00%(*objectname) [2ms]
2025-05-17 21:42:48.625 [info] > git status -z -uall [21ms]
2025-05-17 21:42:53.713 [info] > git config --get commit.template [5ms]
2025-05-17 21:42:53.714 [info] > git for-each-ref --format=%(refname)%00%(upstream:short)%00%(objectname)%00%(upstream:track)%00%(upstream:remotename)%00%(upstream:remoteref) refs/heads/main refs/remotes/main [1ms]
2025-05-17 21:42:53.726 [info] > git for-each-ref --sort -committerdate --format %(refname)%00%(objectname)%00%(*objectname) [1ms]
2025-05-17 21:42:53.740 [info] > git status -z -uall [20ms]
2025-05-17 21:42:58.821 [info] > git config --get commit.template [5ms]
2025-05-17 21:42:58.821 [info] > git for-each-ref --format=%(refname)%00%(upstream:short)%00%(objectname)%00%(upstream:track)%00%(upstream:remotename)%00%(upstream:remoteref) refs/heads/main refs/remotes/main [1ms]
2025-05-17 21:42:58.831 [info] > git for-each-ref --sort -committerdate --format %(refname)%00%(objectname)%00%(*objectname) [1ms]
2025-05-17 21:42:58.842 [info] > git status -z -uall [16ms]
2025-05-17 21:43:03.931 [info] > git config --get commit.template [5ms]
2025-05-17 21:43:03.932 [info] > git for-each-ref --format=%(refname)%00%(upstream:short)%00%(objectname)%00%(upstream:track)%00%(upstream:remotename)%00%(upstream:remoteref) refs/heads/main refs/remotes/main [1ms]
2025-05-17 21:43:03.943 [info] > git for-each-ref --sort -committerdate --format %(refname)%00%(objectname)%00%(*objectname) [1ms]
2025-05-17 21:43:03.956 [info] > git status -z -uall [19ms]
2025-05-17 21:43:09.040 [info] > git config --get commit.template [6ms]
2025-05-17 21:43:09.040 [info] > git for-each-ref --format=%(refname)%00%(upstream:short)%00%(objectname)%00%(upstream:track)%00%(upstream:remotename)%00%(upstream:remoteref) refs/heads/main refs/remotes/main [1ms]
2025-05-17 21:43:09.056 [info] > git for-each-ref --sort -committerdate --format %(refname)%00%(objectname)%00%(*objectname) [2ms]
2025-05-17 21:43:09.070 [info] > git status -z -uall [23ms]
2025-05-17 21:43:14.171 [info] > git config --get commit.template [14ms]
2025-05-17 21:43:14.173 [info] > git for-each-ref --format=%(refname)%00%(upstream:short)%00%(objectname)%00%(upstream:track)%00%(upstream:remotename)%00%(upstream:remoteref) refs/heads/main refs/remotes/main [3ms]
2025-05-17 21:43:14.203 [info] > git for-each-ref --sort -committerdate --format %(refname)%00%(objectname)%00%(*objectname) [4ms]
2025-05-17 21:43:14.239 [info] > git status -z -uall [53ms]
2025-05-17 21:43:19.399 [info] > git config --get commit.template [4ms]
2025-05-17 21:43:19.399 [info] > git for-each-ref --format=%(refname)%00%(upstream:short)%00%(objectname)%00%(upstream:track)%00%(upstream:remotename)%00%(upstream:remoteref) refs/heads/main refs/remotes/main [1ms]
2025-05-17 21:43:19.408 [info] > git for-each-ref --sort -committerdate --format %(refname)%00%(objectname)%00%(*objectname) [1ms]
2025-05-17 21:43:19.421 [info] > git status -z -uall [18ms]
2025-05-17 21:43:24.516 [info] > git config --get commit.template [15ms]
2025-05-17 21:43:24.520 [info] > git for-each-ref --format=%(refname)%00%(upstream:short)%00%(objectname)%00%(upstream:track)%00%(upstream:remotename)%00%(upstream:remoteref) refs/heads/main refs/remotes/main [4ms]
2025-05-17 21:43:24.550 [info] > git for-each-ref --sort -committerdate --format %(refname)%00%(objectname)%00%(*objectname) [4ms]
2025-05-17 21:43:24.563 [info] > git status -z -uall [30ms]
2025-05-17 21:43:29.660 [info] > git config --get commit.template [14ms]
2025-05-17 21:43:29.662 [info] > git for-each-ref --format=%(refname)%00%(upstream:short)%00%(objectname)%00%(upstream:track)%00%(upstream:remotename)%00%(upstream:remoteref) refs/heads/main refs/remotes/main [4ms]
2025-05-17 21:43:29.686 [info] > git for-each-ref --sort -committerdate --format %(refname)%00%(objectname)%00%(*objectname) [2ms]
2025-05-17 21:43:29.697 [info] > git status -z -uall [20ms]
2025-05-17 21:43:34.777 [info] > git config --get commit.template [5ms]
2025-05-17 21:43:34.778 [info] > git for-each-ref --format=%(refname)%00%(upstream:short)%00%(objectname)%00%(upstream:track)%00%(upstream:remotename)%00%(upstream:remoteref) refs/heads/main refs/remotes/main [2ms]
2025-05-17 21:43:34.788 [info] > git for-each-ref --sort -committerdate --format %(refname)%00%(objectname)%00%(*objectname) [1ms]
2025-05-17 21:43:34.802 [info] > git status -z -uall [20ms]
2025-05-17 21:43:39.905 [info] > git config --get commit.template [15ms]
2025-05-17 21:43:39.908 [info] > git for-each-ref --format=%(refname)%00%(upstream:short)%00%(objectname)%00%(upstream:track)%00%(upstream:remotename)%00%(upstream:remoteref) refs/heads/main refs/remotes/main [3ms]
2025-05-17 21:43:39.936 [info] > git for-each-ref --sort -committerdate --format %(refname)%00%(objectname)%00%(*objectname) [3ms]
2025-05-17 21:43:39.950 [info] > git status -z -uall [28ms]
2025-05-17 21:43:45.040 [info] > git config --get commit.template [8ms]
2025-05-17 21:43:45.041 [info] > git for-each-ref --format=%(refname)%00%(upstream:short)%00%(objectname)%00%(upstream:track)%00%(upstream:remotename)%00%(upstream:remoteref) refs/heads/main refs/remotes/main [1ms]
2025-05-17 21:43:45.053 [info] > git for-each-ref --sort -committerdate --format %(refname)%00%(objectname)%00%(*objectname) [1ms]
2025-05-17 21:43:45.066 [info] > git status -z -uall [19ms]
2025-05-17 21:43:50.169 [info] > git config --get commit.template [14ms]
2025-05-17 21:43:50.170 [info] > git for-each-ref --format=%(refname)%00%(upstream:short)%00%(objectname)%00%(upstream:track)%00%(upstream:remotename)%00%(upstream:remoteref) refs/heads/main refs/remotes/main [2ms]
2025-05-17 21:43:50.181 [info] > git for-each-ref --sort -committerdate --format %(refname)%00%(objectname)%00%(*objectname) [1ms]
2025-05-17 21:43:50.195 [info] > git status -z -uall [20ms]
2025-05-17 21:43:55.282 [info] > git config --get commit.template [9ms]
2025-05-17 21:43:55.284 [info] > git for-each-ref --format=%(refname)%00%(upstream:short)%00%(objectname)%00%(upstream:track)%00%(upstream:remotename)%00%(upstream:remoteref) refs/heads/main refs/remotes/main [3ms]
2025-05-17 21:43:55.318 [info] > git for-each-ref --sort -committerdate --format %(refname)%00%(objectname)%00%(*objectname) [1ms]
2025-05-17 21:43:55.332 [info] > git status -z -uall [22ms]
2025-05-17 21:44:00.514 [info] > git config --get commit.template [14ms]
2025-05-17 21:44:00.515 [info] > git for-each-ref --format=%(refname)%00%(upstream:short)%00%(objectname)%00%(upstream:track)%00%(upstream:remotename)%00%(upstream:remoteref) refs/heads/main refs/remotes/main [3ms]
2025-05-17 21:44:00.544 [info] > git for-each-ref --sort -committerdate --format %(refname)%00%(objectname)%00%(*objectname) [4ms]
2025-05-17 21:44:00.579 [info] > git status -z -uall [51ms]
2025-05-17 21:44:05.664 [info] > git config --get commit.template [5ms]
2025-05-17 21:44:05.665 [info] > git for-each-ref --format=%(refname)%00%(upstream:short)%00%(objectname)%00%(upstream:track)%00%(upstream:remotename)%00%(upstream:remoteref) refs/heads/main refs/remotes/main [2ms]
2025-05-17 21:44:05.696 [info] > git for-each-ref --sort -committerdate --format %(refname)%00%(objectname)%00%(*objectname) [1ms]
2025-05-17 21:44:05.710 [info] > git status -z -uall [22ms]
2025-05-17 21:44:10.786 [info] > git config --get commit.template [5ms]
2025-05-17 21:44:10.786 [info] > git for-each-ref --format=%(refname)%00%(upstream:short)%00%(objectname)%00%(upstream:track)%00%(upstream:remotename)%00%(upstream:remoteref) refs/heads/main refs/remotes/main [1ms]
2025-05-17 21:44:10.798 [info] > git for-each-ref --sort -committerdate --format %(refname)%00%(objectname)%00%(*objectname) [2ms]
2025-05-17 21:44:10.810 [info] > git status -z -uall [17ms]
2025-05-17 21:44:16.423 [info] > git config --get commit.template [15ms]
2025-05-17 21:44:16.424 [info] > git for-each-ref --format=%(refname)%00%(upstream:short)%00%(objectname)%00%(upstream:track)%00%(upstream:remotename)%00%(upstream:remoteref) refs/heads/main refs/remotes/main [3ms]
2025-05-17 21:44:16.440 [info] > git for-each-ref --sort -committerdate --format %(refname)%00%(objectname)%00%(*objectname) [1ms]
2025-05-17 21:44:16.457 [info] > git status -z -uall [24ms]
2025-05-17 21:44:21.540 [info] > git config --get commit.template [5ms]
2025-05-17 21:44:21.540 [info] > git for-each-ref --format=%(refname)%00%(upstream:short)%00%(objectname)%00%(upstream:track)%00%(upstream:remotename)%00%(upstream:remoteref) refs/heads/main refs/remotes/main [1ms]
2025-05-17 21:44:21.550 [info] > git for-each-ref --sort -committerdate --format %(refname)%00%(objectname)%00%(*objectname) [1ms]
2025-05-17 21:44:21.561 [info] > git status -z -uall [16ms]
2025-05-17 21:44:26.636 [info] > git config --get commit.template [5ms]
2025-05-17 21:44:26.637 [info] > git for-each-ref --format=%(refname)%00%(upstream:short)%00%(objectname)%00%(upstream:track)%00%(upstream:remotename)%00%(upstream:remoteref) refs/heads/main refs/remotes/main [1ms]
2025-05-17 21:44:26.649 [info] > git for-each-ref --sort -committerdate --format %(refname)%00%(objectname)%00%(*objectname) [2ms]
2025-05-17 21:44:26.664 [info] > git status -z -uall [22ms]
2025-05-17 21:44:31.798 [info] > git config --get commit.template [5ms]
2025-05-17 21:44:31.799 [info] > git for-each-ref --format=%(refname)%00%(upstream:short)%00%(objectname)%00%(upstream:track)%00%(upstream:remotename)%00%(upstream:remoteref) refs/heads/main refs/remotes/main [1ms]
2025-05-17 21:44:31.810 [info] > git for-each-ref --sort -committerdate --format %(refname)%00%(objectname)%00%(*objectname) [1ms]
2025-05-17 21:44:31.821 [info] > git status -z -uall [17ms]
2025-05-17 21:44:36.897 [info] > git config --get commit.template [5ms]
2025-05-17 21:44:36.897 [info] > git for-each-ref --format=%(refname)%00%(upstream:short)%00%(objectname)%00%(upstream:track)%00%(upstream:remotename)%00%(upstream:remoteref) refs/heads/main refs/remotes/main [1ms]
2025-05-17 21:44:36.908 [info] > git for-each-ref --sort -committerdate --format %(refname)%00%(objectname)%00%(*objectname) [2ms]
2025-05-17 21:44:36.918 [info] > git status -z -uall [16ms]
2025-05-17 21:44:41.993 [info] > git config --get commit.template [5ms]
2025-05-17 21:44:41.994 [info] > git for-each-ref --format=%(refname)%00%(upstream:short)%00%(objectname)%00%(upstream:track)%00%(upstream:remotename)%00%(upstream:remoteref) refs/heads/main refs/remotes/main [1ms]
2025-05-17 21:44:42.008 [info] > git for-each-ref --sort -committerdate --format %(refname)%00%(objectname)%00%(*objectname) [1ms]
2025-05-17 21:44:42.022 [info] > git status -z -uall [22ms]
2025-05-17 21:44:47.179 [info] > git config --get commit.template [5ms]
2025-05-17 21:44:47.179 [info] > git for-each-ref --format=%(refname)%00%(upstream:short)%00%(objectname)%00%(upstream:track)%00%(upstream:remotename)%00%(upstream:remoteref) refs/heads/main refs/remotes/main [1ms]
2025-05-17 21:44:47.189 [info] > git for-each-ref --sort -committerdate --format %(refname)%00%(objectname)%00%(*objectname) [1ms]
2025-05-17 21:44:47.200 [info] > git status -z -uall [17ms]
2025-05-17 21:44:52.277 [info] > git config --get commit.template [6ms]
2025-05-17 21:44:52.278 [info] > git for-each-ref --format=%(refname)%00%(upstream:short)%00%(objectname)%00%(upstream:track)%00%(upstream:remotename)%00%(upstream:remoteref) refs/heads/main refs/remotes/main [2ms]
2025-05-17 21:44:52.289 [info] > git for-each-ref --sort -committerdate --format %(refname)%00%(objectname)%00%(*objectname) [2ms]
2025-05-17 21:44:52.302 [info] > git status -z -uall [19ms]
2025-05-17 21:44:57.379 [info] > git config --get commit.template [5ms]
2025-05-17 21:44:57.380 [info] > git for-each-ref --format=%(refname)%00%(upstream:short)%00%(objectname)%00%(upstream:track)%00%(upstream:remotename)%00%(upstream:remoteref) refs/heads/main refs/remotes/main [1ms]
2025-05-17 21:44:57.390 [info] > git for-each-ref --sort -committerdate --format %(refname)%00%(objectname)%00%(*objectname) [2ms]
2025-05-17 21:44:57.405 [info] > git status -z -uall [21ms]
2025-05-17 21:45:02.562 [info] > git config --get commit.template [6ms]
2025-05-17 21:45:02.563 [info] > git for-each-ref --format=%(refname)%00%(upstream:short)%00%(objectname)%00%(upstream:track)%00%(upstream:remotename)%00%(upstream:remoteref) refs/heads/main refs/remotes/main [1ms]
2025-05-17 21:45:02.575 [info] > git for-each-ref --sort -committerdate --format %(refname)%00%(objectname)%00%(*objectname) [1ms]
2025-05-17 21:45:02.588 [info] > git status -z -uall [19ms]
2025-05-17 21:45:07.672 [info] > git config --get commit.template [5ms]
2025-05-17 21:45:07.673 [info] > git for-each-ref --format=%(refname)%00%(upstream:short)%00%(objectname)%00%(upstream:track)%00%(upstream:remotename)%00%(upstream:remoteref) refs/heads/main refs/remotes/main [1ms]
2025-05-17 21:45:07.682 [info] > git for-each-ref --sort -committerdate --format %(refname)%00%(objectname)%00%(*objectname) [1ms]
2025-05-17 21:45:07.695 [info] > git status -z -uall [18ms]
2025-05-17 21:45:12.775 [info] > git config --get commit.template [6ms]
2025-05-17 21:45:12.777 [info] > git for-each-ref --format=%(refname)%00%(upstream:short)%00%(objectname)%00%(upstream:track)%00%(upstream:remotename)%00%(upstream:remoteref) refs/heads/main refs/remotes/main [2ms]
2025-05-17 21:45:12.791 [info] > git for-each-ref --sort -committerdate --format %(refname)%00%(objectname)%00%(*objectname) [2ms]
2025-05-17 21:45:12.805 [info] > git status -z -uall [22ms]
2025-05-17 21:45:17.906 [info] > git config --get commit.template [14ms]
2025-05-17 21:45:17.908 [info] > git for-each-ref --format=%(refname)%00%(upstream:short)%00%(objectname)%00%(upstream:track)%00%(upstream:remotename)%00%(upstream:remoteref) refs/heads/main refs/remotes/main [3ms]
2025-05-17 21:45:17.937 [info] > git for-each-ref --sort -committerdate --format %(refname)%00%(objectname)%00%(*objectname) [5ms]
2025-05-17 21:45:17.969 [info] > git status -z -uall [48ms]
2025-05-17 21:45:23.061 [info] > git config --get commit.template [5ms]
2025-05-17 21:45:23.062 [info] > git for-each-ref --format=%(refname)%00%(upstream:short)%00%(objectname)%00%(upstream:track)%00%(upstream:remotename)%00%(upstream:remoteref) refs/heads/main refs/remotes/main [2ms]
2025-05-17 21:45:23.071 [info] > git for-each-ref --sort -committerdate --format %(refname)%00%(objectname)%00%(*objectname) [1ms]
2025-05-17 21:45:23.084 [info] > git status -z -uall [18ms]
2025-05-17 21:45:28.172 [info] > git config --get commit.template [5ms]
2025-05-17 21:45:28.173 [info] > git for-each-ref --format=%(refname)%00%(upstream:short)%00%(objectname)%00%(upstream:track)%00%(upstream:remotename)%00%(upstream:remoteref) refs/heads/main refs/remotes/main [1ms]
2025-05-17 21:45:28.185 [info] > git for-each-ref --sort -committerdate --format %(refname)%00%(objectname)%00%(*objectname) [2ms]
2025-05-17 21:45:28.198 [info] > git status -z -uall [19ms]
2025-05-17 21:45:33.294 [info] > git config --get commit.template [13ms]
2025-05-17 21:45:33.297 [info] > git for-each-ref --format=%(refname)%00%(upstream:short)%00%(objectname)%00%(upstream:track)%00%(upstream:remotename)%00%(upstream:remoteref) refs/heads/main refs/remotes/main [4ms]
2025-05-17 21:45:33.324 [info] > git for-each-ref --sort -committerdate --format %(refname)%00%(objectname)%00%(*objectname) [4ms]
2025-05-17 21:45:33.338 [info] > git status -z -uall [29ms]
2025-05-17 21:45:38.418 [info] > git config --get commit.template [5ms]
2025-05-17 21:45:38.419 [info] > git for-each-ref --format=%(refname)%00%(upstream:short)%00%(objectname)%00%(upstream:track)%00%(upstream:remotename)%00%(upstream:remoteref) refs/heads/main refs/remotes/main [2ms]
2025-05-17 21:45:38.435 [info] > git for-each-ref --sort -committerdate --format %(refname)%00%(objectname)%00%(*objectname) [3ms]
2025-05-17 21:45:38.449 [info] > git status -z -uall [23ms]
2025-05-17 21:45:43.545 [info] > git config --get commit.template [12ms]
2025-05-17 21:45:43.548 [info] > git for-each-ref --format=%(refname)%00%(upstream:short)%00%(objectname)%00%(upstream:track)%00%(upstream:remotename)%00%(upstream:remoteref) refs/heads/main refs/remotes/main [5ms]
2025-05-17 21:45:43.566 [info] > git for-each-ref --sort -committerdate --format %(refname)%00%(objectname)%00%(*objectname) [2ms]
2025-05-17 21:45:43.579 [info] > git status -z -uall [19ms]
2025-05-17 21:45:48.666 [info] > git config --get commit.template [6ms]
2025-05-17 21:45:48.667 [info] > git for-each-ref --format=%(refname)%00%(upstream:short)%00%(objectname)%00%(upstream:track)%00%(upstream:remotename)%00%(upstream:remoteref) refs/heads/main refs/remotes/main [1ms]
2025-05-17 21:45:48.684 [info] > git for-each-ref --sort -committerdate --format %(refname)%00%(objectname)%00%(*objectname) [2ms]
2025-05-17 21:45:48.699 [info] > git status -z -uall [24ms]
2025-05-17 21:45:53.776 [info] > git config --get commit.template [4ms]
2025-05-17 21:45:53.777 [info] > git for-each-ref --format=%(refname)%00%(upstream:short)%00%(objectname)%00%(upstream:track)%00%(upstream:remotename)%00%(upstream:remoteref) refs/heads/main refs/remotes/main [1ms]
2025-05-17 21:45:53.786 [info] > git for-each-ref --sort -committerdate --format %(refname)%00%(objectname)%00%(*objectname) [1ms]
2025-05-17 21:45:53.800 [info] > git status -z -uall [19ms]
2025-05-17 21:45:58.885 [info] > git config --get commit.template [6ms]
2025-05-17 21:45:58.886 [info] > git for-each-ref --format=%(refname)%00%(upstream:short)%00%(objectname)%00%(upstream:track)%00%(upstream:remotename)%00%(upstream:remoteref) refs/heads/main refs/remotes/main [1ms]
2025-05-17 21:45:58.897 [info] > git for-each-ref --sort -committerdate --format %(refname)%00%(objectname)%00%(*objectname) [1ms]
2025-05-17 21:45:58.911 [info] > git status -z -uall [20ms]
2025-05-17 21:46:04.012 [info] > git config --get commit.template [13ms]
2025-05-17 21:46:04.014 [info] > git for-each-ref --format=%(refname)%00%(upstream:short)%00%(objectname)%00%(upstream:track)%00%(upstream:remotename)%00%(upstream:remoteref) refs/heads/main refs/remotes/main [3ms]
2025-05-17 21:46:04.041 [info] > git for-each-ref --sort -committerdate --format %(refname)%00%(objectname)%00%(*objectname) [5ms]
2025-05-17 21:46:04.056 [info] > git status -z -uall [30ms]
2025-05-17 21:46:09.130 [info] > git config --get commit.template [4ms]
2025-05-17 21:46:09.130 [info] > git for-each-ref --format=%(refname)%00%(upstream:short)%00%(objectname)%00%(upstream:track)%00%(upstream:remotename)%00%(upstream:remoteref) refs/heads/main refs/remotes/main [1ms]
2025-05-17 21:46:09.139 [info] > git for-each-ref --sort -committerdate --format %(refname)%00%(objectname)%00%(*objectname) [1ms]
2025-05-17 21:46:09.151 [info] > git status -z -uall [17ms]
2025-05-17 21:46:14.231 [info] > git config --get commit.template [5ms]
2025-05-17 21:46:14.232 [info] > git for-each-ref --format=%(refname)%00%(upstream:short)%00%(objectname)%00%(upstream:track)%00%(upstream:remotename)%00%(upstream:remoteref) refs/heads/main refs/remotes/main [2ms]
2025-05-17 21:46:14.242 [info] > git for-each-ref --sort -committerdate --format %(refname)%00%(objectname)%00%(*objectname) [1ms]
2025-05-17 21:46:14.256 [info] > git status -z -uall [20ms]
2025-05-17 21:46:19.341 [info] > git config --get commit.template [5ms]
2025-05-17 21:46:19.341 [info] > git for-each-ref --format=%(refname)%00%(upstream:short)%00%(objectname)%00%(upstream:track)%00%(upstream:remotename)%00%(upstream:remoteref) refs/heads/main refs/remotes/main [1ms]
2025-05-17 21:46:19.350 [info] > git for-each-ref --sort -committerdate --format %(refname)%00%(objectname)%00%(*objectname) [1ms]
2025-05-17 21:46:19.367 [info] > git status -z -uall [21ms]
2025-05-17 21:46:24.456 [info] > git config --get commit.template [9ms]
2025-05-17 21:46:24.457 [info] > git for-each-ref --format=%(refname)%00%(upstream:short)%00%(objectname)%00%(upstream:track)%00%(upstream:remotename)%00%(upstream:remoteref) refs/heads/main refs/remotes/main [2ms]
2025-05-17 21:46:24.467 [info] > git for-each-ref --sort -committerdate --format %(refname)%00%(objectname)%00%(*objectname) [1ms]
2025-05-17 21:46:24.481 [info] > git status -z -uall [18ms]
2025-05-17 21:46:29.004 [info] > git check-ignore -v -z --stdin [2ms]
2025-05-17 21:46:29.571 [info] > git config --get commit.template [5ms]
2025-05-17 21:46:29.572 [info] > git for-each-ref --format=%(refname)%00%(upstream:short)%00%(objectname)%00%(upstream:track)%00%(upstream:remotename)%00%(upstream:remoteref) refs/heads/main refs/remotes/main [1ms]
2025-05-17 21:46:29.582 [info] > git for-each-ref --sort -committerdate --format %(refname)%00%(objectname)%00%(*objectname) [1ms]
2025-05-17 21:46:29.599 [info] > git status -z -uall [22ms]
2025-05-17 21:46:34.689 [info] > git config --get commit.template [5ms]
2025-05-17 21:46:34.690 [info] > git for-each-ref --format=%(refname)%00%(upstream:short)%00%(objectname)%00%(upstream:track)%00%(upstream:remotename)%00%(upstream:remoteref) refs/heads/main refs/remotes/main [2ms]
2025-05-17 21:46:34.700 [info] > git for-each-ref --sort -committerdate --format %(refname)%00%(objectname)%00%(*objectname) [2ms]
2025-05-17 21:46:34.713 [info] > git status -z -uall [19ms]
2025-05-17 21:46:39.790 [info] > git config --get commit.template [4ms]
2025-05-17 21:46:39.791 [info] > git for-each-ref --format=%(refname)%00%(upstream:short)%00%(objectname)%00%(upstream:track)%00%(upstream:remotename)%00%(upstream:remoteref) refs/heads/main refs/remotes/main [1ms]
2025-05-17 21:46:39.801 [info] > git for-each-ref --sort -committerdate --format %(refname)%00%(objectname)%00%(*objectname) [1ms]
2025-05-17 21:46:39.813 [info] > git status -z -uall [16ms]
2025-05-17 21:46:44.889 [info] > git config --get commit.template [5ms]
2025-05-17 21:46:44.890 [info] > git for-each-ref --format=%(refname)%00%(upstream:short)%00%(objectname)%00%(upstream:track)%00%(upstream:remotename)%00%(upstream:remoteref) refs/heads/main refs/remotes/main [2ms]
2025-05-17 21:46:44.900 [info] > git for-each-ref --sort -committerdate --format %(refname)%00%(objectname)%00%(*objectname) [1ms]
2025-05-17 21:46:44.914 [info] > git status -z -uall [20ms]
2025-05-17 21:46:49.996 [info] > git config --get commit.template [5ms]
2025-05-17 21:46:49.997 [info] > git for-each-ref --format=%(refname)%00%(upstream:short)%00%(objectname)%00%(upstream:track)%00%(upstream:remotename)%00%(upstream:remoteref) refs/heads/main refs/remotes/main [2ms]
2025-05-17 21:46:50.006 [info] > git for-each-ref --sort -committerdate --format %(refname)%00%(objectname)%00%(*objectname) [2ms]
2025-05-17 21:46:50.018 [info] > git status -z -uall [17ms]
2025-05-17 21:46:55.095 [info] > git config --get commit.template [4ms]
2025-05-17 21:46:55.095 [info] > git for-each-ref --format=%(refname)%00%(upstream:short)%00%(objectname)%00%(upstream:track)%00%(upstream:remotename)%00%(upstream:remoteref) refs/heads/main refs/remotes/main [1ms]
2025-05-17 21:46:55.105 [info] > git for-each-ref --sort -committerdate --format %(refname)%00%(objectname)%00%(*objectname) [1ms]
2025-05-17 21:46:55.116 [info] > git status -z -uall [17ms]
2025-05-17 21:46:57.544 [info] > git check-ignore -v -z --stdin [2ms]
2025-05-17 21:47:00.193 [info] > git config --get commit.template [5ms]
2025-05-17 21:47:00.194 [info] > git for-each-ref --format=%(refname)%00%(upstream:short)%00%(objectname)%00%(upstream:track)%00%(upstream:remotename)%00%(upstream:remoteref) refs/heads/main refs/remotes/main [1ms]
2025-05-17 21:47:00.205 [info] > git for-each-ref --sort -committerdate --format %(refname)%00%(objectname)%00%(*objectname) [2ms]
2025-05-17 21:47:00.219 [info] > git status -z -uall [20ms]
2025-05-17 21:47:05.304 [info] > git config --get commit.template [5ms]
2025-05-17 21:47:05.305 [info] > git for-each-ref --format=%(refname)%00%(upstream:short)%00%(objectname)%00%(upstream:track)%00%(upstream:remotename)%00%(upstream:remoteref) refs/heads/main refs/remotes/main [2ms]
2025-05-17 21:47:05.318 [info] > git for-each-ref --sort -committerdate --format %(refname)%00%(objectname)%00%(*objectname) [2ms]
2025-05-17 21:47:05.333 [info] > git status -z -uall [23ms]
2025-05-17 21:47:10.418 [info] > git config --get commit.template [4ms]
2025-05-17 21:47:10.418 [info] > git for-each-ref --format=%(refname)%00%(upstream:short)%00%(objectname)%00%(upstream:track)%00%(upstream:remotename)%00%(upstream:remoteref) refs/heads/main refs/remotes/main [1ms]
2025-05-17 21:47:10.428 [info] > git for-each-ref --sort -committerdate --format %(refname)%00%(objectname)%00%(*objectname) [1ms]
2025-05-17 21:47:10.443 [info] > git status -z -uall [20ms]
2025-05-17 21:47:15.523 [info] > git config --get commit.template [5ms]
2025-05-17 21:47:15.523 [info] > git for-each-ref --format=%(refname)%00%(upstream:short)%00%(objectname)%00%(upstream:track)%00%(upstream:remotename)%00%(upstream:remoteref) refs/heads/main refs/remotes/main [1ms]
2025-05-17 21:47:15.534 [info] > git for-each-ref --sort -committerdate --format %(refname)%00%(objectname)%00%(*objectname) [1ms]
2025-05-17 21:47:15.549 [info] > git status -z -uall [21ms]
2025-05-17 21:47:20.638 [info] > git config --get commit.template [5ms]
2025-05-17 21:47:20.638 [info] > git for-each-ref --format=%(refname)%00%(upstream:short)%00%(objectname)%00%(upstream:track)%00%(upstream:remotename)%00%(upstream:remoteref) refs/heads/main refs/remotes/main [1ms]
2025-05-17 21:47:20.647 [info] > git for-each-ref --sort -committerdate --format %(refname)%00%(objectname)%00%(*objectname) [1ms]
2025-05-17 21:47:20.660 [info] > git status -z -uall [17ms]
2025-05-17 21:47:25.737 [info] > git config --get commit.template [5ms]
2025-05-17 21:47:25.738 [info] > git for-each-ref --format=%(refname)%00%(upstream:short)%00%(objectname)%00%(upstream:track)%00%(upstream:remotename)%00%(upstream:remoteref) refs/heads/main refs/remotes/main [2ms]
2025-05-17 21:47:25.748 [info] > git for-each-ref --sort -committerdate --format %(refname)%00%(objectname)%00%(*objectname) [1ms]
2025-05-17 21:47:25.761 [info] > git status -z -uall [19ms]
2025-05-17 21:47:30.841 [info] > git config --get commit.template [5ms]
2025-05-17 21:47:30.842 [info] > git for-each-ref --format=%(refname)%00%(upstream:short)%00%(objectname)%00%(upstream:track)%00%(upstream:remotename)%00%(upstream:remoteref) refs/heads/main refs/remotes/main [2ms]
2025-05-17 21:47:30.853 [info] > git for-each-ref --sort -committerdate --format %(refname)%00%(objectname)%00%(*objectname) [1ms]
2025-05-17 21:47:30.869 [info] > git status -z -uall [22ms]
2025-05-17 21:47:35.954 [info] > git config --get commit.template [4ms]
2025-05-17 21:47:35.955 [info] > git for-each-ref --format=%(refname)%00%(upstream:short)%00%(objectname)%00%(upstream:track)%00%(upstream:remotename)%00%(upstream:remoteref) refs/heads/main refs/remotes/main [1ms]
2025-05-17 21:47:35.965 [info] > git for-each-ref --sort -committerdate --format %(refname)%00%(objectname)%00%(*objectname) [2ms]
2025-05-17 21:47:35.977 [info] > git status -z -uall [18ms]
2025-05-17 21:47:41.065 [info] > git config --get commit.template [4ms]
2025-05-17 21:47:41.066 [info] > git for-each-ref --format=%(refname)%00%(upstream:short)%00%(objectname)%00%(upstream:track)%00%(upstream:remotename)%00%(upstream:remoteref) refs/heads/main refs/remotes/main [1ms]
2025-05-17 21:47:41.077 [info] > git for-each-ref --sort -committerdate --format %(refname)%00%(objectname)%00%(*objectname) [2ms]
2025-05-17 21:47:41.092 [info] > git status -z -uall [20ms]
2025-05-17 21:47:46.177 [info] > git config --get commit.template [8ms]
2025-05-17 21:47:46.178 [info] > git for-each-ref --format=%(refname)%00%(upstream:short)%00%(objectname)%00%(upstream:track)%00%(upstream:remotename)%00%(upstream:remoteref) refs/heads/main refs/remotes/main [1ms]
2025-05-17 21:47:46.193 [info] > git for-each-ref --sort -committerdate --format %(refname)%00%(objectname)%00%(*objectname) [2ms]
2025-05-17 21:47:46.209 [info] > git status -z -uall [25ms]
2025-05-17 21:47:46.989 [info] > git show --textconv :rule2.txt [7ms]
2025-05-17 21:47:46.990 [info] > git ls-files --stage -- rule2.txt [3ms]
2025-05-17 21:47:46.999 [info] > git cat-file -s b5193abb35981a86a7d50d1a305ed9ea1ebd570d [4ms]
2025-05-17 21:47:47.223 [info] > git blame --root --incremental 78add7191df750e7d74d2b3e1ecbebc0595b35d4 -- rule2.txt [209ms]
2025-05-17 21:47:51.308 [info] > git config --get commit.template [1ms]
2025-05-17 21:47:51.314 [info] > git for-each-ref --format=%(refname)%00%(upstream:short)%00%(objectname)%00%(upstream:track)%00%(upstream:remotename)%00%(upstream:remoteref) refs/heads/main refs/remotes/main [1ms]
2025-05-17 21:47:51.325 [info] > git for-each-ref --sort -committerdate --format %(refname)%00%(objectname)%00%(*objectname) [1ms]
2025-05-17 21:47:51.339 [info] > git status -z -uall [20ms]
2025-05-17 21:47:56.435 [info] > git config --get commit.template [6ms]
2025-05-17 21:47:56.435 [info] > git for-each-ref --format=%(refname)%00%(upstream:short)%00%(objectname)%00%(upstream:track)%00%(upstream:remotename)%00%(upstream:remoteref) refs/heads/main refs/remotes/main [1ms]
2025-05-17 21:47:56.447 [info] > git for-each-ref --sort -committerdate --format %(refname)%00%(objectname)%00%(*objectname) [1ms]
2025-05-17 21:47:56.460 [info] > git status -z -uall [19ms]
2025-05-17 21:47:59.903 [info] > git show --textconv :rule3a.txt [5ms]
2025-05-17 21:47:59.905 [info] > git ls-files --stage -- rule3a.txt [2ms]
2025-05-17 21:47:59.910 [info] > git cat-file -s b9ef3bea2dcdffdd7a46bb452836cede24ad0448 [1ms]
2025-05-17 21:48:01.545 [info] > git config --get commit.template [6ms]
2025-05-17 21:48:01.546 [info] > git for-each-ref --format=%(refname)%00%(upstream:short)%00%(objectname)%00%(upstream:track)%00%(upstream:remotename)%00%(upstream:remoteref) refs/heads/main refs/remotes/main [2ms]
2025-05-17 21:48:01.558 [info] > git for-each-ref --sort -committerdate --format %(refname)%00%(objectname)%00%(*objectname) [1ms]
2025-05-17 21:48:01.574 [info] > git status -z -uall [22ms]
2025-05-17 21:48:06.663 [info] > git config --get commit.template [5ms]
2025-05-17 21:48:06.664 [info] > git for-each-ref --format=%(refname)%00%(upstream:short)%00%(objectname)%00%(upstream:track)%00%(upstream:remotename)%00%(upstream:remoteref) refs/heads/main refs/remotes/main [1ms]
2025-05-17 21:48:06.679 [info] > git for-each-ref --sort -committerdate --format %(refname)%00%(objectname)%00%(*objectname) [2ms]
2025-05-17 21:48:06.695 [info] > git status -z -uall [25ms]
2025-05-17 21:48:09.162 [info] > git show --textconv :rule3b.txt [8ms]
2025-05-17 21:48:09.165 [info] > git ls-files --stage -- rule3b.txt [3ms]
2025-05-17 21:48:09.172 [info] > git cat-file -s fa1c5cc7266b91f5f99e25b63a02d9669c3182c8 [1ms]
2025-05-17 21:48:09.245 [info] > git blame --root --incremental 78add7191df750e7d74d2b3e1ecbebc0595b35d4 -- rule3b.txt [12ms]
2025-05-17 21:48:11.796 [info] > git config --get commit.template [7ms]
2025-05-17 21:48:11.797 [info] > git for-each-ref --format=%(refname)%00%(upstream:short)%00%(objectname)%00%(upstream:track)%00%(upstream:remotename)%00%(upstream:remoteref) refs/heads/main refs/remotes/main [2ms]
2025-05-17 21:48:11.809 [info] > git for-each-ref --sort -committerdate --format %(refname)%00%(objectname)%00%(*objectname) [1ms]
2025-05-17 21:48:11.829 [info] > git status -z -uall [27ms]
2025-05-17 21:48:16.912 [info] > git config --get commit.template [5ms]
2025-05-17 21:48:16.913 [info] > git for-each-ref --format=%(refname)%00%(upstream:short)%00%(objectname)%00%(upstream:track)%00%(upstream:remotename)%00%(upstream:remoteref) refs/heads/main refs/remotes/main [1ms]
2025-05-17 21:48:16.925 [info] > git for-each-ref --sort -committerdate --format %(refname)%00%(objectname)%00%(*objectname) [2ms]
2025-05-17 21:48:16.940 [info] > git status -z -uall [22ms]
2025-05-17 21:48:20.230 [info] > git ls-files --stage -- rule4a.txt [2ms]
2025-05-17 21:48:20.237 [info] > git show --textconv :rule4a.txt [14ms]
2025-05-17 21:48:20.237 [info] > git cat-file -s c566975b9ade9b77f5066693df14c72f28b3dd0d [3ms]
2025-05-17 21:48:22.032 [info] > git config --get commit.template [5ms]
2025-05-17 21:48:22.033 [info] > git for-each-ref --format=%(refname)%00%(upstream:short)%00%(objectname)%00%(upstream:track)%00%(upstream:remotename)%00%(upstream:remoteref) refs/heads/main refs/remotes/main [2ms]
2025-05-17 21:48:22.044 [info] > git for-each-ref --sort -committerdate --format %(refname)%00%(objectname)%00%(*objectname) [1ms]
2025-05-17 21:48:22.058 [info] > git status -z -uall [20ms]
2025-05-17 21:48:27.141 [info] > git config --get commit.template [4ms]
2025-05-17 21:48:27.142 [info] > git for-each-ref --format=%(refname)%00%(upstream:short)%00%(objectname)%00%(upstream:track)%00%(upstream:remotename)%00%(upstream:remoteref) refs/heads/main refs/remotes/main [1ms]
2025-05-17 21:48:27.152 [info] > git for-each-ref --sort -committerdate --format %(refname)%00%(objectname)%00%(*objectname) [1ms]
2025-05-17 21:48:27.164 [info] > git status -z -uall [18ms]
2025-05-17 21:48:32.249 [info] > git config --get commit.template [5ms]
2025-05-17 21:48:32.249 [info] > git for-each-ref --format=%(refname)%00%(upstream:short)%00%(objectname)%00%(upstream:track)%00%(upstream:remotename)%00%(upstream:remoteref) refs/heads/main refs/remotes/main [1ms]
2025-05-17 21:48:32.260 [info] > git for-each-ref --sort -committerdate --format %(refname)%00%(objectname)%00%(*objectname) [2ms]
2025-05-17 21:48:32.273 [info] > git status -z -uall [19ms]
2025-05-17 21:48:37.352 [info] > git config --get commit.template [5ms]
2025-05-17 21:48:37.353 [info] > git for-each-ref --format=%(refname)%00%(upstream:short)%00%(objectname)%00%(upstream:track)%00%(upstream:remotename)%00%(upstream:remoteref) refs/heads/main refs/remotes/main [1ms]
2025-05-17 21:48:37.363 [info] > git for-each-ref --sort -committerdate --format %(refname)%00%(objectname)%00%(*objectname) [1ms]
2025-05-17 21:48:37.377 [info] > git status -z -uall [19ms]
2025-05-17 21:48:42.469 [info] > git config --get commit.template [5ms]
2025-05-17 21:48:42.469 [info] > git for-each-ref --format=%(refname)%00%(upstream:short)%00%(objectname)%00%(upstream:track)%00%(upstream:remotename)%00%(upstream:remoteref) refs/heads/main refs/remotes/main [1ms]
2025-05-17 21:48:42.480 [info] > git for-each-ref --sort -committerdate --format %(refname)%00%(objectname)%00%(*objectname) [2ms]
2025-05-17 21:48:42.491 [info] > git status -z -uall [17ms]
2025-05-17 21:48:47.569 [info] > git config --get commit.template [5ms]
2025-05-17 21:48:47.569 [info] > git for-each-ref --format=%(refname)%00%(upstream:short)%00%(objectname)%00%(upstream:track)%00%(upstream:remotename)%00%(upstream:remoteref) refs/heads/main refs/remotes/main [1ms]
2025-05-17 21:48:47.580 [info] > git for-each-ref --sort -committerdate --format %(refname)%00%(objectname)%00%(*objectname) [1ms]
2025-05-17 21:48:47.594 [info] > git status -z -uall [20ms]
2025-05-17 21:48:52.680 [info] > git config --get commit.template [6ms]
2025-05-17 21:48:52.681 [info] > git for-each-ref --format=%(refname)%00%(upstream:short)%00%(objectname)%00%(upstream:track)%00%(upstream:remotename)%00%(upstream:remoteref) refs/heads/main refs/remotes/main [2ms]
2025-05-17 21:48:52.691 [info] > git for-each-ref --sort -committerdate --format %(refname)%00%(objectname)%00%(*objectname) [1ms]
2025-05-17 21:48:52.704 [info] > git status -z -uall [19ms]
2025-05-17 21:48:57.781 [info] > git config --get commit.template [5ms]
2025-05-17 21:48:57.782 [info] > git for-each-ref --format=%(refname)%00%(upstream:short)%00%(objectname)%00%(upstream:track)%00%(upstream:remotename)%00%(upstream:remoteref) refs/heads/main refs/remotes/main [2ms]
2025-05-17 21:48:57.793 [info] > git for-each-ref --sort -committerdate --format %(refname)%00%(objectname)%00%(*objectname) [2ms]
2025-05-17 21:48:57.808 [info] > git status -z -uall [21ms]
2025-05-17 21:49:02.888 [info] > git config --get commit.template [5ms]
2025-05-17 21:49:02.889 [info] > git for-each-ref --format=%(refname)%00%(upstream:short)%00%(objectname)%00%(upstream:track)%00%(upstream:remotename)%00%(upstream:remoteref) refs/heads/main refs/remotes/main [2ms]
2025-05-17 21:49:02.899 [info] > git for-each-ref --sort -committerdate --format %(refname)%00%(objectname)%00%(*objectname) [1ms]
2025-05-17 21:49:02.912 [info] > git status -z -uall [19ms]
2025-05-17 21:49:07.996 [info] > git config --get commit.template [5ms]
2025-05-17 21:49:07.997 [info] > git for-each-ref --format=%(refname)%00%(upstream:short)%00%(objectname)%00%(upstream:track)%00%(upstream:remotename)%00%(upstream:remoteref) refs/heads/main refs/remotes/main [1ms]
2025-05-17 21:49:08.006 [info] > git for-each-ref --sort -committerdate --format %(refname)%00%(objectname)%00%(*objectname) [1ms]
2025-05-17 21:49:08.019 [info] > git status -z -uall [18ms]
2025-05-17 21:49:13.099 [info] > git config --get commit.template [4ms]
2025-05-17 21:49:13.099 [info] > git for-each-ref --format=%(refname)%00%(upstream:short)%00%(objectname)%00%(upstream:track)%00%(upstream:remotename)%00%(upstream:remoteref) refs/heads/main refs/remotes/main [1ms]
2025-05-17 21:49:13.109 [info] > git for-each-ref --sort -committerdate --format %(refname)%00%(objectname)%00%(*objectname) [1ms]
2025-05-17 21:49:13.123 [info] > git status -z -uall [19ms]
2025-05-17 21:49:18.210 [info] > git config --get commit.template [5ms]
2025-05-17 21:49:18.211 [info] > git for-each-ref --format=%(refname)%00%(upstream:short)%00%(objectname)%00%(upstream:track)%00%(upstream:remotename)%00%(upstream:remoteref) refs/heads/main refs/remotes/main [1ms]
2025-05-17 21:49:18.224 [info] > git for-each-ref --sort -committerdate --format %(refname)%00%(objectname)%00%(*objectname) [2ms]
2025-05-17 21:49:18.239 [info] > git status -z -uall [23ms]
2025-05-17 21:49:23.342 [info] > git config --get commit.template [6ms]
2025-05-17 21:49:23.343 [info] > git for-each-ref --format=%(refname)%00%(upstream:short)%00%(objectname)%00%(upstream:track)%00%(upstream:remotename)%00%(upstream:remoteref) refs/heads/main refs/remotes/main [2ms]
2025-05-17 21:49:23.353 [info] > git for-each-ref --sort -committerdate --format %(refname)%00%(objectname)%00%(*objectname) [1ms]
2025-05-17 21:49:23.368 [info] > git status -z -uall [21ms]
2025-05-17 21:49:28.455 [info] > git config --get commit.template [5ms]
2025-05-17 21:49:28.455 [info] > git for-each-ref --format=%(refname)%00%(upstream:short)%00%(objectname)%00%(upstream:track)%00%(upstream:remotename)%00%(upstream:remoteref) refs/heads/main refs/remotes/main [1ms]
2025-05-17 21:49:28.465 [info] > git for-each-ref --sort -committerdate --format %(refname)%00%(objectname)%00%(*objectname) [1ms]
2025-05-17 21:49:28.477 [info] > git status -z -uall [17ms]
2025-05-17 21:49:33.561 [info] > git config --get commit.template [4ms]
2025-05-17 21:49:33.561 [info] > git for-each-ref --format=%(refname)%00%(upstream:short)%00%(objectname)%00%(upstream:track)%00%(upstream:remotename)%00%(upstream:remoteref) refs/heads/main refs/remotes/main [1ms]
2025-05-17 21:49:33.571 [info] > git for-each-ref --sort -committerdate --format %(refname)%00%(objectname)%00%(*objectname) [2ms]
2025-05-17 21:49:33.584 [info] > git status -z -uall [18ms]
2025-05-17 21:49:38.666 [info] > git config --get commit.template [6ms]
2025-05-17 21:49:38.666 [info] > git for-each-ref --format=%(refname)%00%(upstream:short)%00%(objectname)%00%(upstream:track)%00%(upstream:remotename)%00%(upstream:remoteref) refs/heads/main refs/remotes/main [1ms]
2025-05-17 21:49:38.676 [info] > git for-each-ref --sort -committerdate --format %(refname)%00%(objectname)%00%(*objectname) [2ms]
2025-05-17 21:49:38.687 [info] > git status -z -uall [16ms]
2025-05-17 21:49:43.762 [info] > git config --get commit.template [5ms]
2025-05-17 21:49:43.763 [info] > git for-each-ref --format=%(refname)%00%(upstream:short)%00%(objectname)%00%(upstream:track)%00%(upstream:remotename)%00%(upstream:remoteref) refs/heads/main refs/remotes/main [1ms]
2025-05-17 21:49:43.773 [info] > git for-each-ref --sort -committerdate --format %(refname)%00%(objectname)%00%(*objectname) [1ms]
2025-05-17 21:49:43.786 [info] > git status -z -uall [19ms]
2025-05-17 21:49:48.869 [info] > git config --get commit.template [4ms]
2025-05-17 21:49:48.869 [info] > git for-each-ref --format=%(refname)%00%(upstream:short)%00%(objectname)%00%(upstream:track)%00%(upstream:remotename)%00%(upstream:remoteref) refs/heads/main refs/remotes/main [1ms]
2025-05-17 21:49:48.879 [info] > git for-each-ref --sort -committerdate --format %(refname)%00%(objectname)%00%(*objectname) [1ms]
2025-05-17 21:49:48.893 [info] > git status -z -uall [19ms]
2025-05-17 21:49:53.981 [info] > git config --get commit.template [5ms]
2025-05-17 21:49:53.981 [info] > git for-each-ref --format=%(refname)%00%(upstream:short)%00%(objectname)%00%(upstream:track)%00%(upstream:remotename)%00%(upstream:remoteref) refs/heads/main refs/remotes/main [1ms]
2025-05-17 21:49:53.991 [info] > git for-each-ref --sort -committerdate --format %(refname)%00%(objectname)%00%(*objectname) [1ms]
2025-05-17 21:49:54.004 [info] > git status -z -uall [18ms]
2025-05-17 21:49:59.087 [info] > git config --get commit.template [5ms]
2025-05-17 21:49:59.087 [info] > git for-each-ref --format=%(refname)%00%(upstream:short)%00%(objectname)%00%(upstream:track)%00%(upstream:remotename)%00%(upstream:remoteref) refs/heads/main refs/remotes/main [1ms]
2025-05-17 21:49:59.097 [info] > git for-each-ref --sort -committerdate --format %(refname)%00%(objectname)%00%(*objectname) [1ms]
2025-05-17 21:49:59.110 [info] > git status -z -uall [18ms]
2025-05-17 21:50:04.190 [info] > git config --get commit.template [4ms]
2025-05-17 21:50:04.191 [info] > git for-each-ref --format=%(refname)%00%(upstream:short)%00%(objectname)%00%(upstream:track)%00%(upstream:remotename)%00%(upstream:remoteref) refs/heads/main refs/remotes/main [1ms]
2025-05-17 21:50:04.200 [info] > git for-each-ref --sort -committerdate --format %(refname)%00%(objectname)%00%(*objectname) [1ms]
2025-05-17 21:50:04.214 [info] > git status -z -uall [19ms]
2025-05-17 21:50:09.300 [info] > git config --get commit.template [5ms]
2025-05-17 21:50:09.301 [info] > git for-each-ref --format=%(refname)%00%(upstream:short)%00%(objectname)%00%(upstream:track)%00%(upstream:remotename)%00%(upstream:remoteref) refs/heads/main refs/remotes/main [1ms]
2025-05-17 21:50:09.312 [info] > git for-each-ref --sort -committerdate --format %(refname)%00%(objectname)%00%(*objectname) [2ms]
2025-05-17 21:50:09.327 [info] > git status -z -uall [21ms]
2025-05-17 21:50:14.411 [info] > git config --get commit.template [4ms]
2025-05-17 21:50:14.412 [info] > git for-each-ref --format=%(refname)%00%(upstream:short)%00%(objectname)%00%(upstream:track)%00%(upstream:remotename)%00%(upstream:remoteref) refs/heads/main refs/remotes/main [1ms]
2025-05-17 21:50:14.421 [info] > git for-each-ref --sort -committerdate --format %(refname)%00%(objectname)%00%(*objectname) [1ms]
2025-05-17 21:50:14.432 [info] > git status -z -uall [16ms]
2025-05-17 21:50:19.504 [info] > git config --get commit.template [4ms]
2025-05-17 21:50:19.504 [info] > git for-each-ref --format=%(refname)%00%(upstream:short)%00%(objectname)%00%(upstream:track)%00%(upstream:remotename)%00%(upstream:remoteref) refs/heads/main refs/remotes/main [1ms]
2025-05-17 21:50:19.513 [info] > git for-each-ref --sort -committerdate --format %(refname)%00%(objectname)%00%(*objectname) [1ms]
2025-05-17 21:50:19.529 [info] > git status -z -uall [21ms]
2025-05-17 21:50:24.609 [info] > git config --get commit.template [5ms]
2025-05-17 21:50:24.609 [info] > git for-each-ref --format=%(refname)%00%(upstream:short)%00%(objectname)%00%(upstream:track)%00%(upstream:remotename)%00%(upstream:remoteref) refs/heads/main refs/remotes/main [1ms]
2025-05-17 21:50:24.619 [info] > git for-each-ref --sort -committerdate --format %(refname)%00%(objectname)%00%(*objectname) [1ms]
2025-05-17 21:50:24.631 [info] > git status -z -uall [18ms]
2025-05-17 21:50:29.724 [info] > git config --get commit.template [5ms]
2025-05-17 21:50:29.725 [info] > git for-each-ref --format=%(refname)%00%(upstream:short)%00%(objectname)%00%(upstream:track)%00%(upstream:remotename)%00%(upstream:remoteref) refs/heads/main refs/remotes/main [1ms]
2025-05-17 21:50:29.736 [info] > git for-each-ref --sort -committerdate --format %(refname)%00%(objectname)%00%(*objectname) [1ms]
2025-05-17 21:50:29.754 [info] > git status -z -uall [24ms]
2025-05-17 21:50:34.846 [info] > git config --get commit.template [4ms]
2025-05-17 21:50:34.846 [info] > git for-each-ref --format=%(refname)%00%(upstream:short)%00%(objectname)%00%(upstream:track)%00%(upstream:remotename)%00%(upstream:remoteref) refs/heads/main refs/remotes/main [1ms]
2025-05-17 21:50:34.856 [info] > git for-each-ref --sort -committerdate --format %(refname)%00%(objectname)%00%(*objectname) [2ms]
2025-05-17 21:50:34.869 [info] > git status -z -uall [18ms]
2025-05-17 21:50:39.944 [info] > git config --get commit.template [5ms]
2025-05-17 21:50:39.944 [info] > git for-each-ref --format=%(refname)%00%(upstream:short)%00%(objectname)%00%(upstream:track)%00%(upstream:remotename)%00%(upstream:remoteref) refs/heads/main refs/remotes/main [1ms]
2025-05-17 21:50:39.954 [info] > git for-each-ref --sort -committerdate --format %(refname)%00%(objectname)%00%(*objectname) [1ms]
2025-05-17 21:50:39.966 [info] > git status -z -uall [17ms]
2025-05-17 21:50:45.045 [info] > git config --get commit.template [6ms]
2025-05-17 21:50:45.045 [info] > git for-each-ref --format=%(refname)%00%(upstream:short)%00%(objectname)%00%(upstream:track)%00%(upstream:remotename)%00%(upstream:remoteref) refs/heads/main refs/remotes/main [1ms]
2025-05-17 21:50:45.058 [info] > git for-each-ref --sort -committerdate --format %(refname)%00%(objectname)%00%(*objectname) [1ms]
2025-05-17 21:50:45.069 [info] > git status -z -uall [18ms]
2025-05-17 21:50:50.156 [info] > git config --get commit.template [5ms]
2025-05-17 21:50:50.157 [info] > git for-each-ref --format=%(refname)%00%(upstream:short)%00%(objectname)%00%(upstream:track)%00%(upstream:remotename)%00%(upstream:remoteref) refs/heads/main refs/remotes/main [2ms]
2025-05-17 21:50:50.168 [info] > git for-each-ref --sort -committerdate --format %(refname)%00%(objectname)%00%(*objectname) [1ms]
2025-05-17 21:50:50.183 [info] > git status -z -uall [21ms]
2025-05-17 21:50:55.276 [info] > git config --get commit.template [5ms]
2025-05-17 21:50:55.277 [info] > git for-each-ref --format=%(refname)%00%(upstream:short)%00%(objectname)%00%(upstream:track)%00%(upstream:remotename)%00%(upstream:remoteref) refs/heads/main refs/remotes/main [1ms]
2025-05-17 21:50:55.287 [info] > git for-each-ref --sort -committerdate --format %(refname)%00%(objectname)%00%(*objectname) [1ms]
2025-05-17 21:50:55.301 [info] > git status -z -uall [18ms]
2025-05-17 21:51:00.386 [info] > git config --get commit.template [6ms]
2025-05-17 21:51:00.386 [info] > git for-each-ref --format=%(refname)%00%(upstream:short)%00%(objectname)%00%(upstream:track)%00%(upstream:remotename)%00%(upstream:remoteref) refs/heads/main refs/remotes/main [1ms]
2025-05-17 21:51:00.397 [info] > git for-each-ref --sort -committerdate --format %(refname)%00%(objectname)%00%(*objectname) [2ms]
2025-05-17 21:51:00.410 [info] > git status -z -uall [19ms]
2025-05-17 21:51:05.489 [info] > git config --get commit.template [5ms]
2025-05-17 21:51:05.490 [info] > git for-each-ref --format=%(refname)%00%(upstream:short)%00%(objectname)%00%(upstream:track)%00%(upstream:remotename)%00%(upstream:remoteref) refs/heads/main refs/remotes/main [2ms]
2025-05-17 21:51:05.500 [info] > git for-each-ref --sort -committerdate --format %(refname)%00%(objectname)%00%(*objectname) [2ms]
2025-05-17 21:51:05.514 [info] > git status -z -uall [19ms]
2025-05-17 21:51:10.599 [info] > git config --get commit.template [5ms]
2025-05-17 21:51:10.600 [info] > git for-each-ref --format=%(refname)%00%(upstream:short)%00%(objectname)%00%(upstream:track)%00%(upstream:remotename)%00%(upstream:remoteref) refs/heads/main refs/remotes/main [1ms]
2025-05-17 21:51:10.611 [info] > git for-each-ref --sort -committerdate --format %(refname)%00%(objectname)%00%(*objectname) [2ms]
2025-05-17 21:51:10.622 [info] > git status -z -uall [17ms]
2025-05-17 21:51:15.703 [info] > git config --get commit.template [5ms]
2025-05-17 21:51:15.703 [info] > git for-each-ref --format=%(refname)%00%(upstream:short)%00%(objectname)%00%(upstream:track)%00%(upstream:remotename)%00%(upstream:remoteref) refs/heads/main refs/remotes/main [1ms]
2025-05-17 21:51:15.714 [info] > git for-each-ref --sort -committerdate --format %(refname)%00%(objectname)%00%(*objectname) [1ms]
2025-05-17 21:51:15.726 [info] > git status -z -uall [18ms]
2025-05-17 21:51:20.808 [info] > git config --get commit.template [6ms]
2025-05-17 21:51:20.808 [info] > git for-each-ref --format=%(refname)%00%(upstream:short)%00%(objectname)%00%(upstream:track)%00%(upstream:remotename)%00%(upstream:remoteref) refs/heads/main refs/remotes/main [1ms]
2025-05-17 21:51:20.818 [info] > git for-each-ref --sort -committerdate --format %(refname)%00%(objectname)%00%(*objectname) [1ms]
2025-05-17 21:51:20.830 [info] > git status -z -uall [17ms]
2025-05-17 21:51:25.906 [info] > git config --get commit.template [5ms]
2025-05-17 21:51:25.906 [info] > git for-each-ref --format=%(refname)%00%(upstream:short)%00%(objectname)%00%(upstream:track)%00%(upstream:remotename)%00%(upstream:remoteref) refs/heads/main refs/remotes/main [1ms]
2025-05-17 21:51:25.917 [info] > git for-each-ref --sort -committerdate --format %(refname)%00%(objectname)%00%(*objectname) [2ms]
2025-05-17 21:51:25.928 [info] > git status -z -uall [17ms]
2025-05-17 21:51:31.003 [info] > git config --get commit.template [5ms]
2025-05-17 21:51:31.003 [info] > git for-each-ref --format=%(refname)%00%(upstream:short)%00%(objectname)%00%(upstream:track)%00%(upstream:remotename)%00%(upstream:remoteref) refs/heads/main refs/remotes/main [1ms]
2025-05-17 21:51:31.013 [info] > git for-each-ref --sort -committerdate --format %(refname)%00%(objectname)%00%(*objectname) [1ms]
2025-05-17 21:51:31.025 [info] > git status -z -uall [17ms]
2025-05-17 21:51:36.109 [info] > git config --get commit.template [6ms]
2025-05-17 21:51:36.110 [info] > git for-each-ref --format=%(refname)%00%(upstream:short)%00%(objectname)%00%(upstream:track)%00%(upstream:remotename)%00%(upstream:remoteref) refs/heads/main refs/remotes/main [1ms]
2025-05-17 21:51:36.122 [info] > git for-each-ref --sort -committerdate --format %(refname)%00%(objectname)%00%(*objectname) [2ms]
2025-05-17 21:51:36.136 [info] > git status -z -uall [21ms]
2025-05-17 21:51:41.227 [info] > git config --get commit.template [4ms]
2025-05-17 21:51:41.228 [info] > git for-each-ref --format=%(refname)%00%(upstream:short)%00%(objectname)%00%(upstream:track)%00%(upstream:remotename)%00%(upstream:remoteref) refs/heads/main refs/remotes/main [1ms]
2025-05-17 21:51:41.238 [info] > git for-each-ref --sort -committerdate --format %(refname)%00%(objectname)%00%(*objectname) [1ms]
2025-05-17 21:51:41.251 [info] > git status -z -uall [18ms]
2025-05-17 21:51:46.334 [info] > git config --get commit.template [5ms]
2025-05-17 21:51:46.335 [info] > git for-each-ref --format=%(refname)%00%(upstream:short)%00%(objectname)%00%(upstream:track)%00%(upstream:remotename)%00%(upstream:remoteref) refs/heads/main refs/remotes/main [1ms]
2025-05-17 21:51:46.347 [info] > git for-each-ref --sort -committerdate --format %(refname)%00%(objectname)%00%(*objectname) [1ms]
2025-05-17 21:51:46.358 [info] > git status -z -uall [17ms]
2025-05-17 21:51:51.432 [info] > git config --get commit.template [4ms]
2025-05-17 21:51:51.433 [info] > git for-each-ref --format=%(refname)%00%(upstream:short)%00%(objectname)%00%(upstream:track)%00%(upstream:remotename)%00%(upstream:remoteref) refs/heads/main refs/remotes/main [1ms]
2025-05-17 21:51:51.444 [info] > git for-each-ref --sort -committerdate --format %(refname)%00%(objectname)%00%(*objectname) [1ms]
2025-05-17 21:51:51.456 [info] > git status -z -uall [18ms]
2025-05-17 21:51:56.541 [info] > git config --get commit.template [5ms]
2025-05-17 21:51:56.541 [info] > git for-each-ref --format=%(refname)%00%(upstream:short)%00%(objectname)%00%(upstream:track)%00%(upstream:remotename)%00%(upstream:remoteref) refs/heads/main refs/remotes/main [1ms]
2025-05-17 21:51:56.553 [info] > git for-each-ref --sort -committerdate --format %(refname)%00%(objectname)%00%(*objectname) [1ms]
2025-05-17 21:51:56.564 [info] > git status -z -uall [17ms]
2025-05-17 21:52:01.647 [info] > git config --get commit.template [6ms]
2025-05-17 21:52:01.647 [info] > git for-each-ref --format=%(refname)%00%(upstream:short)%00%(objectname)%00%(upstream:track)%00%(upstream:remotename)%00%(upstream:remoteref) refs/heads/main refs/remotes/main [1ms]
2025-05-17 21:52:01.658 [info] > git for-each-ref --sort -committerdate --format %(refname)%00%(objectname)%00%(*objectname) [2ms]
2025-05-17 21:52:01.669 [info] > git status -z -uall [17ms]
2025-05-17 21:52:06.748 [info] > git config --get commit.template [5ms]
2025-05-17 21:52:06.749 [info] > git for-each-ref --format=%(refname)%00%(upstream:short)%00%(objectname)%00%(upstream:track)%00%(upstream:remotename)%00%(upstream:remoteref) refs/heads/main refs/remotes/main [1ms]
2025-05-17 21:52:06.760 [info] > git for-each-ref --sort -committerdate --format %(refname)%00%(objectname)%00%(*objectname) [1ms]
2025-05-17 21:52:06.774 [info] > git status -z -uall [20ms]
2025-05-17 21:52:11.860 [info] > git config --get commit.template [5ms]
2025-05-17 21:52:11.861 [info] > git for-each-ref --format=%(refname)%00%(upstream:short)%00%(objectname)%00%(upstream:track)%00%(upstream:remotename)%00%(upstream:remoteref) refs/heads/main refs/remotes/main [2ms]
2025-05-17 21:52:11.871 [info] > git for-each-ref --sort -committerdate --format %(refname)%00%(objectname)%00%(*objectname) [1ms]
2025-05-17 21:52:11.882 [info] > git status -z -uall [17ms]
2025-05-17 21:52:16.960 [info] > git config --get commit.template [5ms]
2025-05-17 21:52:16.961 [info] > git for-each-ref --format=%(refname)%00%(upstream:short)%00%(objectname)%00%(upstream:track)%00%(upstream:remotename)%00%(upstream:remoteref) refs/heads/main refs/remotes/main [2ms]
2025-05-17 21:52:16.972 [info] > git for-each-ref --sort -committerdate --format %(refname)%00%(objectname)%00%(*objectname) [2ms]
2025-05-17 21:52:16.986 [info] > git status -z -uall [20ms]
2025-05-17 21:52:22.080 [info] > git config --get commit.template [5ms]
2025-05-17 21:52:22.081 [info] > git for-each-ref --format=%(refname)%00%(upstream:short)%00%(objectname)%00%(upstream:track)%00%(upstream:remotename)%00%(upstream:remoteref) refs/heads/main refs/remotes/main [2ms]
2025-05-17 21:52:22.092 [info] > git for-each-ref --sort -committerdate --format %(refname)%00%(objectname)%00%(*objectname) [2ms]
2025-05-17 21:52:22.111 [info] > git status -z -uall [25ms]
2025-05-17 21:52:27.209 [info] > git config --get commit.template [5ms]
2025-05-17 21:52:27.210 [info] > git for-each-ref --format=%(refname)%00%(upstream:short)%00%(objectname)%00%(upstream:track)%00%(upstream:remotename)%00%(upstream:remoteref) refs/heads/main refs/remotes/main [1ms]
2025-05-17 21:52:27.222 [info] > git for-each-ref --sort -committerdate --format %(refname)%00%(objectname)%00%(*objectname) [2ms]
2025-05-17 21:52:27.236 [info] > git status -z -uall [21ms]
2025-05-17 21:52:32.337 [info] > git config --get commit.template [6ms]
2025-05-17 21:52:32.338 [info] > git for-each-ref --format=%(refname)%00%(upstream:short)%00%(objectname)%00%(upstream:track)%00%(upstream:remotename)%00%(upstream:remoteref) refs/heads/main refs/remotes/main [2ms]
2025-05-17 21:52:32.352 [info] > git for-each-ref --sort -committerdate --format %(refname)%00%(objectname)%00%(*objectname) [1ms]
2025-05-17 21:52:32.365 [info] > git status -z -uall [21ms]
2025-05-17 21:52:37.448 [info] > git config --get commit.template [6ms]
2025-05-17 21:52:37.449 [info] > git for-each-ref --format=%(refname)%00%(upstream:short)%00%(objectname)%00%(upstream:track)%00%(upstream:remotename)%00%(upstream:remoteref) refs/heads/main refs/remotes/main [2ms]
2025-05-17 21:52:37.465 [info] > git for-each-ref --sort -committerdate --format %(refname)%00%(objectname)%00%(*objectname) [2ms]
2025-05-17 21:52:37.477 [info] > git status -z -uall [22ms]
2025-05-17 21:52:42.564 [info] > git config --get commit.template [5ms]
2025-05-17 21:52:42.565 [info] > git for-each-ref --format=%(refname)%00%(upstream:short)%00%(objectname)%00%(upstream:track)%00%(upstream:remotename)%00%(upstream:remoteref) refs/heads/main refs/remotes/main [1ms]
2025-05-17 21:52:42.575 [info] > git for-each-ref --sort -committerdate --format %(refname)%00%(objectname)%00%(*objectname) [1ms]
2025-05-17 21:52:42.587 [info] > git status -z -uall [18ms]
2025-05-17 21:52:47.669 [info] > git config --get commit.template [6ms]
2025-05-17 21:52:47.670 [info] > git for-each-ref --format=%(refname)%00%(upstream:short)%00%(objectname)%00%(upstream:track)%00%(upstream:remotename)%00%(upstream:remoteref) refs/heads/main refs/remotes/main [1ms]
2025-05-17 21:52:47.680 [info] > git for-each-ref --sort -committerdate --format %(refname)%00%(objectname)%00%(*objectname) [1ms]
2025-05-17 21:52:47.694 [info] > git status -z -uall [19ms]
2025-05-17 21:52:52.768 [info] > git config --get commit.template [5ms]
2025-05-17 21:52:52.768 [info] > git for-each-ref --format=%(refname)%00%(upstream:short)%00%(objectname)%00%(upstream:track)%00%(upstream:remotename)%00%(upstream:remoteref) refs/heads/main refs/remotes/main [1ms]
2025-05-17 21:52:52.777 [info] > git for-each-ref --sort -committerdate --format %(refname)%00%(objectname)%00%(*objectname) [1ms]
2025-05-17 21:52:52.791 [info] > git status -z -uall [19ms]
2025-05-17 21:52:57.865 [info] > git config --get commit.template [4ms]
2025-05-17 21:52:57.865 [info] > git for-each-ref --format=%(refname)%00%(upstream:short)%00%(objectname)%00%(upstream:track)%00%(upstream:remotename)%00%(upstream:remoteref) refs/heads/main refs/remotes/main [1ms]
2025-05-17 21:52:57.875 [info] > git for-each-ref --sort -committerdate --format %(refname)%00%(objectname)%00%(*objectname) [1ms]
2025-05-17 21:52:57.887 [info] > git status -z -uall [18ms]
2025-05-17 21:53:02.966 [info] > git config --get commit.template [5ms]
2025-05-17 21:53:02.967 [info] > git for-each-ref --format=%(refname)%00%(upstream:short)%00%(objectname)%00%(upstream:track)%00%(upstream:remotename)%00%(upstream:remoteref) refs/heads/main refs/remotes/main [1ms]
2025-05-17 21:53:02.981 [info] > git for-each-ref --sort -committerdate --format %(refname)%00%(objectname)%00%(*objectname) [1ms]
2025-05-17 21:53:02.990 [info] > git status -z -uall [17ms]
2025-05-17 21:53:08.074 [info] > git config --get commit.template [5ms]
2025-05-17 21:53:08.075 [info] > git for-each-ref --format=%(refname)%00%(upstream:short)%00%(objectname)%00%(upstream:track)%00%(upstream:remotename)%00%(upstream:remoteref) refs/heads/main refs/remotes/main [1ms]
2025-05-17 21:53:08.086 [info] > git for-each-ref --sort -committerdate --format %(refname)%00%(objectname)%00%(*objectname) [1ms]
2025-05-17 21:53:08.099 [info] > git status -z -uall [19ms]
2025-05-17 21:53:13.184 [info] > git config --get commit.template [6ms]
2025-05-17 21:53:13.185 [info] > git for-each-ref --format=%(refname)%00%(upstream:short)%00%(objectname)%00%(upstream:track)%00%(upstream:remotename)%00%(upstream:remoteref) refs/heads/main refs/remotes/main [2ms]
2025-05-17 21:53:13.201 [info] > git for-each-ref --sort -committerdate --format %(refname)%00%(objectname)%00%(*objectname) [2ms]
2025-05-17 21:53:13.210 [info] > git status -z -uall [18ms]
2025-05-17 21:53:18.298 [info] > git config --get commit.template [6ms]
2025-05-17 21:53:18.299 [info] > git for-each-ref --format=%(refname)%00%(upstream:short)%00%(objectname)%00%(upstream:track)%00%(upstream:remotename)%00%(upstream:remoteref) refs/heads/main refs/remotes/main [1ms]
2025-05-17 21:53:18.313 [info] > git for-each-ref --sort -committerdate --format %(refname)%00%(objectname)%00%(*objectname) [1ms]
2025-05-17 21:53:18.326 [info] > git status -z -uall [21ms]
2025-05-17 21:53:23.420 [info] > git config --get commit.template [6ms]
2025-05-17 21:53:23.421 [info] > git for-each-ref --format=%(refname)%00%(upstream:short)%00%(objectname)%00%(upstream:track)%00%(upstream:remotename)%00%(upstream:remoteref) refs/heads/main refs/remotes/main [2ms]
2025-05-17 21:53:23.432 [info] > git for-each-ref --sort -committerdate --format %(refname)%00%(objectname)%00%(*objectname) [1ms]
2025-05-17 21:53:23.449 [info] > git status -z -uall [23ms]
2025-05-17 21:53:28.550 [info] > git config --get commit.template [6ms]
2025-05-17 21:53:28.551 [info] > git for-each-ref --format=%(refname)%00%(upstream:short)%00%(objectname)%00%(upstream:track)%00%(upstream:remotename)%00%(upstream:remoteref) refs/heads/main refs/remotes/main [1ms]
2025-05-17 21:53:28.565 [info] > git for-each-ref --sort -committerdate --format %(refname)%00%(objectname)%00%(*objectname) [2ms]
2025-05-17 21:53:28.576 [info] > git status -z -uall [18ms]
2025-05-17 21:53:33.662 [info] > git config --get commit.template [6ms]
2025-05-17 21:53:33.662 [info] > git for-each-ref --format=%(refname)%00%(upstream:short)%00%(objectname)%00%(upstream:track)%00%(upstream:remotename)%00%(upstream:remoteref) refs/heads/main refs/remotes/main [1ms]
2025-05-17 21:53:33.672 [info] > git for-each-ref --sort -committerdate --format %(refname)%00%(objectname)%00%(*objectname) [1ms]
2025-05-17 21:53:33.684 [info] > git status -z -uall [17ms]
2025-05-17 21:53:38.766 [info] > git config --get commit.template [5ms]
2025-05-17 21:53:38.766 [info] > git for-each-ref --format=%(refname)%00%(upstream:short)%00%(objectname)%00%(upstream:track)%00%(upstream:remotename)%00%(upstream:remoteref) refs/heads/main refs/remotes/main [1ms]
2025-05-17 21:53:38.779 [info] > git for-each-ref --sort -committerdate --format %(refname)%00%(objectname)%00%(*objectname) [1ms]
2025-05-17 21:53:38.790 [info] > git status -z -uall [18ms]
2025-05-17 21:53:43.871 [info] > git config --get commit.template [6ms]
2025-05-17 21:53:43.872 [info] > git for-each-ref --format=%(refname)%00%(upstream:short)%00%(objectname)%00%(upstream:track)%00%(upstream:remotename)%00%(upstream:remoteref) refs/heads/main refs/remotes/main [1ms]
2025-05-17 21:53:43.885 [info] > git for-each-ref --sort -committerdate --format %(refname)%00%(objectname)%00%(*objectname) [2ms]
2025-05-17 21:53:43.897 [info] > git status -z -uall [19ms]
2025-05-17 21:53:49.528 [info] > git config --get commit.template [6ms]
2025-05-17 21:53:49.529 [info] > git for-each-ref --format=%(refname)%00%(upstream:short)%00%(objectname)%00%(upstream:track)%00%(upstream:remotename)%00%(upstream:remoteref) refs/heads/main refs/remotes/main [1ms]
2025-05-17 21:53:49.547 [info] > git for-each-ref --sort -committerdate --format %(refname)%00%(objectname)%00%(*objectname) [2ms]
2025-05-17 21:53:49.565 [info] > git status -z -uall [27ms]
2025-05-17 21:53:54.681 [info] > git config --get commit.template [5ms]
2025-05-17 21:53:54.682 [info] > git for-each-ref --format=%(refname)%00%(upstream:short)%00%(objectname)%00%(upstream:track)%00%(upstream:remotename)%00%(upstream:remoteref) refs/heads/main refs/remotes/main [1ms]
2025-05-17 21:53:54.693 [info] > git for-each-ref --sort -committerdate --format %(refname)%00%(objectname)%00%(*objectname) [1ms]
2025-05-17 21:53:54.705 [info] > git status -z -uall [18ms]
2025-05-17 21:53:59.789 [info] > git config --get commit.template [6ms]
2025-05-17 21:53:59.790 [info] > git for-each-ref --format=%(refname)%00%(upstream:short)%00%(objectname)%00%(upstream:track)%00%(upstream:remotename)%00%(upstream:remoteref) refs/heads/main refs/remotes/main [1ms]
2025-05-17 21:53:59.802 [info] > git for-each-ref --sort -committerdate --format %(refname)%00%(objectname)%00%(*objectname) [1ms]
2025-05-17 21:53:59.813 [info] > git status -z -uall [18ms]
2025-05-17 21:54:04.899 [info] > git config --get commit.template [6ms]
2025-05-17 21:54:04.900 [info] > git for-each-ref --format=%(refname)%00%(upstream:short)%00%(objectname)%00%(upstream:track)%00%(upstream:remotename)%00%(upstream:remoteref) refs/heads/main refs/remotes/main [2ms]
2025-05-17 21:54:04.915 [info] > git for-each-ref --sort -committerdate --format %(refname)%00%(objectname)%00%(*objectname) [2ms]
2025-05-17 21:54:04.928 [info] > git status -z -uall [21ms]
2025-05-17 21:54:10.020 [info] > git config --get commit.template [7ms]
2025-05-17 21:54:10.021 [info] > git for-each-ref --format=%(refname)%00%(upstream:short)%00%(objectname)%00%(upstream:track)%00%(upstream:remotename)%00%(upstream:remoteref) refs/heads/main refs/remotes/main [1ms]
2025-05-17 21:54:10.038 [info] > git for-each-ref --sort -committerdate --format %(refname)%00%(objectname)%00%(*objectname) [2ms]
2025-05-17 21:54:10.051 [info] > git status -z -uall [21ms]
2025-05-17 21:54:10.683 [info] > git show --textconv :rule4b.txt [11ms]
2025-05-17 21:54:10.685 [info] > git ls-files --stage -- rule4b.txt [3ms]
2025-05-17 21:54:10.693 [info] > git cat-file -s e68341325116a478a3e723bd287458590b7fe175 [2ms]
2025-05-17 21:54:15.147 [info] > git config --get commit.template [8ms]
2025-05-17 21:54:15.148 [info] > git for-each-ref --format=%(refname)%00%(upstream:short)%00%(objectname)%00%(upstream:track)%00%(upstream:remotename)%00%(upstream:remoteref) refs/heads/main refs/remotes/main [1ms]
2025-05-17 21:54:15.169 [info] > git for-each-ref --sort -committerdate --format %(refname)%00%(objectname)%00%(*objectname) [10ms]
2025-05-17 21:54:15.180 [info] > git status -z -uall [27ms]
2025-05-17 21:54:20.759 [info] > git config --get commit.template [7ms]
2025-05-17 21:54:20.760 [info] > git for-each-ref --format=%(refname)%00%(upstream:short)%00%(objectname)%00%(upstream:track)%00%(upstream:remotename)%00%(upstream:remoteref) refs/heads/main refs/remotes/main [1ms]
2025-05-17 21:54:20.775 [info] > git for-each-ref --sort -committerdate --format %(refname)%00%(objectname)%00%(*objectname) [2ms]
2025-05-17 21:54:20.794 [info] > git status -z -uall [28ms]
2025-05-17 21:54:25.913 [info] > git config --get commit.template [7ms]
2025-05-17 21:54:25.914 [info] > git for-each-ref --format=%(refname)%00%(upstream:short)%00%(objectname)%00%(upstream:track)%00%(upstream:remotename)%00%(upstream:remoteref) refs/heads/main refs/remotes/main [2ms]
2025-05-17 21:54:25.933 [info] > git for-each-ref --sort -committerdate --format %(refname)%00%(objectname)%00%(*objectname) [2ms]
2025-05-17 21:54:25.954 [info] > git status -z -uall [30ms]
2025-05-17 21:54:31.067 [info] > git config --get commit.template [7ms]
2025-05-17 21:54:31.067 [info] > git for-each-ref --format=%(refname)%00%(upstream:short)%00%(objectname)%00%(upstream:track)%00%(upstream:remotename)%00%(upstream:remoteref) refs/heads/main refs/remotes/main [1ms]
2025-05-17 21:54:31.079 [info] > git for-each-ref --sort -committerdate --format %(refname)%00%(objectname)%00%(*objectname) [1ms]
2025-05-17 21:54:31.093 [info] > git status -z -uall [20ms]
2025-05-17 21:54:33.687 [info] > git show --textconv :rule5b.txt [6ms]
2025-05-17 21:54:33.688 [info] > git ls-files --stage -- rule5b.txt [2ms]
2025-05-17 21:54:33.694 [info] > git cat-file -s c561206058f6544df14bb4299c09a99ab0e664a0 [1ms]
2025-05-17 21:54:36.187 [info] > git config --get commit.template [5ms]
2025-05-17 21:54:36.187 [info] > git for-each-ref --format=%(refname)%00%(upstream:short)%00%(objectname)%00%(upstream:track)%00%(upstream:remotename)%00%(upstream:remoteref) refs/heads/main refs/remotes/main [1ms]
2025-05-17 21:54:36.199 [info] > git for-each-ref --sort -committerdate --format %(refname)%00%(objectname)%00%(*objectname) [1ms]
2025-05-17 21:54:36.219 [info] > git status -z -uall [26ms]
2025-05-17 21:54:41.312 [info] > git config --get commit.template [9ms]
2025-05-17 21:54:41.313 [info] > git for-each-ref --format=%(refname)%00%(upstream:short)%00%(objectname)%00%(upstream:track)%00%(upstream:remotename)%00%(upstream:remoteref) refs/heads/main refs/remotes/main [2ms]
2025-05-17 21:54:41.330 [info] > git for-each-ref --sort -committerdate --format %(refname)%00%(objectname)%00%(*objectname) [2ms]
2025-05-17 21:54:41.347 [info] > git status -z -uall [28ms]
2025-05-17 21:54:46.449 [info] > git config --get commit.template [6ms]
2025-05-17 21:54:46.450 [info] > git for-each-ref --format=%(refname)%00%(upstream:short)%00%(objectname)%00%(upstream:track)%00%(upstream:remotename)%00%(upstream:remoteref) refs/heads/main refs/remotes/main [1ms]
2025-05-17 21:54:46.462 [info] > git for-each-ref --sort -committerdate --format %(refname)%00%(objectname)%00%(*objectname) [1ms]
2025-05-17 21:54:46.476 [info] > git status -z -uall [21ms]
2025-05-17 21:54:51.566 [info] > git config --get commit.template [5ms]
2025-05-17 21:54:51.567 [info] > git for-each-ref --format=%(refname)%00%(upstream:short)%00%(objectname)%00%(upstream:track)%00%(upstream:remotename)%00%(upstream:remoteref) refs/heads/main refs/remotes/main [1ms]
2025-05-17 21:54:51.577 [info] > git for-each-ref --sort -committerdate --format %(refname)%00%(objectname)%00%(*objectname) [1ms]
2025-05-17 21:54:51.590 [info] > git status -z -uall [19ms]
2025-05-17 21:54:56.066 [info] > git show --textconv :rule6b.txt [6ms]
2025-05-17 21:54:56.068 [info] > git ls-files --stage -- rule6b.txt [2ms]
2025-05-17 21:54:56.074 [info] > git cat-file -s 078ce605759f62b580a8e2d0896cdc131c655f57 [1ms]
2025-05-17 21:54:56.162 [info] > git blame --root --incremental 78add7191df750e7d74d2b3e1ecbebc0595b35d4 -- rule6b.txt [20ms]
2025-05-17 21:54:56.685 [info] > git config --get commit.template [10ms]
2025-05-17 21:54:56.686 [info] > git for-each-ref --format=%(refname)%00%(upstream:short)%00%(objectname)%00%(upstream:track)%00%(upstream:remotename)%00%(upstream:remoteref) refs/heads/main refs/remotes/main [2ms]
2025-05-17 21:54:56.702 [info] > git for-each-ref --sort -committerdate --format %(refname)%00%(objectname)%00%(*objectname) [3ms]
2025-05-17 21:54:56.722 [info] > git status -z -uall [30ms]
2025-05-17 21:55:01.823 [info] > git config --get commit.template [5ms]
2025-05-17 21:55:01.824 [info] > git for-each-ref --format=%(refname)%00%(upstream:short)%00%(objectname)%00%(upstream:track)%00%(upstream:remotename)%00%(upstream:remoteref) refs/heads/main refs/remotes/main [1ms]
2025-05-17 21:55:01.836 [info] > git for-each-ref --sort -committerdate --format %(refname)%00%(objectname)%00%(*objectname) [2ms]
2025-05-17 21:55:01.849 [info] > git status -z -uall [19ms]
2025-05-17 21:55:06.927 [info] > git config --get commit.template [5ms]
2025-05-17 21:55:06.928 [info] > git for-each-ref --format=%(refname)%00%(upstream:short)%00%(objectname)%00%(upstream:track)%00%(upstream:remotename)%00%(upstream:remoteref) refs/heads/main refs/remotes/main [1ms]
2025-05-17 21:55:06.937 [info] > git for-each-ref --sort -committerdate --format %(refname)%00%(objectname)%00%(*objectname) [1ms]
2025-05-17 21:55:06.951 [info] > git status -z -uall [19ms]
2025-05-17 21:55:12.040 [info] > git config --get commit.template [5ms]
2025-05-17 21:55:12.041 [info] > git for-each-ref --format=%(refname)%00%(upstream:short)%00%(objectname)%00%(upstream:track)%00%(upstream:remotename)%00%(upstream:remoteref) refs/heads/main refs/remotes/main [1ms]
2025-05-17 21:55:12.052 [info] > git for-each-ref --sort -committerdate --format %(refname)%00%(objectname)%00%(*objectname) [2ms]
2025-05-17 21:55:12.062 [info] > git status -z -uall [17ms]
2025-05-17 21:55:12.928 [info] > git ls-files --stage -- rule7a.txt [2ms]
2025-05-17 21:55:12.933 [info] > git show --textconv :rule7a.txt [13ms]
2025-05-17 21:55:12.934 [info] > git cat-file -s e517e273d4ca5a824f2880273037738df5c03482 [2ms]
2025-05-17 21:55:12.957 [info] > git blame --root --incremental 78add7191df750e7d74d2b3e1ecbebc0595b35d4 -- rule7a.txt [12ms]
2025-05-17 21:55:17.616 [info] > git config --get commit.template [6ms]
2025-05-17 21:55:17.617 [info] > git for-each-ref --format=%(refname)%00%(upstream:short)%00%(objectname)%00%(upstream:track)%00%(upstream:remotename)%00%(upstream:remoteref) refs/heads/main refs/remotes/main [2ms]
2025-05-17 21:55:17.634 [info] > git for-each-ref --sort -committerdate --format %(refname)%00%(objectname)%00%(*objectname) [7ms]
2025-05-17 21:55:17.644 [info] > git status -z -uall [22ms]
2025-05-17 21:55:22.742 [info] > git config --get commit.template [6ms]
2025-05-17 21:55:22.742 [info] > git for-each-ref --format=%(refname)%00%(upstream:short)%00%(objectname)%00%(upstream:track)%00%(upstream:remotename)%00%(upstream:remoteref) refs/heads/main refs/remotes/main [1ms]
2025-05-17 21:55:22.754 [info] > git for-each-ref --sort -committerdate --format %(refname)%00%(objectname)%00%(*objectname) [1ms]
2025-05-17 21:55:22.767 [info] > git status -z -uall [19ms]
2025-05-17 21:55:27.846 [info] > git config --get commit.template [7ms]
2025-05-17 21:55:27.847 [info] > git for-each-ref --format=%(refname)%00%(upstream:short)%00%(objectname)%00%(upstream:track)%00%(upstream:remotename)%00%(upstream:remoteref) refs/heads/main refs/remotes/main [2ms]
2025-05-17 21:55:27.860 [info] > git for-each-ref --sort -committerdate --format %(refname)%00%(objectname)%00%(*objectname) [2ms]
2025-05-17 21:55:27.875 [info] > git status -z -uall [22ms]
2025-05-17 21:55:28.529 [info] > git show --textconv :rule7b.txt [6ms]
2025-05-17 21:55:28.531 [info] > git ls-files --stage -- rule7b.txt [2ms]
2025-05-17 21:55:28.539 [info] > git cat-file -s 08e117ad6a42559c99b24e4255734edcb8ff9fde [1ms]
2025-05-17 21:55:28.603 [info] > git blame --root --incremental 78add7191df750e7d74d2b3e1ecbebc0595b35d4 -- rule7b.txt [11ms]
2025-05-17 21:55:32.957 [info] > git config --get commit.template [4ms]
2025-05-17 21:55:32.957 [info] > git for-each-ref --format=%(refname)%00%(upstream:short)%00%(objectname)%00%(upstream:track)%00%(upstream:remotename)%00%(upstream:remoteref) refs/heads/main refs/remotes/main [1ms]
2025-05-17 21:55:32.968 [info] > git for-each-ref --sort -committerdate --format %(refname)%00%(objectname)%00%(*objectname) [1ms]
2025-05-17 21:55:32.981 [info] > git status -z -uall [19ms]
2025-05-17 21:55:38.066 [info] > git config --get commit.template [4ms]
2025-05-17 21:55:38.067 [info] > git for-each-ref --format=%(refname)%00%(upstream:short)%00%(objectname)%00%(upstream:track)%00%(upstream:remotename)%00%(upstream:remoteref) refs/heads/main refs/remotes/main [1ms]
2025-05-17 21:55:38.079 [info] > git for-each-ref --sort -committerdate --format %(refname)%00%(objectname)%00%(*objectname) [2ms]
2025-05-17 21:55:38.093 [info] > git status -z -uall [21ms]
2025-05-17 21:55:43.181 [info] > git config --get commit.template [6ms]
2025-05-17 21:55:43.182 [info] > git for-each-ref --format=%(refname)%00%(upstream:short)%00%(objectname)%00%(upstream:track)%00%(upstream:remotename)%00%(upstream:remoteref) refs/heads/main refs/remotes/main [2ms]
2025-05-17 21:55:43.194 [info] > git for-each-ref --sort -committerdate --format %(refname)%00%(objectname)%00%(*objectname) [1ms]
2025-05-17 21:55:43.218 [info] > git status -z -uall [30ms]
2025-05-17 21:55:48.314 [info] > git config --get commit.template [6ms]
2025-05-17 21:55:48.315 [info] > git for-each-ref --format=%(refname)%00%(upstream:short)%00%(objectname)%00%(upstream:track)%00%(upstream:remotename)%00%(upstream:remoteref) refs/heads/main refs/remotes/main [2ms]
2025-05-17 21:55:48.332 [info] > git for-each-ref --sort -committerdate --format %(refname)%00%(objectname)%00%(*objectname) [2ms]
2025-05-17 21:55:48.343 [info] > git status -z -uall [20ms]
2025-05-17 21:55:49.367 [info] > git ls-files --stage -- rule8a.txt [1ms]
2025-05-17 21:55:49.374 [info] > git cat-file -s dd7f5e2adf19dc57e276bdce987ffd555a0209d1 [2ms]
2025-05-17 21:55:49.375 [info] > git show --textconv :rule8a.txt [15ms]
2025-05-17 21:55:49.863 [info] > git show --textconv :rule8b.txt [5ms]
2025-05-17 21:55:49.865 [info] > git ls-files --stage -- rule8b.txt [1ms]
2025-05-17 21:55:49.870 [info] > git cat-file -s d6630d9018d3fb69d3702421340efec14dad710f [1ms]
2025-05-17 21:55:53.453 [info] > git config --get commit.template [1ms]
2025-05-17 21:55:53.460 [info] > git for-each-ref --format=%(refname)%00%(upstream:short)%00%(objectname)%00%(upstream:track)%00%(upstream:remotename)%00%(upstream:remoteref) refs/heads/main refs/remotes/main [1ms]
2025-05-17 21:55:53.472 [info] > git for-each-ref --sort -committerdate --format %(refname)%00%(objectname)%00%(*objectname) [2ms]
2025-05-17 21:55:53.493 [info] > git status -z -uall [27ms]
2025-05-17 21:55:58.578 [info] > git config --get commit.template [5ms]
2025-05-17 21:55:58.579 [info] > git for-each-ref --format=%(refname)%00%(upstream:short)%00%(objectname)%00%(upstream:track)%00%(upstream:remotename)%00%(upstream:remoteref) refs/heads/main refs/remotes/main [1ms]
2025-05-17 21:55:58.588 [info] > git for-each-ref --sort -committerdate --format %(refname)%00%(objectname)%00%(*objectname) [1ms]
2025-05-17 21:55:58.601 [info] > git status -z -uall [18ms]
2025-05-17 21:56:03.688 [info] > git config --get commit.template [7ms]
2025-05-17 21:56:03.690 [info] > git for-each-ref --format=%(refname)%00%(upstream:short)%00%(objectname)%00%(upstream:track)%00%(upstream:remotename)%00%(upstream:remoteref) refs/heads/main refs/remotes/main [1ms]
2025-05-17 21:56:03.705 [info] > git for-each-ref --sort -committerdate --format %(refname)%00%(objectname)%00%(*objectname) [3ms]
2025-05-17 21:56:03.727 [info] > git status -z -uall [30ms]
2025-05-17 21:56:04.327 [info] > git show --textconv :rule9a.txt [9ms]
2025-05-17 21:56:04.329 [info] > git ls-files --stage -- rule9a.txt [3ms]
2025-05-17 21:56:04.336 [info] > git cat-file -s 7e5d7c0249fa48cc6a8c5abb511bd54008d7241d [1ms]
2025-05-17 21:56:08.817 [info] > git config --get commit.template [5ms]
2025-05-17 21:56:08.817 [info] > git for-each-ref --format=%(refname)%00%(upstream:short)%00%(objectname)%00%(upstream:track)%00%(upstream:remotename)%00%(upstream:remoteref) refs/heads/main refs/remotes/main [1ms]
2025-05-17 21:56:08.828 [info] > git for-each-ref --sort -committerdate --format %(refname)%00%(objectname)%00%(*objectname) [2ms]
2025-05-17 21:56:08.843 [info] > git status -z -uall [21ms]
2025-05-17 21:56:11.429 [info] > git ls-files --stage -- rule9b.txt [2ms]
2025-05-17 21:56:11.435 [info] > git show --textconv :rule9b.txt [16ms]
2025-05-17 21:56:11.436 [info] > git cat-file -s fd08f5cf119b6050600b238aaca982a4b102cfb2 [2ms]
2025-05-17 21:56:11.473 [info] > git blame --root --incremental 78add7191df750e7d74d2b3e1ecbebc0595b35d4 -- rule9b.txt [16ms]
2025-05-17 21:56:13.929 [info] > git config --get commit.template [5ms]
2025-05-17 21:56:13.930 [info] > git for-each-ref --format=%(refname)%00%(upstream:short)%00%(objectname)%00%(upstream:track)%00%(upstream:remotename)%00%(upstream:remoteref) refs/heads/main refs/remotes/main [1ms]
2025-05-17 21:56:13.940 [info] > git for-each-ref --sort -committerdate --format %(refname)%00%(objectname)%00%(*objectname) [1ms]
2025-05-17 21:56:13.953 [info] > git status -z -uall [18ms]
2025-05-17 21:56:19.040 [info] > git config --get commit.template [7ms]
2025-05-17 21:56:19.040 [info] > git for-each-ref --format=%(refname)%00%(upstream:short)%00%(objectname)%00%(upstream:track)%00%(upstream:remotename)%00%(upstream:remoteref) refs/heads/main refs/remotes/main [1ms]
2025-05-17 21:56:19.055 [info] > git for-each-ref --sort -committerdate --format %(refname)%00%(objectname)%00%(*objectname) [1ms]
2025-05-17 21:56:19.068 [info] > git status -z -uall [21ms]
2025-05-17 21:56:24.174 [info] > git config --get commit.template [6ms]
2025-05-17 21:56:24.175 [info] > git for-each-ref --format=%(refname)%00%(upstream:short)%00%(objectname)%00%(upstream:track)%00%(upstream:remotename)%00%(upstream:remoteref) refs/heads/main refs/remotes/main [2ms]
2025-05-17 21:56:24.187 [info] > git for-each-ref --sort -committerdate --format %(refname)%00%(objectname)%00%(*objectname) [2ms]
2025-05-17 21:56:24.205 [info] > git status -z -uall [24ms]
2025-05-17 21:56:29.297 [info] > git config --get commit.template [5ms]
2025-05-17 21:56:29.298 [info] > git for-each-ref --format=%(refname)%00%(upstream:short)%00%(objectname)%00%(upstream:track)%00%(upstream:remotename)%00%(upstream:remoteref) refs/heads/main refs/remotes/main [1ms]
2025-05-17 21:56:29.307 [info] > git for-each-ref --sort -committerdate --format %(refname)%00%(objectname)%00%(*objectname) [1ms]
2025-05-17 21:56:29.320 [info] > git status -z -uall [18ms]
2025-05-17 21:56:34.400 [info] > git config --get commit.template [5ms]
2025-05-17 21:56:34.401 [info] > git for-each-ref --format=%(refname)%00%(upstream:short)%00%(objectname)%00%(upstream:track)%00%(upstream:remotename)%00%(upstream:remoteref) refs/heads/main refs/remotes/main [1ms]
2025-05-17 21:56:34.411 [info] > git for-each-ref --sort -committerdate --format %(refname)%00%(objectname)%00%(*objectname) [1ms]
2025-05-17 21:56:34.427 [info] > git status -z -uall [21ms]
2025-05-17 21:56:39.514 [info] > git config --get commit.template [5ms]
2025-05-17 21:56:39.514 [info] > git for-each-ref --format=%(refname)%00%(upstream:short)%00%(objectname)%00%(upstream:track)%00%(upstream:remotename)%00%(upstream:remoteref) refs/heads/main refs/remotes/main [1ms]
2025-05-17 21:56:39.525 [info] > git for-each-ref --sort -committerdate --format %(refname)%00%(objectname)%00%(*objectname) [2ms]
2025-05-17 21:56:39.540 [info] > git status -z -uall [21ms]
2025-05-17 21:56:44.627 [info] > git config --get commit.template [5ms]
2025-05-17 21:56:44.628 [info] > git for-each-ref --format=%(refname)%00%(upstream:short)%00%(objectname)%00%(upstream:track)%00%(upstream:remotename)%00%(upstream:remoteref) refs/heads/main refs/remotes/main [1ms]
2025-05-17 21:56:44.639 [info] > git for-each-ref --sort -committerdate --format %(refname)%00%(objectname)%00%(*objectname) [1ms]
2025-05-17 21:56:44.656 [info] > git status -z -uall [24ms]
2025-05-17 21:56:49.748 [info] > git config --get commit.template [4ms]
2025-05-17 21:56:49.748 [info] > git for-each-ref --format=%(refname)%00%(upstream:short)%00%(objectname)%00%(upstream:track)%00%(upstream:remotename)%00%(upstream:remoteref) refs/heads/main refs/remotes/main [1ms]
2025-05-17 21:56:49.759 [info] > git for-each-ref --sort -committerdate --format %(refname)%00%(objectname)%00%(*objectname) [2ms]
2025-05-17 21:56:49.783 [info] > git status -z -uall [30ms]
2025-05-17 21:56:54.876 [info] > git config --get commit.template [7ms]
2025-05-17 21:56:54.877 [info] > git for-each-ref --format=%(refname)%00%(upstream:short)%00%(objectname)%00%(upstream:track)%00%(upstream:remotename)%00%(upstream:remoteref) refs/heads/main refs/remotes/main [2ms]
2025-05-17 21:56:54.889 [info] > git for-each-ref --sort -committerdate --format %(refname)%00%(objectname)%00%(*objectname) [2ms]
2025-05-17 21:56:54.910 [info] > git status -z -uall [28ms]
2025-05-17 21:57:00.029 [info] > git config --get commit.template [5ms]
2025-05-17 21:57:00.030 [info] > git for-each-ref --format=%(refname)%00%(upstream:short)%00%(objectname)%00%(upstream:track)%00%(upstream:remotename)%00%(upstream:remoteref) refs/heads/main refs/remotes/main [2ms]
2025-05-17 21:57:00.043 [info] > git for-each-ref --sort -committerdate --format %(refname)%00%(objectname)%00%(*objectname) [1ms]
2025-05-17 21:57:00.060 [info] > git status -z -uall [24ms]
2025-05-17 21:57:05.157 [info] > git config --get commit.template [5ms]
2025-05-17 21:57:05.157 [info] > git for-each-ref --format=%(refname)%00%(upstream:short)%00%(objectname)%00%(upstream:track)%00%(upstream:remotename)%00%(upstream:remoteref) refs/heads/main refs/remotes/main [1ms]
2025-05-17 21:57:05.170 [info] > git for-each-ref --sort -committerdate --format %(refname)%00%(objectname)%00%(*objectname) [2ms]
2025-05-17 21:57:05.183 [info] > git status -z -uall [19ms]
2025-05-17 21:57:10.270 [info] > git config --get commit.template [5ms]
2025-05-17 21:57:10.271 [info] > git for-each-ref --format=%(refname)%00%(upstream:short)%00%(objectname)%00%(upstream:track)%00%(upstream:remotename)%00%(upstream:remoteref) refs/heads/main refs/remotes/main [1ms]
2025-05-17 21:57:10.281 [info] > git for-each-ref --sort -committerdate --format %(refname)%00%(objectname)%00%(*objectname) [1ms]
2025-05-17 21:57:10.296 [info] > git status -z -uall [20ms]
2025-05-17 21:57:15.385 [info] > git config --get commit.template [5ms]
2025-05-17 21:57:15.386 [info] > git for-each-ref --format=%(refname)%00%(upstream:short)%00%(objectname)%00%(upstream:track)%00%(upstream:remotename)%00%(upstream:remoteref) refs/heads/main refs/remotes/main [2ms]
2025-05-17 21:57:15.398 [info] > git for-each-ref --sort -committerdate --format %(refname)%00%(objectname)%00%(*objectname) [2ms]
2025-05-17 21:57:15.416 [info] > git status -z -uall [24ms]
2025-05-17 21:57:20.508 [info] > git config --get commit.template [6ms]
2025-05-17 21:57:20.509 [info] > git for-each-ref --format=%(refname)%00%(upstream:short)%00%(objectname)%00%(upstream:track)%00%(upstream:remotename)%00%(upstream:remoteref) refs/heads/main refs/remotes/main [1ms]
2025-05-17 21:57:20.520 [info] > git for-each-ref --sort -committerdate --format %(refname)%00%(objectname)%00%(*objectname) [1ms]
2025-05-17 21:57:20.534 [info] > git status -z -uall [20ms]
2025-05-17 21:57:25.628 [info] > git config --get commit.template [4ms]
2025-05-17 21:57:25.628 [info] > git for-each-ref --format=%(refname)%00%(upstream:short)%00%(objectname)%00%(upstream:track)%00%(upstream:remotename)%00%(upstream:remoteref) refs/heads/main refs/remotes/main [1ms]
2025-05-17 21:57:25.640 [info] > git for-each-ref --sort -committerdate --format %(refname)%00%(objectname)%00%(*objectname) [2ms]
2025-05-17 21:57:25.654 [info] > git status -z -uall [21ms]
2025-05-17 21:57:30.739 [info] > git config --get commit.template [7ms]
2025-05-17 21:57:30.740 [info] > git for-each-ref --format=%(refname)%00%(upstream:short)%00%(objectname)%00%(upstream:track)%00%(upstream:remotename)%00%(upstream:remoteref) refs/heads/main refs/remotes/main [1ms]
2025-05-17 21:57:30.751 [info] > git for-each-ref --sort -committerdate --format %(refname)%00%(objectname)%00%(*objectname) [1ms]
2025-05-17 21:57:30.765 [info] > git status -z -uall [20ms]
2025-05-17 21:57:35.848 [info] > git config --get commit.template [5ms]
2025-05-17 21:57:35.849 [info] > git for-each-ref --format=%(refname)%00%(upstream:short)%00%(objectname)%00%(upstream:track)%00%(upstream:remotename)%00%(upstream:remoteref) refs/heads/main refs/remotes/main [1ms]
2025-05-17 21:57:35.860 [info] > git for-each-ref --sort -committerdate --format %(refname)%00%(objectname)%00%(*objectname) [2ms]
2025-05-17 21:57:35.874 [info] > git status -z -uall [21ms]
2025-05-17 21:57:40.963 [info] > git config --get commit.template [6ms]
2025-05-17 21:57:40.964 [info] > git for-each-ref --format=%(refname)%00%(upstream:short)%00%(objectname)%00%(upstream:track)%00%(upstream:remotename)%00%(upstream:remoteref) refs/heads/main refs/remotes/main [2ms]
2025-05-17 21:57:40.978 [info] > git for-each-ref --sort -committerdate --format %(refname)%00%(objectname)%00%(*objectname) [2ms]
2025-05-17 21:57:40.991 [info] > git status -z -uall [20ms]
2025-05-17 21:57:46.078 [info] > git config --get commit.template [5ms]
2025-05-17 21:57:46.079 [info] > git for-each-ref --format=%(refname)%00%(upstream:short)%00%(objectname)%00%(upstream:track)%00%(upstream:remotename)%00%(upstream:remoteref) refs/heads/main refs/remotes/main [1ms]
2025-05-17 21:57:46.090 [info] > git for-each-ref --sort -committerdate --format %(refname)%00%(objectname)%00%(*objectname) [1ms]
2025-05-17 21:57:46.107 [info] > git status -z -uall [23ms]
2025-05-17 21:57:51.202 [info] > git config --get commit.template [7ms]
2025-05-17 21:57:51.203 [info] > git for-each-ref --format=%(refname)%00%(upstream:short)%00%(objectname)%00%(upstream:track)%00%(upstream:remotename)%00%(upstream:remoteref) refs/heads/main refs/remotes/main [1ms]
2025-05-17 21:57:51.216 [info] > git for-each-ref --sort -committerdate --format %(refname)%00%(objectname)%00%(*objectname) [2ms]
2025-05-17 21:57:51.233 [info] > git status -z -uall [25ms]
2025-05-17 21:57:56.353 [info] > git config --get commit.template [5ms]
2025-05-17 21:57:56.354 [info] > git for-each-ref --format=%(refname)%00%(upstream:short)%00%(objectname)%00%(upstream:track)%00%(upstream:remotename)%00%(upstream:remoteref) refs/heads/main refs/remotes/main [1ms]
2025-05-17 21:57:56.365 [info] > git for-each-ref --sort -committerdate --format %(refname)%00%(objectname)%00%(*objectname) [1ms]
2025-05-17 21:57:56.380 [info] > git status -z -uall [21ms]
2025-05-17 21:58:01.467 [info] > git config --get commit.template [5ms]
2025-05-17 21:58:01.468 [info] > git for-each-ref --format=%(refname)%00%(upstream:short)%00%(objectname)%00%(upstream:track)%00%(upstream:remotename)%00%(upstream:remoteref) refs/heads/main refs/remotes/main [1ms]
2025-05-17 21:58:01.480 [info] > git for-each-ref --sort -committerdate --format %(refname)%00%(objectname)%00%(*objectname) [2ms]
2025-05-17 21:58:01.503 [info] > git status -z -uall [30ms]
2025-05-17 21:58:06.566 [info] > git show --textconv :rule10a.txt [9ms]
2025-05-17 21:58:06.568 [info] > git ls-files --stage -- rule10a.txt [3ms]
2025-05-17 21:58:06.576 [info] > git cat-file -s df198195cabbfef33e6d43dc5eff435bedcf9637 [2ms]
2025-05-17 21:58:06.606 [info] > git config --get commit.template [8ms]
2025-05-17 21:58:06.607 [info] > git for-each-ref --format=%(refname)%00%(upstream:short)%00%(objectname)%00%(upstream:track)%00%(upstream:remotename)%00%(upstream:remoteref) refs/heads/main refs/remotes/main [1ms]
2025-05-17 21:58:06.624 [info] > git for-each-ref --sort -committerdate --format %(refname)%00%(objectname)%00%(*objectname) [2ms]
2025-05-17 21:58:06.644 [info] > git status -z -uall [28ms]
2025-05-17 21:58:06.726 [info] > git blame --root --incremental 78add7191df750e7d74d2b3e1ecbebc0595b35d4 -- rule10a.txt [135ms]
2025-05-17 21:58:11.737 [info] > git config --get commit.template [6ms]
2025-05-17 21:58:11.738 [info] > git for-each-ref --format=%(refname)%00%(upstream:short)%00%(objectname)%00%(upstream:track)%00%(upstream:remotename)%00%(upstream:remoteref) refs/heads/main refs/remotes/main [1ms]
2025-05-17 21:58:11.749 [info] > git for-each-ref --sort -committerdate --format %(refname)%00%(objectname)%00%(*objectname) [2ms]
2025-05-17 21:58:11.775 [info] > git status -z -uall [33ms]
2025-05-17 21:58:13.041 [info] > git show --textconv :rule10b.txt [10ms]
2025-05-17 21:58:13.044 [info] > git ls-files --stage -- rule10b.txt [5ms]
2025-05-17 21:58:13.054 [info] > git cat-file -s a89a8f551477b9bd3fa96d1d41dc5a6fb42f4444 [2ms]
2025-05-17 21:58:15.736 [info] > git show --textconv :rule10a.txt [4ms]
2025-05-17 21:58:15.738 [info] > git ls-files --stage -- rule10a.txt [2ms]
2025-05-17 21:58:15.753 [info] > git cat-file -s df198195cabbfef33e6d43dc5eff435bedcf9637 [1ms]
2025-05-17 21:58:17.302 [info] > git config --get commit.template [6ms]
2025-05-17 21:58:17.302 [info] > git for-each-ref --format=%(refname)%00%(upstream:short)%00%(objectname)%00%(upstream:track)%00%(upstream:remotename)%00%(upstream:remoteref) refs/heads/main refs/remotes/main [1ms]
2025-05-17 21:58:17.315 [info] > git for-each-ref --sort -committerdate --format %(refname)%00%(objectname)%00%(*objectname) [1ms]
2025-05-17 21:58:17.330 [info] > git status -z -uall [22ms]
2025-05-17 21:58:22.432 [info] > git config --get commit.template [7ms]
2025-05-17 21:58:22.433 [info] > git for-each-ref --format=%(refname)%00%(upstream:short)%00%(objectname)%00%(upstream:track)%00%(upstream:remotename)%00%(upstream:remoteref) refs/heads/main refs/remotes/main [2ms]
2025-05-17 21:58:22.445 [info] > git for-each-ref --sort -committerdate --format %(refname)%00%(objectname)%00%(*objectname) [1ms]
2025-05-17 21:58:22.470 [info] > git status -z -uall [32ms]
2025-05-17 21:58:27.574 [info] > git config --get commit.template [5ms]
2025-05-17 21:58:27.575 [info] > git for-each-ref --format=%(refname)%00%(upstream:short)%00%(objectname)%00%(upstream:track)%00%(upstream:remotename)%00%(upstream:remoteref) refs/heads/main refs/remotes/main [1ms]
2025-05-17 21:58:27.587 [info] > git for-each-ref --sort -committerdate --format %(refname)%00%(objectname)%00%(*objectname) [1ms]
2025-05-17 21:58:27.603 [info] > git status -z -uall [22ms]
2025-05-17 21:58:32.699 [info] > git config --get commit.template [7ms]
2025-05-17 21:58:32.700 [info] > git for-each-ref --format=%(refname)%00%(upstream:short)%00%(objectname)%00%(upstream:track)%00%(upstream:remotename)%00%(upstream:remoteref) refs/heads/main refs/remotes/main [2ms]
2025-05-17 21:58:32.713 [info] > git for-each-ref --sort -committerdate --format %(refname)%00%(objectname)%00%(*objectname) [1ms]
2025-05-17 21:58:32.728 [info] > git status -z -uall [22ms]
2025-05-17 21:58:37.813 [info] > git config --get commit.template [2ms]
2025-05-17 21:58:37.819 [info] > git for-each-ref --format=%(refname)%00%(upstream:short)%00%(objectname)%00%(upstream:track)%00%(upstream:remotename)%00%(upstream:remoteref) refs/heads/main refs/remotes/main [1ms]
2025-05-17 21:58:37.835 [info] > git for-each-ref --sort -committerdate --format %(refname)%00%(objectname)%00%(*objectname) [1ms]
2025-05-17 21:58:37.862 [info] > git status -z -uall [35ms]
2025-05-17 21:58:42.952 [info] > git config --get commit.template [7ms]
2025-05-17 21:58:42.953 [info] > git for-each-ref --format=%(refname)%00%(upstream:short)%00%(objectname)%00%(upstream:track)%00%(upstream:remotename)%00%(upstream:remoteref) refs/heads/main refs/remotes/main [1ms]
2025-05-17 21:58:42.969 [info] > git for-each-ref --sort -committerdate --format %(refname)%00%(objectname)%00%(*objectname) [2ms]
2025-05-17 21:58:42.986 [info] > git status -z -uall [26ms]
2025-05-17 21:58:49.637 [info] > git config --get commit.template [3ms]
2025-05-17 21:58:49.644 [info] > git for-each-ref --format=%(refname)%00%(upstream:short)%00%(objectname)%00%(upstream:track)%00%(upstream:remotename)%00%(upstream:remoteref) refs/heads/main refs/remotes/main [2ms]
2025-05-17 21:58:49.657 [info] > git for-each-ref --sort -committerdate --format %(refname)%00%(objectname)%00%(*objectname) [2ms]
2025-05-17 21:58:49.678 [info] > git status -z -uall [28ms]
2025-05-17 21:58:54.769 [info] > git config --get commit.template [6ms]
2025-05-17 21:58:54.769 [info] > git for-each-ref --format=%(refname)%00%(upstream:short)%00%(objectname)%00%(upstream:track)%00%(upstream:remotename)%00%(upstream:remoteref) refs/heads/main refs/remotes/main [1ms]
2025-05-17 21:58:54.780 [info] > git for-each-ref --sort -committerdate --format %(refname)%00%(objectname)%00%(*objectname) [1ms]
2025-05-17 21:58:54.812 [info] > git status -z -uall [38ms]
2025-05-17 21:58:58.143 [info] > git show --textconv :rule2.txt [5ms]
2025-05-17 21:58:58.144 [info] > git ls-files --stage -- rule2.txt [2ms]
2025-05-17 21:58:58.150 [info] > git cat-file -s b5193abb35981a86a7d50d1a305ed9ea1ebd570d [1ms]
2025-05-17 21:58:59.909 [info] > git config --get commit.template [6ms]
2025-05-17 21:58:59.910 [info] > git for-each-ref --format=%(refname)%00%(upstream:short)%00%(objectname)%00%(upstream:track)%00%(upstream:remotename)%00%(upstream:remoteref) refs/heads/main refs/remotes/main [2ms]
2025-05-17 21:58:59.926 [info] > git for-each-ref --sort -committerdate --format %(refname)%00%(objectname)%00%(*objectname) [2ms]
2025-05-17 21:58:59.952 [info] > git status -z -uall [35ms]
2025-05-17 21:59:01.272 [info] > git show --textconv :rule10b.txt [7ms]
2025-05-17 21:59:01.274 [info] > git ls-files --stage -- rule10b.txt [3ms]
2025-05-17 21:59:01.281 [info] > git cat-file -s a89a8f551477b9bd3fa96d1d41dc5a6fb42f4444 [1ms]
2025-05-17 21:59:01.955 [info] > git show --textconv :rule10a.txt [6ms]
2025-05-17 21:59:01.957 [info] > git ls-files --stage -- rule10a.txt [3ms]
2025-05-17 21:59:01.964 [info] > git cat-file -s df198195cabbfef33e6d43dc5eff435bedcf9637 [1ms]
2025-05-17 21:59:05.068 [info] > git config --get commit.template [12ms]
2025-05-17 21:59:05.069 [info] > git for-each-ref --format=%(refname)%00%(upstream:short)%00%(objectname)%00%(upstream:track)%00%(upstream:remotename)%00%(upstream:remoteref) refs/heads/main refs/remotes/main [2ms]
2025-05-17 21:59:05.093 [info] > git for-each-ref --sort -committerdate --format %(refname)%00%(objectname)%00%(*objectname) [3ms]
2025-05-17 21:59:05.143 [info] > git status -z -uall [63ms]
2025-05-17 21:59:10.356 [info] > git config --get commit.template [8ms]
2025-05-17 21:59:10.357 [info] > git for-each-ref --format=%(refname)%00%(upstream:short)%00%(objectname)%00%(upstream:track)%00%(upstream:remotename)%00%(upstream:remoteref) refs/heads/main refs/remotes/main [2ms]
2025-05-17 21:59:10.382 [info] > git for-each-ref --sort -committerdate --format %(refname)%00%(objectname)%00%(*objectname) [3ms]
2025-05-17 21:59:10.419 [info] > git status -z -uall [52ms]
2025-05-17 21:59:15.512 [info] > git config --get commit.template [2ms]
2025-05-17 21:59:15.519 [info] > git for-each-ref --format=%(refname)%00%(upstream:short)%00%(objectname)%00%(upstream:track)%00%(upstream:remotename)%00%(upstream:remoteref) refs/heads/main refs/remotes/main [2ms]
2025-05-17 21:59:15.536 [info] > git for-each-ref --sort -committerdate --format %(refname)%00%(objectname)%00%(*objectname) [2ms]
2025-05-17 21:59:15.552 [info] > git status -z -uall [26ms]
2025-05-17 21:59:20.657 [info] > git config --get commit.template [2ms]
2025-05-17 21:59:20.664 [info] > git for-each-ref --format=%(refname)%00%(upstream:short)%00%(objectname)%00%(upstream:track)%00%(upstream:remotename)%00%(upstream:remoteref) refs/heads/main refs/remotes/main [1ms]
2025-05-17 21:59:20.688 [info] > git for-each-ref --sort -committerdate --format %(refname)%00%(objectname)%00%(*objectname) [6ms]
2025-05-17 21:59:20.699 [info] > git status -z -uall [26ms]
2025-05-17 21:59:27.291 [info] > git config --get commit.template [6ms]
2025-05-17 21:59:27.292 [info] > git for-each-ref --format=%(refname)%00%(upstream:short)%00%(objectname)%00%(upstream:track)%00%(upstream:remotename)%00%(upstream:remoteref) refs/heads/main refs/remotes/main [1ms]
2025-05-17 21:59:27.306 [info] > git for-each-ref --sort -committerdate --format %(refname)%00%(objectname)%00%(*objectname) [2ms]
2025-05-17 21:59:27.319 [info] > git status -z -uall [21ms]
2025-05-17 21:59:32.421 [info] > git config --get commit.template [8ms]
2025-05-17 21:59:32.422 [info] > git for-each-ref --format=%(refname)%00%(upstream:short)%00%(objectname)%00%(upstream:track)%00%(upstream:remotename)%00%(upstream:remoteref) refs/heads/main refs/remotes/main [2ms]
2025-05-17 21:59:32.439 [info] > git for-each-ref --sort -committerdate --format %(refname)%00%(objectname)%00%(*objectname) [2ms]
2025-05-17 21:59:32.456 [info] > git status -z -uall [26ms]
2025-05-17 21:59:37.579 [info] > git config --get commit.template [6ms]
2025-05-17 21:59:37.580 [info] > git for-each-ref --format=%(refname)%00%(upstream:short)%00%(objectname)%00%(upstream:track)%00%(upstream:remotename)%00%(upstream:remoteref) refs/heads/main refs/remotes/main [1ms]
2025-05-17 21:59:37.595 [info] > git for-each-ref --sort -committerdate --format %(refname)%00%(objectname)%00%(*objectname) [1ms]
2025-05-17 21:59:37.613 [info] > git status -z -uall [25ms]
2025-05-17 21:59:42.722 [info] > git config --get commit.template [10ms]
2025-05-17 21:59:42.722 [info] > git for-each-ref --format=%(refname)%00%(upstream:short)%00%(objectname)%00%(upstream:track)%00%(upstream:remotename)%00%(upstream:remoteref) refs/heads/main refs/remotes/main [2ms]
2025-05-17 21:59:42.741 [info] > git for-each-ref --sort -committerdate --format %(refname)%00%(objectname)%00%(*objectname) [2ms]
2025-05-17 21:59:42.764 [info] > git status -z -uall [34ms]
2025-05-17 21:59:47.859 [info] > git config --get commit.template [7ms]
2025-05-17 21:59:47.860 [info] > git for-each-ref --format=%(refname)%00%(upstream:short)%00%(objectname)%00%(upstream:track)%00%(upstream:remotename)%00%(upstream:remoteref) refs/heads/main refs/remotes/main [1ms]
2025-05-17 21:59:47.877 [info] > git for-each-ref --sort -committerdate --format %(refname)%00%(objectname)%00%(*objectname) [1ms]
2025-05-17 21:59:47.894 [info] > git status -z -uall [24ms]
2025-05-17 21:59:53.006 [info] > git config --get commit.template [9ms]
2025-05-17 21:59:53.007 [info] > git for-each-ref --format=%(refname)%00%(upstream:short)%00%(objectname)%00%(upstream:track)%00%(upstream:remotename)%00%(upstream:remoteref) refs/heads/main refs/remotes/main [2ms]
2025-05-17 21:59:53.027 [info] > git for-each-ref --sort -committerdate --format %(refname)%00%(objectname)%00%(*objectname) [2ms]
2025-05-17 21:59:53.073 [info] > git status -z -uall [57ms]
2025-05-17 21:59:58.282 [info] > git config --get commit.template [9ms]
2025-05-17 21:59:58.282 [info] > git for-each-ref --format=%(refname)%00%(upstream:short)%00%(objectname)%00%(upstream:track)%00%(upstream:remotename)%00%(upstream:remoteref) refs/heads/main refs/remotes/main [1ms]
2025-05-17 21:59:58.305 [info] > git for-each-ref --sort -committerdate --format %(refname)%00%(objectname)%00%(*objectname) [1ms]
2025-05-17 21:59:58.363 [info] > git status -z -uall [72ms]
2025-05-17 22:00:03.506 [info] > git config --get commit.template [7ms]
2025-05-17 22:00:03.507 [info] > git for-each-ref --format=%(refname)%00%(upstream:short)%00%(objectname)%00%(upstream:track)%00%(upstream:remotename)%00%(upstream:remoteref) refs/heads/main refs/remotes/main [1ms]
2025-05-17 22:00:03.524 [info] > git for-each-ref --sort -committerdate --format %(refname)%00%(objectname)%00%(*objectname) [2ms]
2025-05-17 22:00:03.539 [info] > git status -z -uall [24ms]
2025-05-17 22:00:08.653 [info] > git config --get commit.template [6ms]
2025-05-17 22:00:08.653 [info] > git for-each-ref --format=%(refname)%00%(upstream:short)%00%(objectname)%00%(upstream:track)%00%(upstream:remotename)%00%(upstream:remoteref) refs/heads/main refs/remotes/main [1ms]
2025-05-17 22:00:08.667 [info] > git for-each-ref --sort -committerdate --format %(refname)%00%(objectname)%00%(*objectname) [1ms]
2025-05-17 22:00:08.687 [info] > git status -z -uall [27ms]
2025-05-17 22:00:13.783 [info] > git config --get commit.template [7ms]
2025-05-17 22:00:13.784 [info] > git for-each-ref --format=%(refname)%00%(upstream:short)%00%(objectname)%00%(upstream:track)%00%(upstream:remotename)%00%(upstream:remoteref) refs/heads/main refs/remotes/main [2ms]
2025-05-17 22:00:13.795 [info] > git for-each-ref --sort -committerdate --format %(refname)%00%(objectname)%00%(*objectname) [1ms]
2025-05-17 22:00:13.809 [info] > git status -z -uall [20ms]
2025-05-17 22:00:18.894 [info] > git config --get commit.template [6ms]
2025-05-17 22:00:18.895 [info] > git for-each-ref --format=%(refname)%00%(upstream:short)%00%(objectname)%00%(upstream:track)%00%(upstream:remotename)%00%(upstream:remoteref) refs/heads/main refs/remotes/main [1ms]
2025-05-17 22:00:18.909 [info] > git for-each-ref --sort -committerdate --format %(refname)%00%(objectname)%00%(*objectname) [2ms]
2025-05-17 22:00:18.931 [info] > git status -z -uall [30ms]
2025-05-17 22:00:24.014 [info] > git config --get commit.template [7ms]
2025-05-17 22:00:24.015 [info] > git for-each-ref --format=%(refname)%00%(upstream:short)%00%(objectname)%00%(upstream:track)%00%(upstream:remotename)%00%(upstream:remoteref) refs/heads/main refs/remotes/main [1ms]
2025-05-17 22:00:24.032 [info] > git for-each-ref --sort -committerdate --format %(refname)%00%(objectname)%00%(*objectname) [2ms]
2025-05-17 22:00:24.047 [info] > git status -z -uall [25ms]
2025-05-17 22:00:29.164 [info] > git config --get commit.template [8ms]
2025-05-17 22:00:29.165 [info] > git for-each-ref --format=%(refname)%00%(upstream:short)%00%(objectname)%00%(upstream:track)%00%(upstream:remotename)%00%(upstream:remoteref) refs/heads/main refs/remotes/main [2ms]
2025-05-17 22:00:29.182 [info] > git for-each-ref --sort -committerdate --format %(refname)%00%(objectname)%00%(*objectname) [2ms]
2025-05-17 22:00:29.203 [info] > git status -z -uall [31ms]
2025-05-17 22:00:34.320 [info] > git config --get commit.template [8ms]
2025-05-17 22:00:34.321 [info] > git for-each-ref --format=%(refname)%00%(upstream:short)%00%(objectname)%00%(upstream:track)%00%(upstream:remotename)%00%(upstream:remoteref) refs/heads/main refs/remotes/main [1ms]
2025-05-17 22:00:34.340 [info] > git for-each-ref --sort -committerdate --format %(refname)%00%(objectname)%00%(*objectname) [1ms]
2025-05-17 22:00:34.359 [info] > git status -z -uall [31ms]
2025-05-17 22:01:39.398 [info] > git config --get commit.template [44ms]
2025-05-17 22:01:39.407 [info] > git for-each-ref --format=%(refname)%00%(upstream:short)%00%(objectname)%00%(upstream:track)%00%(upstream:remotename)%00%(upstream:remoteref) refs/heads/main refs/remotes/main [11ms]
2025-05-17 22:01:39.437 [info] > git for-each-ref --sort -committerdate --format %(refname)%00%(objectname)%00%(*objectname) [5ms]
2025-05-17 22:01:39.589 [info] > git status -z -uall [168ms]
2025-05-17 22:01:44.932 [info] > git config --get commit.template [8ms]
2025-05-17 22:01:44.933 [info] > git for-each-ref --format=%(refname)%00%(upstream:short)%00%(objectname)%00%(upstream:track)%00%(upstream:remotename)%00%(upstream:remoteref) refs/heads/main refs/remotes/main [2ms]
2025-05-17 22:01:44.951 [info] > git for-each-ref --sort -committerdate --format %(refname)%00%(objectname)%00%(*objectname) [2ms]
2025-05-17 22:01:44.983 [info] > git status -z -uall [42ms]
2025-05-17 22:01:50.091 [info] > git config --get commit.template [6ms]
2025-05-17 22:01:50.091 [info] > git for-each-ref --format=%(refname)%00%(upstream:short)%00%(objectname)%00%(upstream:track)%00%(upstream:remotename)%00%(upstream:remoteref) refs/heads/main refs/remotes/main [1ms]
2025-05-17 22:01:50.108 [info] > git for-each-ref --sort -committerdate --format %(refname)%00%(objectname)%00%(*objectname) [2ms]
2025-05-17 22:01:50.132 [info] > git status -z -uall [33ms]
2025-05-17 22:01:55.228 [info] > git config --get commit.template [6ms]
2025-05-17 22:01:55.229 [info] > git for-each-ref --format=%(refname)%00%(upstream:short)%00%(objectname)%00%(upstream:track)%00%(upstream:remotename)%00%(upstream:remoteref) refs/heads/main refs/remotes/main [2ms]
2025-05-17 22:01:55.245 [info] > git for-each-ref --sort -committerdate --format %(refname)%00%(objectname)%00%(*objectname) [2ms]
2025-05-17 22:01:55.267 [info] > git status -z -uall [31ms]
2025-05-17 22:02:00.347 [info] > git config --get commit.template [5ms]
2025-05-17 22:02:00.348 [info] > git for-each-ref --format=%(refname)%00%(upstream:short)%00%(objectname)%00%(upstream:track)%00%(upstream:remotename)%00%(upstream:remoteref) refs/heads/main refs/remotes/main [1ms]
2025-05-17 22:02:00.360 [info] > git for-each-ref --sort -committerdate --format %(refname)%00%(objectname)%00%(*objectname) [1ms]
2025-05-17 22:02:00.391 [info] > git status -z -uall [37ms]
2025-05-17 22:02:03.358 [info] > git show --textconv :rule10b.txt [7ms]
2025-05-17 22:02:03.361 [info] > git ls-files --stage -- rule10b.txt [3ms]
2025-05-17 22:02:03.369 [info] > git cat-file -s a89a8f551477b9bd3fa96d1d41dc5a6fb42f4444 [2ms]
2025-05-17 22:02:06.032 [info] > git show --textconv :rule10a.txt [19ms]
2025-05-17 22:02:06.034 [info] > git config --get commit.template [2ms]
2025-05-17 22:02:06.034 [info] > git ls-files --stage -- rule10a.txt [13ms]
2025-05-17 22:02:06.047 [info] > git cat-file -s df198195cabbfef33e6d43dc5eff435bedcf9637 [7ms]
2025-05-17 22:02:06.048 [info] > git for-each-ref --format=%(refname)%00%(upstream:short)%00%(objectname)%00%(upstream:track)%00%(upstream:remotename)%00%(upstream:remoteref) refs/heads/main refs/remotes/main [2ms]
2025-05-17 22:02:06.072 [info] > git for-each-ref --sort -committerdate --format %(refname)%00%(objectname)%00%(*objectname) [5ms]
2025-05-17 22:02:06.090 [info] > git status -z -uall [33ms]
2025-05-17 22:02:11.193 [info] > git config --get commit.template [6ms]
2025-05-17 22:02:11.194 [info] > git for-each-ref --format=%(refname)%00%(upstream:short)%00%(objectname)%00%(upstream:track)%00%(upstream:remotename)%00%(upstream:remoteref) refs/heads/main refs/remotes/main [2ms]
2025-05-17 22:02:11.208 [info] > git for-each-ref --sort -committerdate --format %(refname)%00%(objectname)%00%(*objectname) [2ms]
2025-05-17 22:02:11.230 [info] > git status -z -uall [31ms]
2025-05-17 22:02:16.322 [info] > git config --get commit.template [6ms]
2025-05-17 22:02:16.324 [info] > git for-each-ref --format=%(refname)%00%(upstream:short)%00%(objectname)%00%(upstream:track)%00%(upstream:remotename)%00%(upstream:remoteref) refs/heads/main refs/remotes/main [2ms]
2025-05-17 22:02:16.339 [info] > git for-each-ref --sort -committerdate --format %(refname)%00%(objectname)%00%(*objectname) [2ms]
2025-05-17 22:02:16.366 [info] > git status -z -uall [36ms]
2025-05-17 22:02:21.462 [info] > git config --get commit.template [9ms]
2025-05-17 22:02:21.462 [info] > git for-each-ref --format=%(refname)%00%(upstream:short)%00%(objectname)%00%(upstream:track)%00%(upstream:remotename)%00%(upstream:remoteref) refs/heads/main refs/remotes/main [1ms]
2025-05-17 22:02:21.478 [info] > git for-each-ref --sort -committerdate --format %(refname)%00%(objectname)%00%(*objectname) [1ms]
2025-05-17 22:02:21.501 [info] > git status -z -uall [32ms]
2025-05-17 22:02:26.606 [info] > git config --get commit.template [6ms]
2025-05-17 22:02:26.606 [info] > git for-each-ref --format=%(refname)%00%(upstream:short)%00%(objectname)%00%(upstream:track)%00%(upstream:remotename)%00%(upstream:remoteref) refs/heads/main refs/remotes/main [1ms]
2025-05-17 22:02:26.618 [info] > git for-each-ref --sort -committerdate --format %(refname)%00%(objectname)%00%(*objectname) [1ms]
2025-05-17 22:02:26.633 [info] > git status -z -uall [21ms]
2025-05-17 22:02:31.721 [info] > git config --get commit.template [7ms]
2025-05-17 22:02:31.722 [info] > git for-each-ref --format=%(refname)%00%(upstream:short)%00%(objectname)%00%(upstream:track)%00%(upstream:remotename)%00%(upstream:remoteref) refs/heads/main refs/remotes/main [2ms]
2025-05-17 22:02:31.739 [info] > git for-each-ref --sort -committerdate --format %(refname)%00%(objectname)%00%(*objectname) [2ms]
2025-05-17 22:02:31.768 [info] > git status -z -uall [39ms]
2025-05-17 22:02:37.486 [info] > git config --get commit.template [9ms]
2025-05-17 22:02:37.486 [info] > git for-each-ref --format=%(refname)%00%(upstream:short)%00%(objectname)%00%(upstream:track)%00%(upstream:remotename)%00%(upstream:remoteref) refs/heads/main refs/remotes/main [2ms]
2025-05-17 22:02:37.504 [info] > git for-each-ref --sort -committerdate --format %(refname)%00%(objectname)%00%(*objectname) [3ms]
2025-05-17 22:02:37.534 [info] > git status -z -uall [40ms]
2025-05-17 22:02:42.735 [info] > git config --get commit.template [12ms]
2025-05-17 22:02:42.738 [info] > git for-each-ref --format=%(refname)%00%(upstream:short)%00%(objectname)%00%(upstream:track)%00%(upstream:remotename)%00%(upstream:remoteref) refs/heads/main refs/remotes/main [6ms]
2025-05-17 22:02:42.773 [info] > git for-each-ref --sort -committerdate --format %(refname)%00%(objectname)%00%(*objectname) [3ms]
2025-05-17 22:02:42.863 [info] > git status -z -uall [103ms]
2025-05-17 22:02:48.101 [info] > git config --get commit.template [9ms]
2025-05-17 22:02:48.103 [info] > git for-each-ref --format=%(refname)%00%(upstream:short)%00%(objectname)%00%(upstream:track)%00%(upstream:remotename)%00%(upstream:remoteref) refs/heads/main refs/remotes/main [2ms]
2025-05-17 22:02:48.123 [info] > git for-each-ref --sort -committerdate --format %(refname)%00%(objectname)%00%(*objectname) [2ms]
2025-05-17 22:02:48.155 [info] > git status -z -uall [44ms]
2025-05-17 22:02:53.315 [info] > git config --get commit.template [11ms]
2025-05-17 22:02:53.315 [info] > git for-each-ref --format=%(refname)%00%(upstream:short)%00%(objectname)%00%(upstream:track)%00%(upstream:remotename)%00%(upstream:remoteref) refs/heads/main refs/remotes/main [1ms]
2025-05-17 22:02:53.335 [info] > git for-each-ref --sort -committerdate --format %(refname)%00%(objectname)%00%(*objectname) [2ms]
2025-05-17 22:02:53.360 [info] > git status -z -uall [37ms]
2025-05-17 22:02:58.433 [info] > git show --textconv :rule10b.txt [13ms]
2025-05-17 22:02:58.436 [info] > git ls-files --stage -- rule10b.txt [4ms]
2025-05-17 22:02:58.454 [info] > git cat-file -s a89a8f551477b9bd3fa96d1d41dc5a6fb42f4444 [9ms]
2025-05-17 22:02:58.456 [info] > git config --get commit.template [2ms]
2025-05-17 22:02:58.465 [info] > git for-each-ref --format=%(refname)%00%(upstream:short)%00%(objectname)%00%(upstream:track)%00%(upstream:remotename)%00%(upstream:remoteref) refs/heads/main refs/remotes/main [2ms]
2025-05-17 22:02:58.490 [info] > git for-each-ref --sort -committerdate --format %(refname)%00%(objectname)%00%(*objectname) [7ms]
2025-05-17 22:02:58.514 [info] > git status -z -uall [40ms]
2025-05-17 22:03:00.528 [info] > git show --textconv :rule10c.txt [9ms]
2025-05-17 22:03:00.531 [info] > git ls-files --stage -- rule10c.txt [3ms]
2025-05-17 22:03:00.540 [info] > git cat-file -s 95cbc3805c0f61f5cabf5712b13d36e89e9c79de [1ms]
2025-05-17 22:03:00.680 [info] > git blame --root --incremental 78add7191df750e7d74d2b3e1ecbebc0595b35d4 -- rule10c.txt [74ms]
2025-05-17 22:03:03.681 [info] > git config --get commit.template [13ms]
2025-05-17 22:03:03.682 [info] > git for-each-ref --format=%(refname)%00%(upstream:short)%00%(objectname)%00%(upstream:track)%00%(upstream:remotename)%00%(upstream:remoteref) refs/heads/main refs/remotes/main [2ms]
2025-05-17 22:03:03.703 [info] > git for-each-ref --sort -committerdate --format %(refname)%00%(objectname)%00%(*objectname) [2ms]
2025-05-17 22:03:03.748 [info] > git status -z -uall [58ms]
2025-05-17 22:03:06.249 [info] > git show --textconv :part1_EL.y [9ms]
2025-05-17 22:03:06.250 [info] > git ls-files --stage -- part1_EL.y [3ms]
2025-05-17 22:03:06.259 [info] > git cat-file -s b2b138e7a6cdc26e9a7fa094ab95e276cef56714 [3ms]
2025-05-17 22:03:08.913 [info] > git config --get commit.template [8ms]
2025-05-17 22:03:08.913 [info] > git for-each-ref --format=%(refname)%00%(upstream:short)%00%(objectname)%00%(upstream:track)%00%(upstream:remotename)%00%(upstream:remoteref) refs/heads/main refs/remotes/main [1ms]
2025-05-17 22:03:08.936 [info] > git for-each-ref --sort -committerdate --format %(refname)%00%(objectname)%00%(*objectname) [2ms]
2025-05-17 22:03:08.952 [info] > git status -z -uall [29ms]
2025-05-17 22:03:14.055 [info] > git config --get commit.template [2ms]
2025-05-17 22:03:14.070 [info] > git for-each-ref --format=%(refname)%00%(upstream:short)%00%(objectname)%00%(upstream:track)%00%(upstream:remotename)%00%(upstream:remoteref) refs/heads/main refs/remotes/main [2ms]
2025-05-17 22:03:14.098 [info] > git for-each-ref --sort -committerdate --format %(refname)%00%(objectname)%00%(*objectname) [2ms]
2025-05-17 22:03:14.125 [info] > git status -z -uall [42ms]
2025-05-17 22:03:19.257 [info] > git config --get commit.template [0ms]
2025-05-17 22:03:19.268 [info] > git for-each-ref --format=%(refname)%00%(upstream:short)%00%(objectname)%00%(upstream:track)%00%(upstream:remotename)%00%(upstream:remoteref) refs/heads/main refs/remotes/main [2ms]
2025-05-17 22:03:19.294 [info] > git for-each-ref --sort -committerdate --format %(refname)%00%(objectname)%00%(*objectname) [2ms]
2025-05-17 22:03:19.320 [info] > git status -z -uall [38ms]
2025-05-17 22:03:24.429 [info] > git config --get commit.template [9ms]
2025-05-17 22:03:24.429 [info] > git for-each-ref --format=%(refname)%00%(upstream:short)%00%(objectname)%00%(upstream:track)%00%(upstream:remotename)%00%(upstream:remoteref) refs/heads/main refs/remotes/main [1ms]
2025-05-17 22:03:24.445 [info] > git for-each-ref --sort -committerdate --format %(refname)%00%(objectname)%00%(*objectname) [2ms]
2025-05-17 22:03:24.463 [info] > git status -z -uall [27ms]
2025-05-17 22:03:29.586 [info] > git config --get commit.template [8ms]
2025-05-17 22:03:29.586 [info] > git for-each-ref --format=%(refname)%00%(upstream:short)%00%(objectname)%00%(upstream:track)%00%(upstream:remotename)%00%(upstream:remoteref) refs/heads/main refs/remotes/main [1ms]
2025-05-17 22:03:29.602 [info] > git for-each-ref --sort -committerdate --format %(refname)%00%(objectname)%00%(*objectname) [1ms]
2025-05-17 22:03:29.625 [info] > git status -z -uall [32ms]
2025-05-17 22:03:34.762 [info] > git config --get commit.template [7ms]
2025-05-17 22:03:34.762 [info] > git for-each-ref --format=%(refname)%00%(upstream:short)%00%(objectname)%00%(upstream:track)%00%(upstream:remotename)%00%(upstream:remoteref) refs/heads/main refs/remotes/main [1ms]
2025-05-17 22:03:34.776 [info] > git for-each-ref --sort -committerdate --format %(refname)%00%(objectname)%00%(*objectname) [2ms]
2025-05-17 22:03:34.793 [info] > git status -z -uall [24ms]
2025-05-17 22:03:39.878 [info] > git config --get commit.template [6ms]
2025-05-17 22:03:39.879 [info] > git for-each-ref --format=%(refname)%00%(upstream:short)%00%(objectname)%00%(upstream:track)%00%(upstream:remotename)%00%(upstream:remoteref) refs/heads/main refs/remotes/main [1ms]
2025-05-17 22:03:39.895 [info] > git for-each-ref --sort -committerdate --format %(refname)%00%(objectname)%00%(*objectname) [2ms]
2025-05-17 22:03:39.922 [info] > git status -z -uall [37ms]
2025-05-17 22:03:46.584 [info] > git config --get commit.template [2ms]
2025-05-17 22:03:46.593 [info] > git for-each-ref --format=%(refname)%00%(upstream:short)%00%(objectname)%00%(upstream:track)%00%(upstream:remotename)%00%(upstream:remoteref) refs/heads/main refs/remotes/main [1ms]
2025-05-17 22:03:46.615 [info] > git for-each-ref --sort -committerdate --format %(refname)%00%(objectname)%00%(*objectname) [2ms]
2025-05-17 22:03:46.633 [info] > git status -z -uall [29ms]
2025-05-17 22:03:51.747 [info] > git config --get commit.template [12ms]
2025-05-17 22:03:51.749 [info] > git for-each-ref --format=%(refname)%00%(upstream:short)%00%(objectname)%00%(upstream:track)%00%(upstream:remotename)%00%(upstream:remoteref) refs/heads/main refs/remotes/main [3ms]
2025-05-17 22:03:51.771 [info] > git for-each-ref --sort -committerdate --format %(refname)%00%(objectname)%00%(*objectname) [2ms]
2025-05-17 22:03:51.807 [info] > git status -z -uall [49ms]
2025-05-17 22:03:56.951 [info] > git config --get commit.template [2ms]
2025-05-17 22:03:56.963 [info] > git for-each-ref --format=%(refname)%00%(upstream:short)%00%(objectname)%00%(upstream:track)%00%(upstream:remotename)%00%(upstream:remoteref) refs/heads/main refs/remotes/main [3ms]
2025-05-17 22:03:56.995 [info] > git for-each-ref --sort -committerdate --format %(refname)%00%(objectname)%00%(*objectname) [5ms]
2025-05-17 22:03:57.019 [info] > git status -z -uall [44ms]
2025-05-17 22:04:06.886 [info] > git config --get commit.template [20ms]
2025-05-17 22:04:06.887 [info] > git for-each-ref --format=%(refname)%00%(upstream:short)%00%(objectname)%00%(upstream:track)%00%(upstream:remotename)%00%(upstream:remoteref) refs/heads/main refs/remotes/main [5ms]
2025-05-17 22:04:07.087 [info] > git status -z -uall [187ms]
2025-05-17 22:04:07.087 [info] > git for-each-ref --sort -committerdate --format %(refname)%00%(objectname)%00%(*objectname) [172ms]
2025-05-17 22:04:12.320 [info] > git config --get commit.template [10ms]
2025-05-17 22:04:12.322 [info] > git for-each-ref --format=%(refname)%00%(upstream:short)%00%(objectname)%00%(upstream:track)%00%(upstream:remotename)%00%(upstream:remoteref) refs/heads/main refs/remotes/main [3ms]
2025-05-17 22:04:12.343 [info] > git for-each-ref --sort -committerdate --format %(refname)%00%(objectname)%00%(*objectname) [1ms]
2025-05-17 22:04:12.366 [info] > git status -z -uall [36ms]
2025-05-17 22:04:17.494 [info] > git config --get commit.template [7ms]
2025-05-17 22:04:17.495 [info] > git for-each-ref --format=%(refname)%00%(upstream:short)%00%(objectname)%00%(upstream:track)%00%(upstream:remotename)%00%(upstream:remoteref) refs/heads/main refs/remotes/main [2ms]
2025-05-17 22:04:17.514 [info] > git for-each-ref --sort -committerdate --format %(refname)%00%(objectname)%00%(*objectname) [3ms]
2025-05-17 22:04:17.531 [info] > git status -z -uall [29ms]
2025-05-17 22:04:22.646 [info] > git config --get commit.template [11ms]
2025-05-17 22:04:22.646 [info] > git for-each-ref --format=%(refname)%00%(upstream:short)%00%(objectname)%00%(upstream:track)%00%(upstream:remotename)%00%(upstream:remoteref) refs/heads/main refs/remotes/main [1ms]
2025-05-17 22:04:22.665 [info] > git for-each-ref --sort -committerdate --format %(refname)%00%(objectname)%00%(*objectname) [4ms]
2025-05-17 22:04:22.679 [info] > git status -z -uall [26ms]
2025-05-17 22:04:29.345 [info] > git config --get commit.template [2ms]
2025-05-17 22:04:29.356 [info] > git for-each-ref --format=%(refname)%00%(upstream:short)%00%(objectname)%00%(upstream:track)%00%(upstream:remotename)%00%(upstream:remoteref) refs/heads/main refs/remotes/main [1ms]
2025-05-17 22:04:29.376 [info] > git for-each-ref --sort -committerdate --format %(refname)%00%(objectname)%00%(*objectname) [2ms]
2025-05-17 22:04:29.400 [info] > git status -z -uall [33ms]
2025-05-17 22:04:34.500 [info] > git config --get commit.template [8ms]
2025-05-17 22:04:34.501 [info] > git for-each-ref --format=%(refname)%00%(upstream:short)%00%(objectname)%00%(upstream:track)%00%(upstream:remotename)%00%(upstream:remoteref) refs/heads/main refs/remotes/main [2ms]
2025-05-17 22:04:34.533 [info] > git for-each-ref --sort -committerdate --format %(refname)%00%(objectname)%00%(*objectname) [15ms]
2025-05-17 22:04:34.574 [info] > git status -z -uall [65ms]
2025-05-17 22:04:39.691 [info] > git config --get commit.template [9ms]
2025-05-17 22:04:39.692 [info] > git for-each-ref --format=%(refname)%00%(upstream:short)%00%(objectname)%00%(upstream:track)%00%(upstream:remotename)%00%(upstream:remoteref) refs/heads/main refs/remotes/main [2ms]
2025-05-17 22:04:39.708 [info] > git for-each-ref --sort -committerdate --format %(refname)%00%(objectname)%00%(*objectname) [1ms]
2025-05-17 22:04:39.723 [info] > git status -z -uall [24ms]
2025-05-17 22:04:44.829 [info] > git config --get commit.template [7ms]
2025-05-17 22:04:44.830 [info] > git for-each-ref --format=%(refname)%00%(upstream:short)%00%(objectname)%00%(upstream:track)%00%(upstream:remotename)%00%(upstream:remoteref) refs/heads/main refs/remotes/main [2ms]
2025-05-17 22:04:44.858 [info] > git for-each-ref --sort -committerdate --format %(refname)%00%(objectname)%00%(*objectname) [5ms]
2025-05-17 22:04:44.894 [info] > git status -z -uall [54ms]
2025-05-17 22:04:51.050 [info] > git config --get commit.template [7ms]
2025-05-17 22:04:51.051 [info] > git for-each-ref --format=%(refname)%00%(upstream:short)%00%(objectname)%00%(upstream:track)%00%(upstream:remotename)%00%(upstream:remoteref) refs/heads/main refs/remotes/main [1ms]
2025-05-17 22:04:51.066 [info] > git for-each-ref --sort -committerdate --format %(refname)%00%(objectname)%00%(*objectname) [1ms]
2025-05-17 22:04:51.094 [info] > git status -z -uall [36ms]
2025-05-17 22:04:56.298 [info] > git config --get commit.template [7ms]
2025-05-17 22:04:56.299 [info] > git for-each-ref --format=%(refname)%00%(upstream:short)%00%(objectname)%00%(upstream:track)%00%(upstream:remotename)%00%(upstream:remoteref) refs/heads/main refs/remotes/main [1ms]
2025-05-17 22:04:56.313 [info] > git for-each-ref --sort -committerdate --format %(refname)%00%(objectname)%00%(*objectname) [2ms]
2025-05-17 22:04:56.330 [info] > git status -z -uall [25ms]
2025-05-17 22:05:01.423 [info] > git config --get commit.template [7ms]
2025-05-17 22:05:01.424 [info] > git for-each-ref --format=%(refname)%00%(upstream:short)%00%(objectname)%00%(upstream:track)%00%(upstream:remotename)%00%(upstream:remoteref) refs/heads/main refs/remotes/main [1ms]
2025-05-17 22:05:01.440 [info] > git for-each-ref --sort -committerdate --format %(refname)%00%(objectname)%00%(*objectname) [2ms]
2025-05-17 22:05:01.459 [info] > git status -z -uall [28ms]
2025-05-17 22:05:34.876 [info] > git config --get commit.template [14ms]
2025-05-17 22:05:34.879 [info] > git for-each-ref --format=%(refname)%00%(upstream:short)%00%(objectname)%00%(upstream:track)%00%(upstream:remotename)%00%(upstream:remoteref) refs/heads/main refs/remotes/main [7ms]
2025-05-17 22:05:34.907 [info] > git for-each-ref --sort -committerdate --format %(refname)%00%(objectname)%00%(*objectname) [4ms]
2025-05-17 22:05:35.056 [info] > git status -z -uall [166ms]
2025-05-17 22:05:40.652 [info] > git config --get commit.template [1ms]
2025-05-17 22:05:40.663 [info] > git for-each-ref --format=%(refname)%00%(upstream:short)%00%(objectname)%00%(upstream:track)%00%(upstream:remotename)%00%(upstream:remoteref) refs/heads/main refs/remotes/main [2ms]
2025-05-17 22:05:40.689 [info] > git for-each-ref --sort -committerdate --format %(refname)%00%(objectname)%00%(*objectname) [3ms]
2025-05-17 22:05:40.731 [info] > git status -z -uall [58ms]
2025-05-17 22:05:44.759 [info] > git show --textconv :rule10b.txt [8ms]
2025-05-17 22:05:44.762 [info] > git ls-files --stage -- rule10b.txt [5ms]
2025-05-17 22:05:44.770 [info] > git cat-file -s a89a8f551477b9bd3fa96d1d41dc5a6fb42f4444 [2ms]
2025-05-17 22:05:45.846 [info] > git config --get commit.template [6ms]
2025-05-17 22:05:45.847 [info] > git for-each-ref --format=%(refname)%00%(upstream:short)%00%(objectname)%00%(upstream:track)%00%(upstream:remotename)%00%(upstream:remoteref) refs/heads/main refs/remotes/main [1ms]
2025-05-17 22:05:45.867 [info] > git for-each-ref --sort -committerdate --format %(refname)%00%(objectname)%00%(*objectname) [1ms]
2025-05-17 22:05:45.907 [info] > git status -z -uall [52ms]
2025-05-17 22:05:47.517 [info] > git show --textconv :rule10c.txt [13ms]
2025-05-17 22:05:47.525 [info] > git ls-files --stage -- rule10c.txt [8ms]
2025-05-17 22:05:47.537 [info] > git cat-file -s 95cbc3805c0f61f5cabf5712b13d36e89e9c79de [2ms]
2025-05-17 22:05:48.484 [info] > git show --textconv :rule10a.txt [6ms]
2025-05-17 22:05:48.485 [info] > git ls-files --stage -- rule10a.txt [1ms]
2025-05-17 22:05:48.492 [info] > git cat-file -s df198195cabbfef33e6d43dc5eff435bedcf9637 [1ms]
2025-05-17 22:05:51.003 [info] > git config --get commit.template [7ms]
2025-05-17 22:05:51.004 [info] > git for-each-ref --format=%(refname)%00%(upstream:short)%00%(objectname)%00%(upstream:track)%00%(upstream:remotename)%00%(upstream:remoteref) refs/heads/main refs/remotes/main [1ms]
2025-05-17 22:05:51.018 [info] > git for-each-ref --sort -committerdate --format %(refname)%00%(objectname)%00%(*objectname) [2ms]
2025-05-17 22:05:51.044 [info] > git status -z -uall [34ms]
2025-05-17 22:05:56.150 [info] > git config --get commit.template [9ms]
2025-05-17 22:05:56.150 [info] > git for-each-ref --format=%(refname)%00%(upstream:short)%00%(objectname)%00%(upstream:track)%00%(upstream:remotename)%00%(upstream:remoteref) refs/heads/main refs/remotes/main [1ms]
2025-05-17 22:05:56.165 [info] > git for-each-ref --sort -committerdate --format %(refname)%00%(objectname)%00%(*objectname) [1ms]
2025-05-17 22:05:56.184 [info] > git status -z -uall [26ms]
2025-05-17 22:07:38.007 [info] > git config --get commit.template [15ms]
2025-05-17 22:07:38.013 [info] > git for-each-ref --format=%(refname)%00%(upstream:short)%00%(objectname)%00%(upstream:track)%00%(upstream:remotename)%00%(upstream:remoteref) refs/heads/main refs/remotes/main [8ms]
2025-05-17 22:07:38.035 [info] > git for-each-ref --sort -committerdate --format %(refname)%00%(objectname)%00%(*objectname) [4ms]
2025-05-17 22:07:38.167 [info] > git status -z -uall [147ms]
2025-05-17 22:07:43.516 [info] > git config --get commit.template [5ms]
2025-05-17 22:07:43.517 [info] > git for-each-ref --format=%(refname)%00%(upstream:short)%00%(objectname)%00%(upstream:track)%00%(upstream:remotename)%00%(upstream:remoteref) refs/heads/main refs/remotes/main [1ms]
2025-05-17 22:07:43.530 [info] > git for-each-ref --sort -committerdate --format %(refname)%00%(objectname)%00%(*objectname) [2ms]
2025-05-17 22:07:43.566 [info] > git status -z -uall [44ms]
2025-05-17 22:07:48.658 [info] > git config --get commit.template [7ms]
2025-05-17 22:07:48.658 [info] > git for-each-ref --format=%(refname)%00%(upstream:short)%00%(objectname)%00%(upstream:track)%00%(upstream:remotename)%00%(upstream:remoteref) refs/heads/main refs/remotes/main [1ms]
2025-05-17 22:07:48.672 [info] > git for-each-ref --sort -committerdate --format %(refname)%00%(objectname)%00%(*objectname) [2ms]
2025-05-17 22:07:48.688 [info] > git status -z -uall [24ms]
2025-05-17 22:07:53.793 [info] > git config --get commit.template [14ms]
2025-05-17 22:07:53.795 [info] > git for-each-ref --format=%(refname)%00%(upstream:short)%00%(objectname)%00%(upstream:track)%00%(upstream:remotename)%00%(upstream:remoteref) refs/heads/main refs/remotes/main [4ms]
2025-05-17 22:07:53.819 [info] > git for-each-ref --sort -committerdate --format %(refname)%00%(objectname)%00%(*objectname) [1ms]
2025-05-17 22:07:53.836 [info] > git status -z -uall [26ms]
2025-05-17 22:08:20.105 [info] > git config --get commit.template [7ms]
2025-05-17 22:08:20.106 [info] > git for-each-ref --format=%(refname)%00%(upstream:short)%00%(objectname)%00%(upstream:track)%00%(upstream:remotename)%00%(upstream:remoteref) refs/heads/main refs/remotes/main [2ms]
2025-05-17 22:08:20.122 [info] > git for-each-ref --sort -committerdate --format %(refname)%00%(objectname)%00%(*objectname) [1ms]
2025-05-17 22:08:20.149 [info] > git status -z -uall [35ms]
2025-05-17 22:08:25.250 [info] > git config --get commit.template [16ms]
2025-05-17 22:08:25.253 [info] > git for-each-ref --format=%(refname)%00%(upstream:short)%00%(objectname)%00%(upstream:track)%00%(upstream:remotename)%00%(upstream:remoteref) refs/heads/main refs/remotes/main [5ms]
2025-05-17 22:08:25.282 [info] > git for-each-ref --sort -committerdate --format %(refname)%00%(objectname)%00%(*objectname) [3ms]
2025-05-17 22:08:25.304 [info] > git status -z -uall [37ms]
2025-05-17 22:08:30.424 [info] > git config --get commit.template [15ms]
2025-05-17 22:08:30.427 [info] > git for-each-ref --format=%(refname)%00%(upstream:short)%00%(objectname)%00%(upstream:track)%00%(upstream:remotename)%00%(upstream:remoteref) refs/heads/main refs/remotes/main [5ms]
2025-05-17 22:08:30.453 [info] > git for-each-ref --sort -committerdate --format %(refname)%00%(objectname)%00%(*objectname) [2ms]
2025-05-17 22:08:30.481 [info] > git status -z -uall [40ms]
2025-05-17 22:08:35.577 [info] > git config --get commit.template [5ms]
2025-05-17 22:08:35.578 [info] > git for-each-ref --format=%(refname)%00%(upstream:short)%00%(objectname)%00%(upstream:track)%00%(upstream:remotename)%00%(upstream:remoteref) refs/heads/main refs/remotes/main [1ms]
2025-05-17 22:08:35.588 [info] > git for-each-ref --sort -committerdate --format %(refname)%00%(objectname)%00%(*objectname) [1ms]
2025-05-17 22:08:35.602 [info] > git status -z -uall [19ms]
2025-05-17 22:08:40.692 [info] > git config --get commit.template [5ms]
2025-05-17 22:08:40.693 [info] > git for-each-ref --format=%(refname)%00%(upstream:short)%00%(objectname)%00%(upstream:track)%00%(upstream:remotename)%00%(upstream:remoteref) refs/heads/main refs/remotes/main [1ms]
2025-05-17 22:08:40.704 [info] > git for-each-ref --sort -committerdate --format %(refname)%00%(objectname)%00%(*objectname) [1ms]
2025-05-17 22:08:40.719 [info] > git status -z -uall [21ms]
2025-05-17 22:10:02.016 [info] > git config --get commit.template [11ms]
2025-05-17 22:10:02.017 [info] > git for-each-ref --format=%(refname)%00%(upstream:short)%00%(objectname)%00%(upstream:track)%00%(upstream:remotename)%00%(upstream:remoteref) refs/heads/main refs/remotes/main [2ms]
2025-05-17 22:10:02.039 [info] > git for-each-ref --sort -committerdate --format %(refname)%00%(objectname)%00%(*objectname) [3ms]
2025-05-17 22:10:02.062 [info] > git status -z -uall [34ms]
2025-05-17 22:10:03.841 [info] > git show --textconv :part1_EL.y [7ms]
2025-05-17 22:10:03.842 [info] > git ls-files --stage -- part1_EL.y [2ms]
2025-05-17 22:10:03.849 [info] > git cat-file -s b2b138e7a6cdc26e9a7fa094ab95e276cef56714 [2ms]
2025-05-17 22:10:07.179 [info] > git config --get commit.template [5ms]
2025-05-17 22:10:07.180 [info] > git for-each-ref --format=%(refname)%00%(upstream:short)%00%(objectname)%00%(upstream:track)%00%(upstream:remotename)%00%(upstream:remoteref) refs/heads/main refs/remotes/main [1ms]
2025-05-17 22:10:07.190 [info] > git for-each-ref --sort -committerdate --format %(refname)%00%(objectname)%00%(*objectname) [1ms]
2025-05-17 22:10:07.206 [info] > git status -z -uall [22ms]
2025-05-17 22:10:12.284 [info] > git config --get commit.template [5ms]
2025-05-17 22:10:12.285 [info] > git for-each-ref --format=%(refname)%00%(upstream:short)%00%(objectname)%00%(upstream:track)%00%(upstream:remotename)%00%(upstream:remoteref) refs/heads/main refs/remotes/main [1ms]
2025-05-17 22:10:12.299 [info] > git for-each-ref --sort -committerdate --format %(refname)%00%(objectname)%00%(*objectname) [2ms]
2025-05-17 22:10:12.316 [info] > git status -z -uall [26ms]
2025-05-17 22:10:17.397 [info] > git config --get commit.template [5ms]
2025-05-17 22:10:17.398 [info] > git for-each-ref --format=%(refname)%00%(upstream:short)%00%(objectname)%00%(upstream:track)%00%(upstream:remotename)%00%(upstream:remoteref) refs/heads/main refs/remotes/main [1ms]
2025-05-17 22:10:17.409 [info] > git for-each-ref --sort -committerdate --format %(refname)%00%(objectname)%00%(*objectname) [2ms]
2025-05-17 22:10:17.421 [info] > git status -z -uall [18ms]
2025-05-17 22:10:22.501 [info] > git config --get commit.template [6ms]
2025-05-17 22:10:22.502 [info] > git for-each-ref --format=%(refname)%00%(upstream:short)%00%(objectname)%00%(upstream:track)%00%(upstream:remotename)%00%(upstream:remoteref) refs/heads/main refs/remotes/main [1ms]
2025-05-17 22:10:22.514 [info] > git for-each-ref --sort -committerdate --format %(refname)%00%(objectname)%00%(*objectname) [1ms]
2025-05-17 22:10:22.526 [info] > git status -z -uall [18ms]
2025-05-17 22:10:28.096 [info] > git config --get commit.template [8ms]
2025-05-17 22:10:28.097 [info] > git for-each-ref --format=%(refname)%00%(upstream:short)%00%(objectname)%00%(upstream:track)%00%(upstream:remotename)%00%(upstream:remoteref) refs/heads/main refs/remotes/main [2ms]
2025-05-17 22:10:28.111 [info] > git for-each-ref --sort -committerdate --format %(refname)%00%(objectname)%00%(*objectname) [2ms]
2025-05-17 22:10:28.128 [info] > git status -z -uall [25ms]
2025-05-17 22:10:33.240 [info] > git config --get commit.template [16ms]
2025-05-17 22:10:33.240 [info] > git for-each-ref --format=%(refname)%00%(upstream:short)%00%(objectname)%00%(upstream:track)%00%(upstream:remotename)%00%(upstream:remoteref) refs/heads/main refs/remotes/main [2ms]
2025-05-17 22:10:33.267 [info] > git for-each-ref --sort -committerdate --format %(refname)%00%(objectname)%00%(*objectname) [5ms]
2025-05-17 22:10:33.274 [info] > git status -z -uall [22ms]
2025-05-17 22:10:38.356 [info] > git config --get commit.template [4ms]
2025-05-17 22:10:38.357 [info] > git for-each-ref --format=%(refname)%00%(upstream:short)%00%(objectname)%00%(upstream:track)%00%(upstream:remotename)%00%(upstream:remoteref) refs/heads/main refs/remotes/main [1ms]
2025-05-17 22:10:38.367 [info] > git for-each-ref --sort -committerdate --format %(refname)%00%(objectname)%00%(*objectname) [2ms]
2025-05-17 22:10:38.384 [info] > git status -z -uall [23ms]
2025-05-17 22:10:43.492 [info] > git config --get commit.template [22ms]
2025-05-17 22:10:43.495 [info] > git for-each-ref --format=%(refname)%00%(upstream:short)%00%(objectname)%00%(upstream:track)%00%(upstream:remotename)%00%(upstream:remoteref) refs/heads/main refs/remotes/main [3ms]
2025-05-17 22:10:43.527 [info] > git for-each-ref --sort -committerdate --format %(refname)%00%(objectname)%00%(*objectname) [4ms]
2025-05-17 22:10:43.561 [info] > git status -z -uall [50ms]
2025-05-17 22:10:48.650 [info] > git config --get commit.template [7ms]
2025-05-17 22:10:48.651 [info] > git for-each-ref --format=%(refname)%00%(upstream:short)%00%(objectname)%00%(upstream:track)%00%(upstream:remotename)%00%(upstream:remoteref) refs/heads/main refs/remotes/main [2ms]
2025-05-17 22:10:48.665 [info] > git for-each-ref --sort -committerdate --format %(refname)%00%(objectname)%00%(*objectname) [2ms]
2025-05-17 22:10:48.678 [info] > git status -z -uall [21ms]
2025-05-17 22:10:53.786 [info] > git config --get commit.template [15ms]
2025-05-17 22:10:53.787 [info] > git for-each-ref --format=%(refname)%00%(upstream:short)%00%(objectname)%00%(upstream:track)%00%(upstream:remotename)%00%(upstream:remoteref) refs/heads/main refs/remotes/main [2ms]
2025-05-17 22:10:53.801 [info] > git for-each-ref --sort -committerdate --format %(refname)%00%(objectname)%00%(*objectname) [1ms]
2025-05-17 22:10:53.815 [info] > git status -z -uall [21ms]
2025-05-17 22:10:58.950 [info] > git config --get commit.template [5ms]
2025-05-17 22:10:58.951 [info] > git for-each-ref --format=%(refname)%00%(upstream:short)%00%(objectname)%00%(upstream:track)%00%(upstream:remotename)%00%(upstream:remoteref) refs/heads/main refs/remotes/main [1ms]
2025-05-17 22:10:58.962 [info] > git for-each-ref --sort -committerdate --format %(refname)%00%(objectname)%00%(*objectname) [2ms]
2025-05-17 22:10:58.976 [info] > git status -z -uall [21ms]
2025-05-17 22:11:04.062 [info] > git config --get commit.template [6ms]
2025-05-17 22:11:04.063 [info] > git for-each-ref --format=%(refname)%00%(upstream:short)%00%(objectname)%00%(upstream:track)%00%(upstream:remotename)%00%(upstream:remoteref) refs/heads/main refs/remotes/main [1ms]
2025-05-17 22:11:04.075 [info] > git for-each-ref --sort -committerdate --format %(refname)%00%(objectname)%00%(*objectname) [2ms]
2025-05-17 22:11:04.091 [info] > git status -z -uall [23ms]
2025-05-17 22:11:09.168 [info] > git config --get commit.template [5ms]
2025-05-17 22:11:09.168 [info] > git for-each-ref --format=%(refname)%00%(upstream:short)%00%(objectname)%00%(upstream:track)%00%(upstream:remotename)%00%(upstream:remoteref) refs/heads/main refs/remotes/main [1ms]
2025-05-17 22:11:09.181 [info] > git for-each-ref --sort -committerdate --format %(refname)%00%(objectname)%00%(*objectname) [1ms]
2025-05-17 22:11:09.197 [info] > git status -z -uall [23ms]
2025-05-17 22:11:14.284 [info] > git config --get commit.template [7ms]
2025-05-17 22:11:14.285 [info] > git for-each-ref --format=%(refname)%00%(upstream:short)%00%(objectname)%00%(upstream:track)%00%(upstream:remotename)%00%(upstream:remoteref) refs/heads/main refs/remotes/main [1ms]
2025-05-17 22:11:14.301 [info] > git for-each-ref --sort -committerdate --format %(refname)%00%(objectname)%00%(*objectname) [2ms]
2025-05-17 22:11:14.316 [info] > git status -z -uall [23ms]
2025-05-17 22:11:19.412 [info] > git config --get commit.template [15ms]
2025-05-17 22:11:19.414 [info] > git for-each-ref --format=%(refname)%00%(upstream:short)%00%(objectname)%00%(upstream:track)%00%(upstream:remotename)%00%(upstream:remoteref) refs/heads/main refs/remotes/main [3ms]
2025-05-17 22:11:19.445 [info] > git for-each-ref --sort -committerdate --format %(refname)%00%(objectname)%00%(*objectname) [3ms]
2025-05-17 22:11:19.478 [info] > git status -z -uall [50ms]
2025-05-17 22:11:26.064 [info] > git config --get commit.template [8ms]
2025-05-17 22:11:26.065 [info] > git for-each-ref --format=%(refname)%00%(upstream:short)%00%(objectname)%00%(upstream:track)%00%(upstream:remotename)%00%(upstream:remoteref) refs/heads/main refs/remotes/main [1ms]
2025-05-17 22:11:26.078 [info] > git for-each-ref --sort -committerdate --format %(refname)%00%(objectname)%00%(*objectname) [2ms]
2025-05-17 22:11:26.091 [info] > git status -z -uall [20ms]
2025-05-17 22:11:31.189 [info] > git config --get commit.template [5ms]
2025-05-17 22:11:31.190 [info] > git for-each-ref --format=%(refname)%00%(upstream:short)%00%(objectname)%00%(upstream:track)%00%(upstream:remotename)%00%(upstream:remoteref) refs/heads/main refs/remotes/main [1ms]
2025-05-17 22:11:31.203 [info] > git for-each-ref --sort -committerdate --format %(refname)%00%(objectname)%00%(*objectname) [2ms]
2025-05-17 22:11:31.215 [info] > git status -z -uall [18ms]
2025-05-17 22:11:37.060 [info] > git config --get commit.template [1ms]
2025-05-17 22:11:37.065 [info] > git for-each-ref --format=%(refname)%00%(upstream:short)%00%(objectname)%00%(upstream:track)%00%(upstream:remotename)%00%(upstream:remoteref) refs/heads/main refs/remotes/main [1ms]
2025-05-17 22:11:37.076 [info] > git for-each-ref --sort -committerdate --format %(refname)%00%(objectname)%00%(*objectname) [2ms]
2025-05-17 22:11:37.093 [info] > git status -z -uall [23ms]
2025-05-17 22:11:42.177 [info] > git config --get commit.template [6ms]
2025-05-17 22:11:42.177 [info] > git for-each-ref --format=%(refname)%00%(upstream:short)%00%(objectname)%00%(upstream:track)%00%(upstream:remotename)%00%(upstream:remoteref) refs/heads/main refs/remotes/main [1ms]
2025-05-17 22:11:42.191 [info] > git for-each-ref --sort -committerdate --format %(refname)%00%(objectname)%00%(*objectname) [1ms]
2025-05-17 22:11:42.208 [info] > git status -z -uall [24ms]
2025-05-17 22:11:47.401 [info] > git config --get commit.template [5ms]
2025-05-17 22:11:47.402 [info] > git for-each-ref --format=%(refname)%00%(upstream:short)%00%(objectname)%00%(upstream:track)%00%(upstream:remotename)%00%(upstream:remoteref) refs/heads/main refs/remotes/main [1ms]
2025-05-17 22:11:47.412 [info] > git for-each-ref --sort -committerdate --format %(refname)%00%(objectname)%00%(*objectname) [1ms]
2025-05-17 22:11:47.424 [info] > git status -z -uall [17ms]
2025-05-17 22:11:52.511 [info] > git config --get commit.template [9ms]
2025-05-17 22:11:52.512 [info] > git for-each-ref --format=%(refname)%00%(upstream:short)%00%(objectname)%00%(upstream:track)%00%(upstream:remotename)%00%(upstream:remoteref) refs/heads/main refs/remotes/main [2ms]
2025-05-17 22:11:52.526 [info] > git for-each-ref --sort -committerdate --format %(refname)%00%(objectname)%00%(*objectname) [2ms]
2025-05-17 22:11:52.538 [info] > git status -z -uall [20ms]
2025-05-17 22:11:57.615 [info] > git config --get commit.template [3ms]
2025-05-17 22:11:57.622 [info] > git for-each-ref --format=%(refname)%00%(upstream:short)%00%(objectname)%00%(upstream:track)%00%(upstream:remotename)%00%(upstream:remoteref) refs/heads/main refs/remotes/main [1ms]
2025-05-17 22:11:57.637 [info] > git for-each-ref --sort -committerdate --format %(refname)%00%(objectname)%00%(*objectname) [2ms]
2025-05-17 22:11:57.653 [info] > git status -z -uall [24ms]
2025-05-17 22:12:02.791 [info] > git config --get commit.template [4ms]
2025-05-17 22:12:02.791 [info] > git for-each-ref --format=%(refname)%00%(upstream:short)%00%(objectname)%00%(upstream:track)%00%(upstream:remotename)%00%(upstream:remoteref) refs/heads/main refs/remotes/main [1ms]
2025-05-17 22:12:02.802 [info] > git for-each-ref --sort -committerdate --format %(refname)%00%(objectname)%00%(*objectname) [1ms]
2025-05-17 22:12:02.817 [info] > git status -z -uall [21ms]
2025-05-17 22:12:07.896 [info] > git config --get commit.template [5ms]
2025-05-17 22:12:07.897 [info] > git for-each-ref --format=%(refname)%00%(upstream:short)%00%(objectname)%00%(upstream:track)%00%(upstream:remotename)%00%(upstream:remoteref) refs/heads/main refs/remotes/main [1ms]
2025-05-17 22:12:07.908 [info] > git for-each-ref --sort -committerdate --format %(refname)%00%(objectname)%00%(*objectname) [2ms]
2025-05-17 22:12:07.921 [info] > git status -z -uall [19ms]
2025-05-17 22:12:12.995 [info] > git config --get commit.template [6ms]
2025-05-17 22:12:12.996 [info] > git for-each-ref --format=%(refname)%00%(upstream:short)%00%(objectname)%00%(upstream:track)%00%(upstream:remotename)%00%(upstream:remoteref) refs/heads/main refs/remotes/main [2ms]
2025-05-17 22:12:13.008 [info] > git for-each-ref --sort -committerdate --format %(refname)%00%(objectname)%00%(*objectname) [1ms]
2025-05-17 22:12:13.021 [info] > git status -z -uall [19ms]
2025-05-17 22:12:14.184 [info] > git show --textconv :rule9a.txt [11ms]
2025-05-17 22:12:14.186 [info] > git ls-files --stage -- rule9a.txt [3ms]
2025-05-17 22:12:14.192 [info] > git cat-file -s 7e5d7c0249fa48cc6a8c5abb511bd54008d7241d [1ms]
2025-05-17 22:12:18.112 [info] > git config --get commit.template [6ms]
2025-05-17 22:12:18.112 [info] > git for-each-ref --format=%(refname)%00%(upstream:short)%00%(objectname)%00%(upstream:track)%00%(upstream:remotename)%00%(upstream:remoteref) refs/heads/main refs/remotes/main [1ms]
2025-05-17 22:12:18.125 [info] > git for-each-ref --sort -committerdate --format %(refname)%00%(objectname)%00%(*objectname) [2ms]
2025-05-17 22:12:18.142 [info] > git status -z -uall [24ms]
2025-05-17 22:12:23.253 [info] > git config --get commit.template [15ms]
2025-05-17 22:12:23.257 [info] > git for-each-ref --format=%(refname)%00%(upstream:short)%00%(objectname)%00%(upstream:track)%00%(upstream:remotename)%00%(upstream:remoteref) refs/heads/main refs/remotes/main [4ms]
2025-05-17 22:12:23.275 [info] > git for-each-ref --sort -committerdate --format %(refname)%00%(objectname)%00%(*objectname) [2ms]
2025-05-17 22:12:23.289 [info] > git status -z -uall [20ms]
2025-05-17 22:12:28.386 [info] > git config --get commit.template [15ms]
2025-05-17 22:12:28.388 [info] > git for-each-ref --format=%(refname)%00%(upstream:short)%00%(objectname)%00%(upstream:track)%00%(upstream:remotename)%00%(upstream:remoteref) refs/heads/main refs/remotes/main [3ms]
2025-05-17 22:12:28.415 [info] > git for-each-ref --sort -committerdate --format %(refname)%00%(objectname)%00%(*objectname) [3ms]
2025-05-17 22:12:28.434 [info] > git status -z -uall [31ms]
2025-05-17 22:12:33.522 [info] > git config --get commit.template [5ms]
2025-05-17 22:12:33.523 [info] > git for-each-ref --format=%(refname)%00%(upstream:short)%00%(objectname)%00%(upstream:track)%00%(upstream:remotename)%00%(upstream:remoteref) refs/heads/main refs/remotes/main [2ms]
2025-05-17 22:12:33.533 [info] > git for-each-ref --sort -committerdate --format %(refname)%00%(objectname)%00%(*objectname) [2ms]
2025-05-17 22:12:33.545 [info] > git status -z -uall [18ms]
2025-05-17 22:12:38.659 [info] > git config --get commit.template [28ms]
2025-05-17 22:12:38.661 [info] > git for-each-ref --format=%(refname)%00%(upstream:short)%00%(objectname)%00%(upstream:track)%00%(upstream:remotename)%00%(upstream:remoteref) refs/heads/main refs/remotes/main [4ms]
2025-05-17 22:12:38.687 [info] > git for-each-ref --sort -committerdate --format %(refname)%00%(objectname)%00%(*objectname) [3ms]
2025-05-17 22:12:38.699 [info] > git status -z -uall [22ms]
2025-05-17 22:12:43.804 [info] > git config --get commit.template [15ms]
2025-05-17 22:12:43.806 [info] > git for-each-ref --format=%(refname)%00%(upstream:short)%00%(objectname)%00%(upstream:track)%00%(upstream:remotename)%00%(upstream:remoteref) refs/heads/main refs/remotes/main [4ms]
2025-05-17 22:12:43.838 [info] > git for-each-ref --sort -committerdate --format %(refname)%00%(objectname)%00%(*objectname) [4ms]
2025-05-17 22:12:43.863 [info] > git status -z -uall [43ms]
2025-05-17 22:12:47.993 [info] > git show --textconv :rule10a.txt [14ms]
2025-05-17 22:12:47.994 [info] > git ls-files --stage -- rule10a.txt [3ms]
2025-05-17 22:12:48.006 [info] > git cat-file -s df198195cabbfef33e6d43dc5eff435bedcf9637 [3ms]
2025-05-17 22:12:48.955 [info] > git config --get commit.template [5ms]
2025-05-17 22:12:48.955 [info] > git for-each-ref --format=%(refname)%00%(upstream:short)%00%(objectname)%00%(upstream:track)%00%(upstream:remotename)%00%(upstream:remoteref) refs/heads/main refs/remotes/main [1ms]
2025-05-17 22:12:48.967 [info] > git for-each-ref --sort -committerdate --format %(refname)%00%(objectname)%00%(*objectname) [2ms]
2025-05-17 22:12:48.981 [info] > git status -z -uall [20ms]
2025-05-17 22:12:53.437 [info] > git show --textconv :rule10b.txt [14ms]
2025-05-17 22:12:53.440 [info] > git ls-files --stage -- rule10b.txt [5ms]
2025-05-17 22:12:53.456 [info] > git cat-file -s a89a8f551477b9bd3fa96d1d41dc5a6fb42f4444 [3ms]
2025-05-17 22:12:54.064 [info] > git config --get commit.template [6ms]
2025-05-17 22:12:54.064 [info] > git for-each-ref --format=%(refname)%00%(upstream:short)%00%(objectname)%00%(upstream:track)%00%(upstream:remotename)%00%(upstream:remoteref) refs/heads/main refs/remotes/main [1ms]
2025-05-17 22:12:54.078 [info] > git for-each-ref --sort -committerdate --format %(refname)%00%(objectname)%00%(*objectname) [4ms]
2025-05-17 22:12:54.088 [info] > git status -z -uall [19ms]
2025-05-17 22:12:54.712 [info] > git show --textconv :rule10a.txt [8ms]
2025-05-17 22:12:54.713 [info] > git ls-files --stage -- rule10a.txt [2ms]
2025-05-17 22:12:54.721 [info] > git cat-file -s df198195cabbfef33e6d43dc5eff435bedcf9637 [2ms]
2025-05-17 22:12:59.183 [info] > git config --get commit.template [4ms]
2025-05-17 22:12:59.196 [info] > git for-each-ref --format=%(refname)%00%(upstream:short)%00%(objectname)%00%(upstream:track)%00%(upstream:remotename)%00%(upstream:remoteref) refs/heads/main refs/remotes/main [2ms]
2025-05-17 22:12:59.217 [info] > git for-each-ref --sort -committerdate --format %(refname)%00%(objectname)%00%(*objectname) [2ms]
2025-05-17 22:12:59.229 [info] > git status -z -uall [23ms]
2025-05-17 22:13:04.313 [info] > git config --get commit.template [6ms]
2025-05-17 22:13:04.314 [info] > git for-each-ref --format=%(refname)%00%(upstream:short)%00%(objectname)%00%(upstream:track)%00%(upstream:remotename)%00%(upstream:remoteref) refs/heads/main refs/remotes/main [2ms]
2025-05-17 22:13:04.325 [info] > git for-each-ref --sort -committerdate --format %(refname)%00%(objectname)%00%(*objectname) [2ms]
2025-05-17 22:13:04.339 [info] > git status -z -uall [20ms]
2025-05-17 22:13:09.449 [info] > git config --get commit.template [15ms]
2025-05-17 22:13:09.452 [info] > git for-each-ref --format=%(refname)%00%(upstream:short)%00%(objectname)%00%(upstream:track)%00%(upstream:remotename)%00%(upstream:remoteref) refs/heads/main refs/remotes/main [3ms]
2025-05-17 22:13:09.486 [info] > git for-each-ref --sort -committerdate --format %(refname)%00%(objectname)%00%(*objectname) [3ms]
2025-05-17 22:13:09.500 [info] > git status -z -uall [32ms]
2025-05-17 22:13:14.588 [info] > git config --get commit.template [8ms]
2025-05-17 22:13:14.588 [info] > git for-each-ref --format=%(refname)%00%(upstream:short)%00%(objectname)%00%(upstream:track)%00%(upstream:remotename)%00%(upstream:remoteref) refs/heads/main refs/remotes/main [1ms]
2025-05-17 22:13:14.602 [info] > git for-each-ref --sort -committerdate --format %(refname)%00%(objectname)%00%(*objectname) [2ms]
2025-05-17 22:13:14.614 [info] > git status -z -uall [19ms]
2025-05-17 22:13:20.200 [info] > git config --get commit.template [4ms]
2025-05-17 22:13:20.217 [info] > git for-each-ref --format=%(refname)%00%(upstream:short)%00%(objectname)%00%(upstream:track)%00%(upstream:remotename)%00%(upstream:remoteref) refs/heads/main refs/remotes/main [4ms]
2025-05-17 22:13:20.251 [info] > git for-each-ref --sort -committerdate --format %(refname)%00%(objectname)%00%(*objectname) [4ms]
2025-05-17 22:13:20.272 [info] > git status -z -uall [40ms]
2025-05-17 22:13:25.452 [info] > git config --get commit.template [16ms]
2025-05-17 22:13:25.454 [info] > git for-each-ref --format=%(refname)%00%(upstream:short)%00%(objectname)%00%(upstream:track)%00%(upstream:remotename)%00%(upstream:remoteref) refs/heads/main refs/remotes/main [4ms]
2025-05-17 22:13:25.482 [info] > git for-each-ref --sort -committerdate --format %(refname)%00%(objectname)%00%(*objectname) [2ms]
2025-05-17 22:13:25.495 [info] > git status -z -uall [24ms]
2025-05-17 22:13:30.568 [info] > git config --get commit.template [5ms]
2025-05-17 22:13:30.569 [info] > git for-each-ref --format=%(refname)%00%(upstream:short)%00%(objectname)%00%(upstream:track)%00%(upstream:remotename)%00%(upstream:remoteref) refs/heads/main refs/remotes/main [1ms]
2025-05-17 22:13:30.580 [info] > git for-each-ref --sort -committerdate --format %(refname)%00%(objectname)%00%(*objectname) [1ms]
2025-05-17 22:13:30.591 [info] > git status -z -uall [17ms]
2025-05-17 22:13:35.670 [info] > git config --get commit.template [5ms]
2025-05-17 22:13:35.671 [info] > git for-each-ref --format=%(refname)%00%(upstream:short)%00%(objectname)%00%(upstream:track)%00%(upstream:remotename)%00%(upstream:remoteref) refs/heads/main refs/remotes/main [1ms]
2025-05-17 22:13:35.681 [info] > git for-each-ref --sort -committerdate --format %(refname)%00%(objectname)%00%(*objectname) [1ms]
2025-05-17 22:13:35.692 [info] > git status -z -uall [17ms]
2025-05-17 22:13:40.779 [info] > git config --get commit.template [7ms]
2025-05-17 22:13:40.779 [info] > git for-each-ref --format=%(refname)%00%(upstream:short)%00%(objectname)%00%(upstream:track)%00%(upstream:remotename)%00%(upstream:remoteref) refs/heads/main refs/remotes/main [1ms]
2025-05-17 22:13:40.792 [info] > git for-each-ref --sort -committerdate --format %(refname)%00%(objectname)%00%(*objectname) [2ms]
2025-05-17 22:13:40.804 [info] > git status -z -uall [19ms]
2025-05-17 22:13:47.398 [info] > git config --get commit.template [15ms]
2025-05-17 22:13:47.398 [info] > git for-each-ref --format=%(refname)%00%(upstream:short)%00%(objectname)%00%(upstream:track)%00%(upstream:remotename)%00%(upstream:remoteref) refs/heads/main refs/remotes/main [1ms]
2025-05-17 22:13:47.412 [info] > git for-each-ref --sort -committerdate --format %(refname)%00%(objectname)%00%(*objectname) [1ms]
2025-05-17 22:13:47.428 [info] > git status -z -uall [23ms]
2025-05-17 22:13:52.533 [info] > git config --get commit.template [15ms]
2025-05-17 22:13:52.536 [info] > git for-each-ref --format=%(refname)%00%(upstream:short)%00%(objectname)%00%(upstream:track)%00%(upstream:remotename)%00%(upstream:remoteref) refs/heads/main refs/remotes/main [4ms]
2025-05-17 22:13:52.567 [info] > git for-each-ref --sort -committerdate --format %(refname)%00%(objectname)%00%(*objectname) [4ms]
2025-05-17 22:13:52.591 [info] > git status -z -uall [41ms]
2025-05-17 22:13:57.693 [info] > git config --get commit.template [6ms]
2025-05-17 22:13:57.693 [info] > git for-each-ref --format=%(refname)%00%(upstream:short)%00%(objectname)%00%(upstream:track)%00%(upstream:remotename)%00%(upstream:remoteref) refs/heads/main refs/remotes/main [1ms]
2025-05-17 22:13:57.705 [info] > git for-each-ref --sort -committerdate --format %(refname)%00%(objectname)%00%(*objectname) [2ms]
2025-05-17 22:13:57.716 [info] > git status -z -uall [17ms]
2025-05-17 22:14:02.796 [info] > git config --get commit.template [5ms]
2025-05-17 22:14:02.797 [info] > git for-each-ref --format=%(refname)%00%(upstream:short)%00%(objectname)%00%(upstream:track)%00%(upstream:remotename)%00%(upstream:remoteref) refs/heads/main refs/remotes/main [1ms]
2025-05-17 22:14:02.807 [info] > git for-each-ref --sort -committerdate --format %(refname)%00%(objectname)%00%(*objectname) [1ms]
2025-05-17 22:14:02.819 [info] > git status -z -uall [17ms]
2025-05-17 22:14:07.907 [info] > git config --get commit.template [6ms]
2025-05-17 22:14:07.908 [info] > git for-each-ref --format=%(refname)%00%(upstream:short)%00%(objectname)%00%(upstream:track)%00%(upstream:remotename)%00%(upstream:remoteref) refs/heads/main refs/remotes/main [1ms]
2025-05-17 22:14:07.922 [info] > git for-each-ref --sort -committerdate --format %(refname)%00%(objectname)%00%(*objectname) [1ms]
2025-05-17 22:14:07.935 [info] > git status -z -uall [20ms]
2025-05-17 22:14:13.021 [info] > git config --get commit.template [5ms]
2025-05-17 22:14:13.021 [info] > git for-each-ref --format=%(refname)%00%(upstream:short)%00%(objectname)%00%(upstream:track)%00%(upstream:remotename)%00%(upstream:remoteref) refs/heads/main refs/remotes/main [1ms]
2025-05-17 22:14:13.031 [info] > git for-each-ref --sort -committerdate --format %(refname)%00%(objectname)%00%(*objectname) [1ms]
2025-05-17 22:14:13.042 [info] > git status -z -uall [16ms]
2025-05-17 22:14:18.124 [info] > git config --get commit.template [6ms]
2025-05-17 22:14:18.125 [info] > git for-each-ref --format=%(refname)%00%(upstream:short)%00%(objectname)%00%(upstream:track)%00%(upstream:remotename)%00%(upstream:remoteref) refs/heads/main refs/remotes/main [1ms]
2025-05-17 22:14:18.138 [info] > git for-each-ref --sort -committerdate --format %(refname)%00%(objectname)%00%(*objectname) [1ms]
2025-05-17 22:14:18.151 [info] > git status -z -uall [20ms]
2025-05-17 22:14:25.780 [info] > git config --get commit.template [18ms]
2025-05-17 22:14:25.782 [info] > git for-each-ref --format=%(refname)%00%(upstream:short)%00%(objectname)%00%(upstream:track)%00%(upstream:remotename)%00%(upstream:remoteref) refs/heads/main refs/remotes/main [3ms]
2025-05-17 22:14:25.813 [info] > git for-each-ref --sort -committerdate --format %(refname)%00%(objectname)%00%(*objectname) [4ms]
2025-05-17 22:14:25.846 [info] > git status -z -uall [49ms]
2025-05-17 22:14:30.936 [info] > git config --get commit.template [6ms]
2025-05-17 22:14:30.937 [info] > git for-each-ref --format=%(refname)%00%(upstream:short)%00%(objectname)%00%(upstream:track)%00%(upstream:remotename)%00%(upstream:remoteref) refs/heads/main refs/remotes/main [2ms]
2025-05-17 22:14:30.948 [info] > git for-each-ref --sort -committerdate --format %(refname)%00%(objectname)%00%(*objectname) [1ms]
2025-05-17 22:14:30.964 [info] > git status -z -uall [22ms]
2025-05-17 22:14:36.120 [info] > git config --get commit.template [5ms]
2025-05-17 22:14:36.121 [info] > git for-each-ref --format=%(refname)%00%(upstream:short)%00%(objectname)%00%(upstream:track)%00%(upstream:remotename)%00%(upstream:remoteref) refs/heads/main refs/remotes/main [2ms]
2025-05-17 22:14:36.132 [info] > git for-each-ref --sort -committerdate --format %(refname)%00%(objectname)%00%(*objectname) [1ms]
2025-05-17 22:14:36.144 [info] > git status -z -uall [18ms]
2025-05-17 22:14:41.241 [info] > git config --get commit.template [14ms]
2025-05-17 22:14:41.243 [info] > git for-each-ref --format=%(refname)%00%(upstream:short)%00%(objectname)%00%(upstream:track)%00%(upstream:remotename)%00%(upstream:remoteref) refs/heads/main refs/remotes/main [3ms]
2025-05-17 22:14:41.271 [info] > git for-each-ref --sort -committerdate --format %(refname)%00%(objectname)%00%(*objectname) [2ms]
2025-05-17 22:14:41.283 [info] > git status -z -uall [26ms]
2025-05-17 22:14:46.352 [info] > git config --get commit.template [0ms]
2025-05-17 22:14:46.358 [info] > git for-each-ref --format=%(refname)%00%(upstream:short)%00%(objectname)%00%(upstream:track)%00%(upstream:remotename)%00%(upstream:remoteref) refs/heads/main refs/remotes/main [1ms]
2025-05-17 22:14:46.367 [info] > git for-each-ref --sort -committerdate --format %(refname)%00%(objectname)%00%(*objectname) [1ms]
2025-05-17 22:14:46.379 [info] > git status -z -uall [17ms]
2025-05-17 22:14:51.473 [info] > git config --get commit.template [7ms]
2025-05-17 22:14:51.474 [info] > git for-each-ref --format=%(refname)%00%(upstream:short)%00%(objectname)%00%(upstream:track)%00%(upstream:remotename)%00%(upstream:remoteref) refs/heads/main refs/remotes/main [1ms]
2025-05-17 22:14:51.488 [info] > git for-each-ref --sort -committerdate --format %(refname)%00%(objectname)%00%(*objectname) [2ms]
2025-05-17 22:14:51.503 [info] > git status -z -uall [22ms]
2025-05-17 22:14:56.586 [info] > git for-each-ref --format=%(refname)%00%(upstream:short)%00%(objectname)%00%(upstream:track)%00%(upstream:remotename)%00%(upstream:remoteref) refs/heads/main refs/remotes/main [2ms]
2025-05-17 22:14:56.586 [info] > git config --get commit.template [6ms]
2025-05-17 22:14:56.599 [info] > git for-each-ref --sort -committerdate --format %(refname)%00%(objectname)%00%(*objectname) [1ms]
2025-05-17 22:14:56.614 [info] > git status -z -uall [22ms]
2025-05-17 22:15:01.783 [info] > git config --get commit.template [16ms]
2025-05-17 22:15:01.785 [info] > git for-each-ref --format=%(refname)%00%(upstream:short)%00%(objectname)%00%(upstream:track)%00%(upstream:remotename)%00%(upstream:remoteref) refs/heads/main refs/remotes/main [4ms]
2025-05-17 22:15:01.816 [info] > git for-each-ref --sort -committerdate --format %(refname)%00%(objectname)%00%(*objectname) [4ms]
2025-05-17 22:15:01.833 [info] > git status -z -uall [33ms]
2025-05-17 22:15:06.929 [info] > git config --get commit.template [10ms]
2025-05-17 22:15:06.930 [info] > git for-each-ref --format=%(refname)%00%(upstream:short)%00%(objectname)%00%(upstream:track)%00%(upstream:remotename)%00%(upstream:remoteref) refs/heads/main refs/remotes/main [1ms]
2025-05-17 22:15:06.944 [info] > git for-each-ref --sort -committerdate --format %(refname)%00%(objectname)%00%(*objectname) [2ms]
2025-05-17 22:15:06.959 [info] > git status -z -uall [22ms]
2025-05-17 22:15:12.575 [info] > git config --get commit.template [7ms]
2025-05-17 22:15:12.576 [info] > git for-each-ref --format=%(refname)%00%(upstream:short)%00%(objectname)%00%(upstream:track)%00%(upstream:remotename)%00%(upstream:remoteref) refs/heads/main refs/remotes/main [2ms]
2025-05-17 22:15:12.589 [info] > git for-each-ref --sort -committerdate --format %(refname)%00%(objectname)%00%(*objectname) [2ms]
2025-05-17 22:15:12.608 [info] > git status -z -uall [26ms]
2025-05-17 22:15:17.794 [info] > git config --get commit.template [16ms]
2025-05-17 22:15:17.795 [info] > git for-each-ref --format=%(refname)%00%(upstream:short)%00%(objectname)%00%(upstream:track)%00%(upstream:remotename)%00%(upstream:remoteref) refs/heads/main refs/remotes/main [3ms]
2025-05-17 22:15:17.827 [info] > git for-each-ref --sort -committerdate --format %(refname)%00%(objectname)%00%(*objectname) [4ms]
2025-05-17 22:15:17.839 [info] > git status -z -uall [28ms]
2025-05-17 22:15:22.914 [info] > git config --get commit.template [4ms]
2025-05-17 22:15:22.915 [info] > git for-each-ref --format=%(refname)%00%(upstream:short)%00%(objectname)%00%(upstream:track)%00%(upstream:remotename)%00%(upstream:remoteref) refs/heads/main refs/remotes/main [1ms]
2025-05-17 22:15:22.925 [info] > git for-each-ref --sort -committerdate --format %(refname)%00%(objectname)%00%(*objectname) [2ms]
2025-05-17 22:15:22.936 [info] > git status -z -uall [17ms]
2025-05-17 22:15:28.019 [info] > git config --get commit.template [6ms]
2025-05-17 22:15:28.019 [info] > git for-each-ref --format=%(refname)%00%(upstream:short)%00%(objectname)%00%(upstream:track)%00%(upstream:remotename)%00%(upstream:remoteref) refs/heads/main refs/remotes/main [1ms]
2025-05-17 22:15:28.033 [info] > git for-each-ref --sort -committerdate --format %(refname)%00%(objectname)%00%(*objectname) [1ms]
2025-05-17 22:15:28.047 [info] > git status -z -uall [21ms]
2025-05-17 22:15:33.133 [info] > git config --get commit.template [5ms]
2025-05-17 22:15:33.134 [info] > git for-each-ref --format=%(refname)%00%(upstream:short)%00%(objectname)%00%(upstream:track)%00%(upstream:remotename)%00%(upstream:remoteref) refs/heads/main refs/remotes/main [2ms]
2025-05-17 22:15:33.145 [info] > git for-each-ref --sort -committerdate --format %(refname)%00%(objectname)%00%(*objectname) [2ms]
2025-05-17 22:15:33.159 [info] > git status -z -uall [20ms]
2025-05-17 22:15:38.242 [info] > git config --get commit.template [6ms]
2025-05-17 22:15:38.243 [info] > git for-each-ref --format=%(refname)%00%(upstream:short)%00%(objectname)%00%(upstream:track)%00%(upstream:remotename)%00%(upstream:remoteref) refs/heads/main refs/remotes/main [2ms]
2025-05-17 22:15:38.260 [info] > git for-each-ref --sort -committerdate --format %(refname)%00%(objectname)%00%(*objectname) [2ms]
2025-05-17 22:15:38.276 [info] > git status -z -uall [25ms]
2025-05-17 22:15:43.447 [info] > git config --get commit.template [17ms]
2025-05-17 22:15:43.448 [info] > git for-each-ref --format=%(refname)%00%(upstream:short)%00%(objectname)%00%(upstream:track)%00%(upstream:remotename)%00%(upstream:remoteref) refs/heads/main refs/remotes/main [4ms]
2025-05-17 22:15:43.480 [info] > git for-each-ref --sort -committerdate --format %(refname)%00%(objectname)%00%(*objectname) [2ms]
2025-05-17 22:15:43.498 [info] > git status -z -uall [31ms]
2025-05-17 22:15:48.598 [info] > git config --get commit.template [5ms]
2025-05-17 22:15:48.599 [info] > git for-each-ref --format=%(refname)%00%(upstream:short)%00%(objectname)%00%(upstream:track)%00%(upstream:remotename)%00%(upstream:remoteref) refs/heads/main refs/remotes/main [1ms]
2025-05-17 22:15:48.612 [info] > git for-each-ref --sort -committerdate --format %(refname)%00%(objectname)%00%(*objectname) [1ms]
2025-05-17 22:15:48.625 [info] > git status -z -uall [19ms]
2025-05-17 22:15:54.256 [info] > git config --get commit.template [9ms]
2025-05-17 22:15:54.257 [info] > git for-each-ref --format=%(refname)%00%(upstream:short)%00%(objectname)%00%(upstream:track)%00%(upstream:remotename)%00%(upstream:remoteref) refs/heads/main refs/remotes/main [2ms]
2025-05-17 22:15:54.270 [info] > git for-each-ref --sort -committerdate --format %(refname)%00%(objectname)%00%(*objectname) [1ms]
2025-05-17 22:15:54.290 [info] > git status -z -uall [26ms]
2025-05-17 22:15:59.459 [info] > git config --get commit.template [5ms]
2025-05-17 22:15:59.460 [info] > git for-each-ref --format=%(refname)%00%(upstream:short)%00%(objectname)%00%(upstream:track)%00%(upstream:remotename)%00%(upstream:remoteref) refs/heads/main refs/remotes/main [1ms]
2025-05-17 22:15:59.471 [info] > git for-each-ref --sort -committerdate --format %(refname)%00%(objectname)%00%(*objectname) [1ms]
2025-05-17 22:15:59.484 [info] > git status -z -uall [19ms]
2025-05-17 22:16:04.576 [info] > git config --get commit.template [9ms]
2025-05-17 22:16:04.576 [info] > git for-each-ref --format=%(refname)%00%(upstream:short)%00%(objectname)%00%(upstream:track)%00%(upstream:remotename)%00%(upstream:remoteref) refs/heads/main refs/remotes/main [1ms]
2025-05-17 22:16:04.589 [info] > git for-each-ref --sort -committerdate --format %(refname)%00%(objectname)%00%(*objectname) [1ms]
2025-05-17 22:16:04.602 [info] > git status -z -uall [20ms]
2025-05-17 22:16:09.682 [info] > git config --get commit.template [6ms]
2025-05-17 22:16:09.682 [info] > git for-each-ref --format=%(refname)%00%(upstream:short)%00%(objectname)%00%(upstream:track)%00%(upstream:remotename)%00%(upstream:remoteref) refs/heads/main refs/remotes/main [1ms]
2025-05-17 22:16:09.697 [info] > git for-each-ref --sort -committerdate --format %(refname)%00%(objectname)%00%(*objectname) [2ms]
2025-05-17 22:16:09.711 [info] > git status -z -uall [21ms]
2025-05-17 22:16:11.990 [info] > git show --textconv :rule10b.txt [7ms]
2025-05-17 22:16:11.992 [info] > git ls-files --stage -- rule10b.txt [2ms]
2025-05-17 22:16:11.999 [info] > git cat-file -s a89a8f551477b9bd3fa96d1d41dc5a6fb42f4444 [2ms]
2025-05-17 22:16:14.821 [info] > git config --get commit.template [14ms]
2025-05-17 22:16:14.822 [info] > git for-each-ref --format=%(refname)%00%(upstream:short)%00%(objectname)%00%(upstream:track)%00%(upstream:remotename)%00%(upstream:remoteref) refs/heads/main refs/remotes/main [1ms]
2025-05-17 22:16:14.833 [info] > git for-each-ref --sort -committerdate --format %(refname)%00%(objectname)%00%(*objectname) [1ms]
2025-05-17 22:16:14.846 [info] > git status -z -uall [19ms]
2025-05-17 22:16:19.954 [info] > git config --get commit.template [15ms]
2025-05-17 22:16:19.957 [info] > git for-each-ref --format=%(refname)%00%(upstream:short)%00%(objectname)%00%(upstream:track)%00%(upstream:remotename)%00%(upstream:remoteref) refs/heads/main refs/remotes/main [4ms]
2025-05-17 22:16:19.987 [info] > git for-each-ref --sort -committerdate --format %(refname)%00%(objectname)%00%(*objectname) [4ms]
2025-05-17 22:16:20.019 [info] > git status -z -uall [48ms]
2025-05-17 22:16:23.180 [info] > git show --textconv :rule10c.txt [6ms]
2025-05-17 22:16:23.182 [info] > git ls-files --stage -- rule10c.txt [1ms]
2025-05-17 22:16:23.187 [info] > git cat-file -s 95cbc3805c0f61f5cabf5712b13d36e89e9c79de [1ms]
2025-05-17 22:16:25.104 [info] > git config --get commit.template [6ms]
2025-05-17 22:16:25.105 [info] > git for-each-ref --format=%(refname)%00%(upstream:short)%00%(objectname)%00%(upstream:track)%00%(upstream:remotename)%00%(upstream:remoteref) refs/heads/main refs/remotes/main [2ms]
2025-05-17 22:16:25.118 [info] > git for-each-ref --sort -committerdate --format %(refname)%00%(objectname)%00%(*objectname) [1ms]
2025-05-17 22:16:25.132 [info] > git status -z -uall [21ms]
2025-05-17 22:16:30.212 [info] > git config --get commit.template [5ms]
2025-05-17 22:16:30.213 [info] > git for-each-ref --format=%(refname)%00%(upstream:short)%00%(objectname)%00%(upstream:track)%00%(upstream:remotename)%00%(upstream:remoteref) refs/heads/main refs/remotes/main [2ms]
2025-05-17 22:16:30.224 [info] > git for-each-ref --sort -committerdate --format %(refname)%00%(objectname)%00%(*objectname) [1ms]
2025-05-17 22:16:30.237 [info] > git status -z -uall [20ms]
2025-05-17 22:16:35.411 [info] > git config --get commit.template [13ms]
2025-05-17 22:16:35.413 [info] > git for-each-ref --format=%(refname)%00%(upstream:short)%00%(objectname)%00%(upstream:track)%00%(upstream:remotename)%00%(upstream:remoteref) refs/heads/main refs/remotes/main [3ms]
2025-05-17 22:16:35.435 [info] > git for-each-ref --sort -committerdate --format %(refname)%00%(objectname)%00%(*objectname) [2ms]
2025-05-17 22:16:35.447 [info] > git status -z -uall [21ms]
2025-05-17 22:16:39.449 [info] > git show --textconv :rule11a.txt [6ms]
2025-05-17 22:16:39.450 [info] > git ls-files --stage -- rule11a.txt [2ms]
2025-05-17 22:16:39.456 [info] > git cat-file -s b72f00eea298727a237a44f690e5ee6f382520c1 [1ms]
2025-05-17 22:16:40.550 [info] > git config --get commit.template [14ms]
2025-05-17 22:16:40.553 [info] > git for-each-ref --format=%(refname)%00%(upstream:short)%00%(objectname)%00%(upstream:track)%00%(upstream:remotename)%00%(upstream:remoteref) refs/heads/main refs/remotes/main [4ms]
2025-05-17 22:16:40.586 [info] > git for-each-ref --sort -committerdate --format %(refname)%00%(objectname)%00%(*objectname) [5ms]
2025-05-17 22:16:40.603 [info] > git status -z -uall [36ms]
2025-05-17 22:16:45.705 [info] > git config --get commit.template [13ms]
2025-05-17 22:16:45.705 [info] > git for-each-ref --format=%(refname)%00%(upstream:short)%00%(objectname)%00%(upstream:track)%00%(upstream:remotename)%00%(upstream:remoteref) refs/heads/main refs/remotes/main [1ms]
2025-05-17 22:16:45.717 [info] > git for-each-ref --sort -committerdate --format %(refname)%00%(objectname)%00%(*objectname) [2ms]
2025-05-17 22:16:45.732 [info] > git status -z -uall [21ms]
2025-05-17 22:16:50.889 [info] > git config --get commit.template [5ms]
2025-05-17 22:16:50.897 [info] > git for-each-ref --format=%(refname)%00%(upstream:short)%00%(objectname)%00%(upstream:track)%00%(upstream:remotename)%00%(upstream:remoteref) refs/heads/main refs/remotes/main [1ms]
2025-05-17 22:16:50.910 [info] > git for-each-ref --sort -committerdate --format %(refname)%00%(objectname)%00%(*objectname) [2ms]
2025-05-17 22:16:50.923 [info] > git status -z -uall [20ms]
2025-05-17 22:16:51.491 [info] > git ls-files --stage -- rule11b.txt [2ms]
2025-05-17 22:16:51.499 [info] > git show --textconv :rule11b.txt [15ms]
2025-05-17 22:16:51.500 [info] > git cat-file -s 09522a60d84d8dc2a240181065b8665926883b2e [2ms]
2025-05-17 22:16:52.631 [info] > git show --textconv :rule11a.txt [4ms]
2025-05-17 22:16:52.632 [info] > git ls-files --stage -- rule11a.txt [1ms]
2025-05-17 22:16:52.637 [info] > git cat-file -s b72f00eea298727a237a44f690e5ee6f382520c1 [1ms]
2025-05-17 22:16:56.020 [info] > git config --get commit.template [13ms]
2025-05-17 22:16:56.022 [info] > git for-each-ref --format=%(refname)%00%(upstream:short)%00%(objectname)%00%(upstream:track)%00%(upstream:remotename)%00%(upstream:remoteref) refs/heads/main refs/remotes/main [4ms]
2025-05-17 22:16:56.051 [info] > git for-each-ref --sort -committerdate --format %(refname)%00%(objectname)%00%(*objectname) [4ms]
2025-05-17 22:16:56.077 [info] > git status -z -uall [42ms]
2025-05-17 22:17:01.184 [info] > git config --get commit.template [17ms]
2025-05-17 22:17:01.187 [info] > git for-each-ref --format=%(refname)%00%(upstream:short)%00%(objectname)%00%(upstream:track)%00%(upstream:remotename)%00%(upstream:remoteref) refs/heads/main refs/remotes/main [4ms]
2025-05-17 22:17:01.216 [info] > git for-each-ref --sort -committerdate --format %(refname)%00%(objectname)%00%(*objectname) [3ms]
2025-05-17 22:17:01.235 [info] > git status -z -uall [34ms]
2025-05-17 22:17:02.776 [info] > git show --textconv :rule11b.txt [15ms]
2025-05-17 22:17:02.779 [info] > git ls-files --stage -- rule11b.txt [5ms]
2025-05-17 22:17:02.795 [info] > git cat-file -s 09522a60d84d8dc2a240181065b8665926883b2e [4ms]
2025-05-17 22:17:04.753 [info] > git show --textconv :rule11a.txt [7ms]
2025-05-17 22:17:04.754 [info] > git ls-files --stage -- rule11a.txt [2ms]
2025-05-17 22:17:04.761 [info] > git cat-file -s b72f00eea298727a237a44f690e5ee6f382520c1 [1ms]
2025-05-17 22:17:06.202 [info] > git blame --root --incremental 78add7191df750e7d74d2b3e1ecbebc0595b35d4 -- rule11a.txt [53ms]
2025-05-17 22:17:06.840 [info] > git config --get commit.template [1ms]
2025-05-17 22:17:06.846 [info] > git for-each-ref --format=%(refname)%00%(upstream:short)%00%(objectname)%00%(upstream:track)%00%(upstream:remotename)%00%(upstream:remoteref) refs/heads/main refs/remotes/main [1ms]
2025-05-17 22:17:06.857 [info] > git for-each-ref --sort -committerdate --format %(refname)%00%(objectname)%00%(*objectname) [2ms]
2025-05-17 22:17:06.868 [info] > git status -z -uall [17ms]
2025-05-17 22:17:11.956 [info] > git config --get commit.template [5ms]
2025-05-17 22:17:11.957 [info] > git for-each-ref --format=%(refname)%00%(upstream:short)%00%(objectname)%00%(upstream:track)%00%(upstream:remotename)%00%(upstream:remoteref) refs/heads/main refs/remotes/main [1ms]
2025-05-17 22:17:11.968 [info] > git for-each-ref --sort -committerdate --format %(refname)%00%(objectname)%00%(*objectname) [1ms]
2025-05-17 22:17:11.983 [info] > git status -z -uall [21ms]
2025-05-17 22:17:17.065 [info] > git config --get commit.template [5ms]
2025-05-17 22:17:17.066 [info] > git for-each-ref --format=%(refname)%00%(upstream:short)%00%(objectname)%00%(upstream:track)%00%(upstream:remotename)%00%(upstream:remoteref) refs/heads/main refs/remotes/main [1ms]
2025-05-17 22:17:17.076 [info] > git for-each-ref --sort -committerdate --format %(refname)%00%(objectname)%00%(*objectname) [1ms]
2025-05-17 22:17:17.088 [info] > git status -z -uall [18ms]
2025-05-17 22:17:19.976 [info] > git show --textconv :rule11b.txt [14ms]
2025-05-17 22:17:19.980 [info] > git ls-files --stage -- rule11b.txt [5ms]
2025-05-17 22:17:19.996 [info] > git cat-file -s 09522a60d84d8dc2a240181065b8665926883b2e [4ms]
2025-05-17 22:17:22.194 [info] > git config --get commit.template [17ms]
2025-05-17 22:17:22.196 [info] > git for-each-ref --format=%(refname)%00%(upstream:short)%00%(objectname)%00%(upstream:track)%00%(upstream:remotename)%00%(upstream:remoteref) refs/heads/main refs/remotes/main [4ms]
2025-05-17 22:17:22.228 [info] > git for-each-ref --sort -committerdate --format %(refname)%00%(objectname)%00%(*objectname) [5ms]
2025-05-17 22:17:22.252 [info] > git status -z -uall [41ms]
2025-05-17 22:17:26.794 [info] > git ls-files --stage -- rule11c.txt [3ms]
2025-05-17 22:17:26.799 [info] > git show --textconv :rule11c.txt [13ms]
2025-05-17 22:17:26.800 [info] > git cat-file -s 5085c73ce2e66e42c1cd7ff5d05ea75a0501f351 [1ms]
2025-05-17 22:17:27.355 [info] > git config --get commit.template [15ms]
2025-05-17 22:17:27.356 [info] > git for-each-ref --format=%(refname)%00%(upstream:short)%00%(objectname)%00%(upstream:track)%00%(upstream:remotename)%00%(upstream:remoteref) refs/heads/main refs/remotes/main [1ms]
2025-05-17 22:17:27.370 [info] > git for-each-ref --sort -committerdate --format %(refname)%00%(objectname)%00%(*objectname) [1ms]
2025-05-17 22:17:27.389 [info] > git status -z -uall [26ms]
2025-05-17 22:17:32.483 [info] > git config --get commit.template [5ms]
2025-05-17 22:17:32.483 [info] > git for-each-ref --format=%(refname)%00%(upstream:short)%00%(objectname)%00%(upstream:track)%00%(upstream:remotename)%00%(upstream:remoteref) refs/heads/main refs/remotes/main [1ms]
2025-05-17 22:17:32.494 [info] > git for-each-ref --sort -committerdate --format %(refname)%00%(objectname)%00%(*objectname) [2ms]
2025-05-17 22:17:32.506 [info] > git status -z -uall [18ms]
2025-05-17 22:17:37.604 [info] > git config --get commit.template [15ms]
2025-05-17 22:17:37.607 [info] > git for-each-ref --format=%(refname)%00%(upstream:short)%00%(objectname)%00%(upstream:track)%00%(upstream:remotename)%00%(upstream:remoteref) refs/heads/main refs/remotes/main [4ms]
2025-05-17 22:17:37.633 [info] > git for-each-ref --sort -committerdate --format %(refname)%00%(objectname)%00%(*objectname) [2ms]
2025-05-17 22:17:37.648 [info] > git status -z -uall [26ms]
2025-05-17 22:17:42.733 [info] > git config --get commit.template [5ms]
2025-05-17 22:17:42.734 [info] > git for-each-ref --format=%(refname)%00%(upstream:short)%00%(objectname)%00%(upstream:track)%00%(upstream:remotename)%00%(upstream:remoteref) refs/heads/main refs/remotes/main [1ms]
2025-05-17 22:17:42.744 [info] > git for-each-ref --sort -committerdate --format %(refname)%00%(objectname)%00%(*objectname) [1ms]
2025-05-17 22:17:42.758 [info] > git status -z -uall [19ms]
2025-05-17 22:17:43.385 [info] > git show --textconv :rule11d.txt [9ms]
2025-05-17 22:17:43.386 [info] > git ls-files --stage -- rule11d.txt [2ms]
2025-05-17 22:17:43.398 [info] > git cat-file -s 32797f40177e830117f1999683628551fd07105a [7ms]
2025-05-17 22:17:48.420 [info] > git config --get commit.template [15ms]
2025-05-17 22:17:48.422 [info] > git for-each-ref --format=%(refname)%00%(upstream:short)%00%(objectname)%00%(upstream:track)%00%(upstream:remotename)%00%(upstream:remoteref) refs/heads/main refs/remotes/main [3ms]
2025-05-17 22:17:48.448 [info] > git for-each-ref --sort -committerdate --format %(refname)%00%(objectname)%00%(*objectname) [2ms]
2025-05-17 22:17:48.461 [info] > git status -z -uall [23ms]
2025-05-17 22:17:53.549 [info] > git config --get commit.template [6ms]
2025-05-17 22:17:53.550 [info] > git for-each-ref --format=%(refname)%00%(upstream:short)%00%(objectname)%00%(upstream:track)%00%(upstream:remotename)%00%(upstream:remoteref) refs/heads/main refs/remotes/main [1ms]
2025-05-17 22:17:53.564 [info] > git for-each-ref --sort -committerdate --format %(refname)%00%(objectname)%00%(*objectname) [2ms]
2025-05-17 22:17:53.576 [info] > git status -z -uall [20ms]
2025-05-17 22:17:58.659 [info] > git config --get commit.template [7ms]
2025-05-17 22:17:58.659 [info] > git for-each-ref --format=%(refname)%00%(upstream:short)%00%(objectname)%00%(upstream:track)%00%(upstream:remotename)%00%(upstream:remoteref) refs/heads/main refs/remotes/main [1ms]
2025-05-17 22:17:58.672 [info] > git for-each-ref --sort -committerdate --format %(refname)%00%(objectname)%00%(*objectname) [2ms]
2025-05-17 22:17:58.684 [info] > git status -z -uall [18ms]
2025-05-17 22:18:00.803 [info] > git ls-files --stage -- rule11e.txt [2ms]
2025-05-17 22:18:00.810 [info] > git show --textconv :rule11e.txt [14ms]
2025-05-17 22:18:00.810 [info] > git cat-file -s 01f44d22bcaa0bdb821102a5ae2da9a0548a568e [1ms]
2025-05-17 22:18:00.833 [info] > git blame --root --incremental 78add7191df750e7d74d2b3e1ecbebc0595b35d4 -- rule11e.txt [11ms]
2025-05-17 22:18:03.778 [info] > git config --get commit.template [8ms]
2025-05-17 22:18:03.779 [info] > git for-each-ref --format=%(refname)%00%(upstream:short)%00%(objectname)%00%(upstream:track)%00%(upstream:remotename)%00%(upstream:remoteref) refs/heads/main refs/remotes/main [1ms]
2025-05-17 22:18:03.795 [info] > git for-each-ref --sort -committerdate --format %(refname)%00%(objectname)%00%(*objectname) [1ms]
2025-05-17 22:18:03.814 [info] > git status -z -uall [27ms]
2025-05-17 22:18:08.926 [info] > git config --get commit.template [15ms]
2025-05-17 22:18:08.929 [info] > git for-each-ref --format=%(refname)%00%(upstream:short)%00%(objectname)%00%(upstream:track)%00%(upstream:remotename)%00%(upstream:remoteref) refs/heads/main refs/remotes/main [4ms]
2025-05-17 22:18:08.960 [info] > git for-each-ref --sort -committerdate --format %(refname)%00%(objectname)%00%(*objectname) [4ms]
2025-05-17 22:18:08.980 [info] > git status -z -uall [36ms]
2025-05-17 22:18:14.068 [info] > git config --get commit.template [7ms]
2025-05-17 22:18:14.069 [info] > git for-each-ref --format=%(refname)%00%(upstream:short)%00%(objectname)%00%(upstream:track)%00%(upstream:remotename)%00%(upstream:remoteref) refs/heads/main refs/remotes/main [1ms]
2025-05-17 22:18:14.080 [info] > git for-each-ref --sort -committerdate --format %(refname)%00%(objectname)%00%(*objectname) [1ms]
2025-05-17 22:18:14.092 [info] > git status -z -uall [18ms]
2025-05-17 22:18:19.191 [info] > git config --get commit.template [15ms]
2025-05-17 22:18:19.193 [info] > git for-each-ref --format=%(refname)%00%(upstream:short)%00%(objectname)%00%(upstream:track)%00%(upstream:remotename)%00%(upstream:remoteref) refs/heads/main refs/remotes/main [4ms]
2025-05-17 22:18:19.223 [info] > git for-each-ref --sort -committerdate --format %(refname)%00%(objectname)%00%(*objectname) [2ms]
2025-05-17 22:18:19.238 [info] > git status -z -uall [30ms]
2025-05-17 22:18:24.342 [info] > git config --get commit.template [15ms]
2025-05-17 22:18:24.345 [info] > git for-each-ref --format=%(refname)%00%(upstream:short)%00%(objectname)%00%(upstream:track)%00%(upstream:remotename)%00%(upstream:remoteref) refs/heads/main refs/remotes/main [4ms]
2025-05-17 22:18:24.376 [info] > git for-each-ref --sort -committerdate --format %(refname)%00%(objectname)%00%(*objectname) [4ms]
2025-05-17 22:18:24.391 [info] > git status -z -uall [32ms]
2025-05-17 22:18:32.024 [info] > git config --get commit.template [1ms]
2025-05-17 22:18:32.032 [info] > git for-each-ref --format=%(refname)%00%(upstream:short)%00%(objectname)%00%(upstream:track)%00%(upstream:remotename)%00%(upstream:remoteref) refs/heads/main refs/remotes/main [1ms]
2025-05-17 22:18:32.048 [info] > git for-each-ref --sort -committerdate --format %(refname)%00%(objectname)%00%(*objectname) [1ms]
2025-05-17 22:18:32.064 [info] > git status -z -uall [23ms]
2025-05-17 22:18:37.168 [info] > git config --get commit.template [15ms]
2025-05-17 22:18:37.170 [info] > git for-each-ref --format=%(refname)%00%(upstream:short)%00%(objectname)%00%(upstream:track)%00%(upstream:remotename)%00%(upstream:remoteref) refs/heads/main refs/remotes/main [3ms]
2025-05-17 22:18:37.199 [info] > git for-each-ref --sort -committerdate --format %(refname)%00%(objectname)%00%(*objectname) [4ms]
2025-05-17 22:18:37.233 [info] > git status -z -uall [49ms]
2025-05-17 22:18:42.340 [info] > git config --get commit.template [15ms]
2025-05-17 22:18:42.342 [info] > git for-each-ref --format=%(refname)%00%(upstream:short)%00%(objectname)%00%(upstream:track)%00%(upstream:remotename)%00%(upstream:remoteref) refs/heads/main refs/remotes/main [3ms]
2025-05-17 22:18:42.372 [info] > git for-each-ref --sort -committerdate --format %(refname)%00%(objectname)%00%(*objectname) [4ms]
2025-05-17 22:18:42.407 [info] > git status -z -uall [51ms]
2025-05-17 22:18:47.521 [info] > git config --get commit.template [14ms]
2025-05-17 22:18:47.524 [info] > git for-each-ref --format=%(refname)%00%(upstream:short)%00%(objectname)%00%(upstream:track)%00%(upstream:remotename)%00%(upstream:remoteref) refs/heads/main refs/remotes/main [4ms]
2025-05-17 22:18:47.546 [info] > git for-each-ref --sort -committerdate --format %(refname)%00%(objectname)%00%(*objectname) [2ms]
2025-05-17 22:18:47.557 [info] > git status -z -uall [19ms]
2025-05-17 22:18:52.655 [info] > git config --get commit.template [14ms]
2025-05-17 22:18:52.657 [info] > git for-each-ref --format=%(refname)%00%(upstream:short)%00%(objectname)%00%(upstream:track)%00%(upstream:remotename)%00%(upstream:remoteref) refs/heads/main refs/remotes/main [3ms]
2025-05-17 22:18:52.680 [info] > git for-each-ref --sort -committerdate --format %(refname)%00%(objectname)%00%(*objectname) [2ms]
2025-05-17 22:18:52.697 [info] > git status -z -uall [26ms]
2025-05-17 22:18:57.797 [info] > git config --get commit.template [11ms]
2025-05-17 22:18:57.798 [info] > git for-each-ref --format=%(refname)%00%(upstream:short)%00%(objectname)%00%(upstream:track)%00%(upstream:remotename)%00%(upstream:remoteref) refs/heads/main refs/remotes/main [2ms]
2025-05-17 22:18:57.810 [info] > git for-each-ref --sort -committerdate --format %(refname)%00%(objectname)%00%(*objectname) [1ms]
2025-05-17 22:18:57.823 [info] > git status -z -uall [19ms]
2025-05-17 22:19:02.919 [info] > git config --get commit.template [8ms]
2025-05-17 22:19:02.920 [info] > git for-each-ref --format=%(refname)%00%(upstream:short)%00%(objectname)%00%(upstream:track)%00%(upstream:remotename)%00%(upstream:remoteref) refs/heads/main refs/remotes/main [1ms]
2025-05-17 22:19:02.932 [info] > git for-each-ref --sort -committerdate --format %(refname)%00%(objectname)%00%(*objectname) [1ms]
2025-05-17 22:19:02.950 [info] > git status -z -uall [24ms]
2025-05-17 22:19:08.059 [info] > git config --get commit.template [18ms]
2025-05-17 22:19:08.060 [info] > git for-each-ref --format=%(refname)%00%(upstream:short)%00%(objectname)%00%(upstream:track)%00%(upstream:remotename)%00%(upstream:remoteref) refs/heads/main refs/remotes/main [3ms]
2025-05-17 22:19:08.073 [info] > git for-each-ref --sort -committerdate --format %(refname)%00%(objectname)%00%(*objectname) [1ms]
2025-05-17 22:19:08.087 [info] > git status -z -uall [21ms]
2025-05-17 22:19:13.204 [info] > git for-each-ref --format=%(refname)%00%(upstream:short)%00%(objectname)%00%(upstream:track)%00%(upstream:remotename)%00%(upstream:remoteref) refs/heads/main refs/remotes/main [16ms]
2025-05-17 22:19:13.205 [info] > git config --get commit.template [30ms]
2025-05-17 22:19:13.237 [info] > git for-each-ref --sort -committerdate --format %(refname)%00%(objectname)%00%(*objectname) [5ms]
2025-05-17 22:19:13.248 [info] > git status -z -uall [28ms]
2025-05-17 22:19:18.413 [info] > git config --get commit.template [6ms]
2025-05-17 22:19:18.413 [info] > git for-each-ref --format=%(refname)%00%(upstream:short)%00%(objectname)%00%(upstream:track)%00%(upstream:remotename)%00%(upstream:remoteref) refs/heads/main refs/remotes/main [1ms]
2025-05-17 22:19:18.425 [info] > git for-each-ref --sort -committerdate --format %(refname)%00%(objectname)%00%(*objectname) [1ms]
2025-05-17 22:19:18.440 [info] > git status -z -uall [21ms]
2025-05-17 22:19:23.543 [info] > git config --get commit.template [17ms]
2025-05-17 22:19:23.545 [info] > git for-each-ref --format=%(refname)%00%(upstream:short)%00%(objectname)%00%(upstream:track)%00%(upstream:remotename)%00%(upstream:remoteref) refs/heads/main refs/remotes/main [4ms]
2025-05-17 22:19:23.573 [info] > git for-each-ref --sort -committerdate --format %(refname)%00%(objectname)%00%(*objectname) [3ms]
2025-05-17 22:19:23.594 [info] > git status -z -uall [35ms]
2025-05-17 22:19:28.698 [info] > git config --get commit.template [9ms]
2025-05-17 22:19:28.699 [info] > git for-each-ref --format=%(refname)%00%(upstream:short)%00%(objectname)%00%(upstream:track)%00%(upstream:remotename)%00%(upstream:remoteref) refs/heads/main refs/remotes/main [2ms]
2025-05-17 22:19:28.715 [info] > git for-each-ref --sort -committerdate --format %(refname)%00%(objectname)%00%(*objectname) [2ms]
2025-05-17 22:19:28.727 [info] > git status -z -uall [21ms]
2025-05-17 22:19:33.169 [info] > git show --textconv :rule11f.txt [15ms]
2025-05-17 22:19:33.172 [info] > git ls-files --stage -- rule11f.txt [5ms]
2025-05-17 22:19:33.190 [info] > git cat-file -s 60863b6dace8e24c2398b0f3b619fc694cc18d17 [4ms]
2025-05-17 22:19:33.829 [info] > git config --get commit.template [9ms]
2025-05-17 22:19:33.830 [info] > git for-each-ref --format=%(refname)%00%(upstream:short)%00%(objectname)%00%(upstream:track)%00%(upstream:remotename)%00%(upstream:remoteref) refs/heads/main refs/remotes/main [1ms]
2025-05-17 22:19:33.854 [info] > git for-each-ref --sort -committerdate --format %(refname)%00%(objectname)%00%(*objectname) [2ms]
2025-05-17 22:19:33.867 [info] > git status -z -uall [20ms]
2025-05-17 22:19:35.176 [info] > git show --textconv :rule11e.txt [7ms]
2025-05-17 22:19:35.177 [info] > git ls-files --stage -- rule11e.txt [1ms]
2025-05-17 22:19:35.186 [info] > git cat-file -s 01f44d22bcaa0bdb821102a5ae2da9a0548a568e [2ms]
2025-05-17 22:19:38.442 [info] > git show --textconv :rule11f.txt [6ms]
2025-05-17 22:19:38.443 [info] > git ls-files --stage -- rule11f.txt [1ms]
2025-05-17 22:19:38.449 [info] > git cat-file -s 60863b6dace8e24c2398b0f3b619fc694cc18d17 [1ms]
2025-05-17 22:19:38.952 [info] > git config --get commit.template [7ms]
2025-05-17 22:19:38.953 [info] > git for-each-ref --format=%(refname)%00%(upstream:short)%00%(objectname)%00%(upstream:track)%00%(upstream:remotename)%00%(upstream:remoteref) refs/heads/main refs/remotes/main [1ms]
2025-05-17 22:19:38.964 [info] > git for-each-ref --sort -committerdate --format %(refname)%00%(objectname)%00%(*objectname) [1ms]
2025-05-17 22:19:38.978 [info] > git status -z -uall [20ms]
2025-05-17 22:19:39.534 [info] > git show --textconv :rule12a.txt [436ms]
2025-05-17 22:19:39.534 [info] > git ls-files --stage -- rule12a.txt [423ms]
2025-05-17 22:19:39.544 [info] > git cat-file -s 3081de85cd8823f067a2fb9a5ce104c21ab993e2 [5ms]
2025-05-17 22:19:44.065 [info] > git config --get commit.template [6ms]
2025-05-17 22:19:44.066 [info] > git for-each-ref --format=%(refname)%00%(upstream:short)%00%(objectname)%00%(upstream:track)%00%(upstream:remotename)%00%(upstream:remoteref) refs/heads/main refs/remotes/main [1ms]
2025-05-17 22:19:44.078 [info] > git for-each-ref --sort -committerdate --format %(refname)%00%(objectname)%00%(*objectname) [1ms]
2025-05-17 22:19:44.091 [info] > git status -z -uall [19ms]
2025-05-17 22:19:46.489 [info] > git show --textconv :rule12b.txt [6ms]
2025-05-17 22:19:46.492 [info] > git ls-files --stage -- rule12b.txt [3ms]
2025-05-17 22:19:46.499 [info] > git cat-file -s 3375fd0477e123ebc52dbb5d7d08140d767f6667 [1ms]
2025-05-17 22:19:49.175 [info] > git config --get commit.template [7ms]
2025-05-17 22:19:49.176 [info] > git for-each-ref --format=%(refname)%00%(upstream:short)%00%(objectname)%00%(upstream:track)%00%(upstream:remotename)%00%(upstream:remoteref) refs/heads/main refs/remotes/main [0ms]
2025-05-17 22:19:49.188 [info] > git for-each-ref --sort -committerdate --format %(refname)%00%(objectname)%00%(*objectname) [2ms]
2025-05-17 22:19:49.208 [info] > git status -z -uall [27ms]
2025-05-17 22:19:54.359 [info] > git config --get commit.template [6ms]
2025-05-17 22:19:54.360 [info] > git for-each-ref --format=%(refname)%00%(upstream:short)%00%(objectname)%00%(upstream:track)%00%(upstream:remotename)%00%(upstream:remoteref) refs/heads/main refs/remotes/main [1ms]
2025-05-17 22:19:54.371 [info] > git for-each-ref --sort -committerdate --format %(refname)%00%(objectname)%00%(*objectname) [1ms]
2025-05-17 22:19:54.383 [info] > git status -z -uall [18ms]
2025-05-17 22:19:59.995 [info] > git config --get commit.template [2ms]
2025-05-17 22:20:00.001 [info] > git for-each-ref --format=%(refname)%00%(upstream:short)%00%(objectname)%00%(upstream:track)%00%(upstream:remotename)%00%(upstream:remoteref) refs/heads/main refs/remotes/main [1ms]
2025-05-17 22:20:00.014 [info] > git for-each-ref --sort -committerdate --format %(refname)%00%(objectname)%00%(*objectname) [2ms]
2025-05-17 22:20:00.027 [info] > git status -z -uall [21ms]
2025-05-17 22:20:05.122 [info] > git config --get commit.template [10ms]
2025-05-17 22:20:05.122 [info] > git for-each-ref --format=%(refname)%00%(upstream:short)%00%(objectname)%00%(upstream:track)%00%(upstream:remotename)%00%(upstream:remoteref) refs/heads/main refs/remotes/main [1ms]
2025-05-17 22:20:05.135 [info] > git for-each-ref --sort -committerdate --format %(refname)%00%(objectname)%00%(*objectname) [1ms]
2025-05-17 22:20:05.148 [info] > git status -z -uall [20ms]
2025-05-17 22:20:10.230 [info] > git config --get commit.template [6ms]
2025-05-17 22:20:10.231 [info] > git for-each-ref --format=%(refname)%00%(upstream:short)%00%(objectname)%00%(upstream:track)%00%(upstream:remotename)%00%(upstream:remoteref) refs/heads/main refs/remotes/main [1ms]
2025-05-17 22:20:10.242 [info] > git for-each-ref --sort -committerdate --format %(refname)%00%(objectname)%00%(*objectname) [1ms]
2025-05-17 22:20:10.255 [info] > git status -z -uall [19ms]
2025-05-17 22:20:15.351 [info] > git config --get commit.template [6ms]
2025-05-17 22:20:15.351 [info] > git for-each-ref --format=%(refname)%00%(upstream:short)%00%(objectname)%00%(upstream:track)%00%(upstream:remotename)%00%(upstream:remoteref) refs/heads/main refs/remotes/main [1ms]
2025-05-17 22:20:15.364 [info] > git for-each-ref --sort -committerdate --format %(refname)%00%(objectname)%00%(*objectname) [2ms]
2025-05-17 22:20:15.377 [info] > git status -z -uall [20ms]
2025-05-17 22:20:20.449 [info] > git config --get commit.template [1ms]
2025-05-17 22:20:20.455 [info] > git for-each-ref --format=%(refname)%00%(upstream:short)%00%(objectname)%00%(upstream:track)%00%(upstream:remotename)%00%(upstream:remoteref) refs/heads/main refs/remotes/main [1ms]
2025-05-17 22:20:20.468 [info] > git for-each-ref --sort -committerdate --format %(refname)%00%(objectname)%00%(*objectname) [1ms]
2025-05-17 22:20:20.482 [info] > git status -z -uall [21ms]
2025-05-17 22:20:25.583 [info] > git config --get commit.template [14ms]
2025-05-17 22:20:25.586 [info] > git for-each-ref --format=%(refname)%00%(upstream:short)%00%(objectname)%00%(upstream:track)%00%(upstream:remotename)%00%(upstream:remoteref) refs/heads/main refs/remotes/main [3ms]
2025-05-17 22:20:25.604 [info] > git for-each-ref --sort -committerdate --format %(refname)%00%(objectname)%00%(*objectname) [1ms]
2025-05-17 22:20:25.616 [info] > git status -z -uall [18ms]
2025-05-17 22:20:30.726 [info] > git config --get commit.template [14ms]
2025-05-17 22:20:30.729 [info] > git for-each-ref --format=%(refname)%00%(upstream:short)%00%(objectname)%00%(upstream:track)%00%(upstream:remotename)%00%(upstream:remoteref) refs/heads/main refs/remotes/main [4ms]
2025-05-17 22:20:30.761 [info] > git for-each-ref --sort -committerdate --format %(refname)%00%(objectname)%00%(*objectname) [4ms]
2025-05-17 22:20:30.772 [info] > git status -z -uall [29ms]
2025-05-17 22:20:35.872 [info] > git config --get commit.template [15ms]
2025-05-17 22:20:35.875 [info] > git for-each-ref --format=%(refname)%00%(upstream:short)%00%(objectname)%00%(upstream:track)%00%(upstream:remotename)%00%(upstream:remoteref) refs/heads/main refs/remotes/main [4ms]
2025-05-17 22:20:35.903 [info] > git for-each-ref --sort -committerdate --format %(refname)%00%(objectname)%00%(*objectname) [1ms]
2025-05-17 22:20:35.918 [info] > git status -z -uall [29ms]
2025-05-17 22:20:41.013 [info] > git config --get commit.template [5ms]
2025-05-17 22:20:41.031 [info] > git for-each-ref --format=%(refname)%00%(upstream:short)%00%(objectname)%00%(upstream:track)%00%(upstream:remotename)%00%(upstream:remoteref) refs/heads/main refs/remotes/main [4ms]
2025-05-17 22:20:41.065 [info] > git for-each-ref --sort -committerdate --format %(refname)%00%(objectname)%00%(*objectname) [4ms]
2025-05-17 22:20:41.078 [info] > git status -z -uall [31ms]
2025-05-17 22:20:46.168 [info] > git config --get commit.template [6ms]
2025-05-17 22:20:46.169 [info] > git for-each-ref --format=%(refname)%00%(upstream:short)%00%(objectname)%00%(upstream:track)%00%(upstream:remotename)%00%(upstream:remoteref) refs/heads/main refs/remotes/main [2ms]
2025-05-17 22:20:46.182 [info] > git for-each-ref --sort -committerdate --format %(refname)%00%(objectname)%00%(*objectname) [1ms]
2025-05-17 22:20:46.194 [info] > git status -z -uall [19ms]
2025-05-17 22:20:51.283 [info] > git config --get commit.template [5ms]
2025-05-17 22:20:51.284 [info] > git for-each-ref --format=%(refname)%00%(upstream:short)%00%(objectname)%00%(upstream:track)%00%(upstream:remotename)%00%(upstream:remoteref) refs/heads/main refs/remotes/main [1ms]
2025-05-17 22:20:51.297 [info] > git for-each-ref --sort -committerdate --format %(refname)%00%(objectname)%00%(*objectname) [2ms]
2025-05-17 22:20:51.311 [info] > git status -z -uall [21ms]
2025-05-17 22:20:56.450 [info] > git config --get commit.template [8ms]
2025-05-17 22:20:56.451 [info] > git for-each-ref --format=%(refname)%00%(upstream:short)%00%(objectname)%00%(upstream:track)%00%(upstream:remotename)%00%(upstream:remoteref) refs/heads/main refs/remotes/main [2ms]
2025-05-17 22:20:56.468 [info] > git for-each-ref --sort -committerdate --format %(refname)%00%(objectname)%00%(*objectname) [2ms]
2025-05-17 22:20:56.484 [info] > git status -z -uall [25ms]
2025-05-17 22:21:01.574 [info] > git config --get commit.template [6ms]
2025-05-17 22:21:01.575 [info] > git for-each-ref --format=%(refname)%00%(upstream:short)%00%(objectname)%00%(upstream:track)%00%(upstream:remotename)%00%(upstream:remoteref) refs/heads/main refs/remotes/main [1ms]
2025-05-17 22:21:01.588 [info] > git for-each-ref --sort -committerdate --format %(refname)%00%(objectname)%00%(*objectname) [1ms]
2025-05-17 22:21:01.601 [info] > git status -z -uall [20ms]
2025-05-17 22:21:06.684 [info] > git config --get commit.template [7ms]
2025-05-17 22:21:06.685 [info] > git for-each-ref --format=%(refname)%00%(upstream:short)%00%(objectname)%00%(upstream:track)%00%(upstream:remotename)%00%(upstream:remoteref) refs/heads/main refs/remotes/main [2ms]
2025-05-17 22:21:06.699 [info] > git for-each-ref --sort -committerdate --format %(refname)%00%(objectname)%00%(*objectname) [2ms]
2025-05-17 22:21:06.715 [info] > git status -z -uall [24ms]
2025-05-17 22:21:11.802 [info] > git config --get commit.template [6ms]
2025-05-17 22:21:11.803 [info] > git for-each-ref --format=%(refname)%00%(upstream:short)%00%(objectname)%00%(upstream:track)%00%(upstream:remotename)%00%(upstream:remoteref) refs/heads/main refs/remotes/main [2ms]
2025-05-17 22:21:11.815 [info] > git for-each-ref --sort -committerdate --format %(refname)%00%(objectname)%00%(*objectname) [2ms]
2025-05-17 22:21:11.830 [info] > git status -z -uall [22ms]
2025-05-17 22:21:16.914 [info] > git config --get commit.template [7ms]
2025-05-17 22:21:16.914 [info] > git for-each-ref --format=%(refname)%00%(upstream:short)%00%(objectname)%00%(upstream:track)%00%(upstream:remotename)%00%(upstream:remoteref) refs/heads/main refs/remotes/main [1ms]
2025-05-17 22:21:16.926 [info] > git for-each-ref --sort -committerdate --format %(refname)%00%(objectname)%00%(*objectname) [1ms]
2025-05-17 22:21:16.938 [info] > git status -z -uall [18ms]
2025-05-17 22:21:22.043 [info] > git config --get commit.template [15ms]
2025-05-17 22:21:22.045 [info] > git for-each-ref --format=%(refname)%00%(upstream:short)%00%(objectname)%00%(upstream:track)%00%(upstream:remotename)%00%(upstream:remoteref) refs/heads/main refs/remotes/main [3ms]
2025-05-17 22:21:22.078 [info] > git for-each-ref --sort -committerdate --format %(refname)%00%(objectname)%00%(*objectname) [4ms]
2025-05-17 22:21:22.106 [info] > git status -z -uall [46ms]
2025-05-17 22:21:27.208 [info] > git config --get commit.template [9ms]
2025-05-17 22:21:27.209 [info] > git for-each-ref --format=%(refname)%00%(upstream:short)%00%(objectname)%00%(upstream:track)%00%(upstream:remotename)%00%(upstream:remoteref) refs/heads/main refs/remotes/main [1ms]
2025-05-17 22:21:27.221 [info] > git for-each-ref --sort -committerdate --format %(refname)%00%(objectname)%00%(*objectname) [2ms]
2025-05-17 22:21:27.235 [info] > git status -z -uall [21ms]
2025-05-17 22:21:32.337 [info] > git config --get commit.template [15ms]
2025-05-17 22:21:32.339 [info] > git for-each-ref --format=%(refname)%00%(upstream:short)%00%(objectname)%00%(upstream:track)%00%(upstream:remotename)%00%(upstream:remoteref) refs/heads/main refs/remotes/main [3ms]
2025-05-17 22:21:32.370 [info] > git for-each-ref --sort -committerdate --format %(refname)%00%(objectname)%00%(*objectname) [4ms]
2025-05-17 22:21:32.394 [info] > git status -z -uall [41ms]
2025-05-17 22:21:37.509 [info] > git config --get commit.template [14ms]
2025-05-17 22:21:37.512 [info] > git for-each-ref --format=%(refname)%00%(upstream:short)%00%(objectname)%00%(upstream:track)%00%(upstream:remotename)%00%(upstream:remoteref) refs/heads/main refs/remotes/main [4ms]
2025-05-17 22:21:37.543 [info] > git for-each-ref --sort -committerdate --format %(refname)%00%(objectname)%00%(*objectname) [4ms]
2025-05-17 22:21:37.570 [info] > git status -z -uall [44ms]
2025-05-17 22:21:42.670 [info] > git config --get commit.template [15ms]
2025-05-17 22:21:42.672 [info] > git for-each-ref --format=%(refname)%00%(upstream:short)%00%(objectname)%00%(upstream:track)%00%(upstream:remotename)%00%(upstream:remoteref) refs/heads/main refs/remotes/main [4ms]
2025-05-17 22:21:42.691 [info] > git for-each-ref --sort -committerdate --format %(refname)%00%(objectname)%00%(*objectname) [1ms]
2025-05-17 22:21:42.708 [info] > git status -z -uall [23ms]
2025-05-17 22:21:48.279 [info] > git config --get commit.template [4ms]
2025-05-17 22:21:48.296 [info] > git for-each-ref --format=%(refname)%00%(upstream:short)%00%(objectname)%00%(upstream:track)%00%(upstream:remotename)%00%(upstream:remoteref) refs/heads/main refs/remotes/main [4ms]
2025-05-17 22:21:48.328 [info] > git for-each-ref --sort -committerdate --format %(refname)%00%(objectname)%00%(*objectname) [4ms]
2025-05-17 22:21:48.359 [info] > git status -z -uall [49ms]
2025-05-17 22:21:53.458 [info] > git config --get commit.template [8ms]
2025-05-17 22:21:53.458 [info] > git for-each-ref --format=%(refname)%00%(upstream:short)%00%(objectname)%00%(upstream:track)%00%(upstream:remotename)%00%(upstream:remoteref) refs/heads/main refs/remotes/main [1ms]
2025-05-17 22:21:53.471 [info] > git for-each-ref --sort -committerdate --format %(refname)%00%(objectname)%00%(*objectname) [2ms]
2025-05-17 22:21:53.483 [info] > git status -z -uall [19ms]
2025-05-17 22:21:58.578 [info] > git config --get commit.template [9ms]
2025-05-17 22:21:58.579 [info] > git for-each-ref --format=%(refname)%00%(upstream:short)%00%(objectname)%00%(upstream:track)%00%(upstream:remotename)%00%(upstream:remoteref) refs/heads/main refs/remotes/main [2ms]
2025-05-17 22:21:58.592 [info] > git for-each-ref --sort -committerdate --format %(refname)%00%(objectname)%00%(*objectname) [1ms]
2025-05-17 22:21:58.608 [info] > git status -z -uall [23ms]
2025-05-17 22:22:03.690 [info] > git config --get commit.template [6ms]
2025-05-17 22:22:03.690 [info] > git for-each-ref --format=%(refname)%00%(upstream:short)%00%(objectname)%00%(upstream:track)%00%(upstream:remotename)%00%(upstream:remoteref) refs/heads/main refs/remotes/main [1ms]
2025-05-17 22:22:03.701 [info] > git for-each-ref --sort -committerdate --format %(refname)%00%(objectname)%00%(*objectname) [1ms]
2025-05-17 22:22:03.713 [info] > git status -z -uall [18ms]
2025-05-17 22:22:08.787 [info] > git config --get commit.template [6ms]
2025-05-17 22:22:08.788 [info] > git for-each-ref --format=%(refname)%00%(upstream:short)%00%(objectname)%00%(upstream:track)%00%(upstream:remotename)%00%(upstream:remoteref) refs/heads/main refs/remotes/main [1ms]
2025-05-17 22:22:08.799 [info] > git for-each-ref --sort -committerdate --format %(refname)%00%(objectname)%00%(*objectname) [1ms]
2025-05-17 22:22:08.810 [info] > git status -z -uall [17ms]
2025-05-17 22:22:14.375 [info] > git config --get commit.template [1ms]
2025-05-17 22:22:14.383 [info] > git for-each-ref --format=%(refname)%00%(upstream:short)%00%(objectname)%00%(upstream:track)%00%(upstream:remotename)%00%(upstream:remoteref) refs/heads/main refs/remotes/main [1ms]
2025-05-17 22:22:14.400 [info] > git for-each-ref --sort -committerdate --format %(refname)%00%(objectname)%00%(*objectname) [2ms]
2025-05-17 22:22:14.414 [info] > git status -z -uall [23ms]
2025-05-17 22:22:16.839 [info] > git show --textconv :rule13b.txt [8ms]
2025-05-17 22:22:16.840 [info] > git ls-files --stage -- rule13b.txt [1ms]
2025-05-17 22:22:16.847 [info] > git cat-file -s 72dc3ae0aaec006145046a658ea19b61f6a19975 [1ms]
2025-05-17 22:22:19.512 [info] > git config --get commit.template [5ms]
2025-05-17 22:22:19.513 [info] > git for-each-ref --format=%(refname)%00%(upstream:short)%00%(objectname)%00%(upstream:track)%00%(upstream:remotename)%00%(upstream:remoteref) refs/heads/main refs/remotes/main [1ms]
2025-05-17 22:22:19.525 [info] > git for-each-ref --sort -committerdate --format %(refname)%00%(objectname)%00%(*objectname) [2ms]
2025-05-17 22:22:19.537 [info] > git status -z -uall [19ms]
2025-05-17 22:22:24.628 [info] > git config --get commit.template [5ms]
2025-05-17 22:22:24.628 [info] > git for-each-ref --format=%(refname)%00%(upstream:short)%00%(objectname)%00%(upstream:track)%00%(upstream:remotename)%00%(upstream:remoteref) refs/heads/main refs/remotes/main [1ms]
2025-05-17 22:22:24.642 [info] > git for-each-ref --sort -committerdate --format %(refname)%00%(objectname)%00%(*objectname) [2ms]
2025-05-17 22:22:24.655 [info] > git status -z -uall [21ms]
2025-05-17 22:22:26.756 [info] > git show --textconv :rule14a.txt [6ms]
2025-05-17 22:22:26.757 [info] > git ls-files --stage -- rule14a.txt [2ms]
2025-05-17 22:22:26.765 [info] > git cat-file -s dddb9959a2bce3a8c6600f196d3dc2b229e4c571 [1ms]
2025-05-17 22:22:29.750 [info] > git config --get commit.template [6ms]
2025-05-17 22:22:29.751 [info] > git for-each-ref --format=%(refname)%00%(upstream:short)%00%(objectname)%00%(upstream:track)%00%(upstream:remotename)%00%(upstream:remoteref) refs/heads/main refs/remotes/main [2ms]
2025-05-17 22:22:29.765 [info] > git for-each-ref --sort -committerdate --format %(refname)%00%(objectname)%00%(*objectname) [1ms]
2025-05-17 22:22:29.778 [info] > git status -z -uall [21ms]
2025-05-17 22:22:34.862 [info] > git config --get commit.template [6ms]
2025-05-17 22:22:34.863 [info] > git for-each-ref --format=%(refname)%00%(upstream:short)%00%(objectname)%00%(upstream:track)%00%(upstream:remotename)%00%(upstream:remoteref) refs/heads/main refs/remotes/main [1ms]
2025-05-17 22:22:34.873 [info] > git for-each-ref --sort -committerdate --format %(refname)%00%(objectname)%00%(*objectname) [1ms]
2025-05-17 22:22:34.889 [info] > git status -z -uall [22ms]
2025-05-17 22:22:41.490 [info] > git config --get commit.template [4ms]
2025-05-17 22:22:41.508 [info] > git for-each-ref --format=%(refname)%00%(upstream:short)%00%(objectname)%00%(upstream:track)%00%(upstream:remotename)%00%(upstream:remoteref) refs/heads/main refs/remotes/main [4ms]
2025-05-17 22:22:41.528 [info] > git for-each-ref --sort -committerdate --format %(refname)%00%(objectname)%00%(*objectname) [1ms]
2025-05-17 22:22:41.542 [info] > git status -z -uall [22ms]
2025-05-17 22:22:42.600 [info] > git show --textconv :rule14b.txt [12ms]
2025-05-17 22:22:42.603 [info] > git ls-files --stage -- rule14b.txt [4ms]
2025-05-17 22:22:42.619 [info] > git cat-file -s d2b9a13e393f294289a232d73d72fe1bfd2c17cf [4ms]
2025-05-17 22:22:42.669 [info] > git blame --root --incremental 78add7191df750e7d74d2b3e1ecbebc0595b35d4 -- rule14b.txt [28ms]
2025-05-17 22:22:46.097 [info] > git show --textconv :rule14c.txt [5ms]
2025-05-17 22:22:46.098 [info] > git ls-files --stage -- rule14c.txt [1ms]
2025-05-17 22:22:46.105 [info] > git cat-file -s b01ff8522880c3f244676120d29d0706f4c5ba1e [1ms]
2025-05-17 22:22:46.629 [info] > git config --get commit.template [5ms]
2025-05-17 22:22:46.630 [info] > git for-each-ref --format=%(refname)%00%(upstream:short)%00%(objectname)%00%(upstream:track)%00%(upstream:remotename)%00%(upstream:remoteref) refs/heads/main refs/remotes/main [1ms]
2025-05-17 22:22:46.644 [info] > git for-each-ref --sort -committerdate --format %(refname)%00%(objectname)%00%(*objectname) [1ms]
2025-05-17 22:22:46.658 [info] > git status -z -uall [20ms]
2025-05-17 22:22:51.755 [info] > git for-each-ref --format=%(refname)%00%(upstream:short)%00%(objectname)%00%(upstream:track)%00%(upstream:remotename)%00%(upstream:remoteref) refs/heads/main refs/remotes/main [4ms]
2025-05-17 22:22:51.755 [info] > git config --get commit.template [10ms]
2025-05-17 22:22:51.768 [info] > git for-each-ref --sort -committerdate --format %(refname)%00%(objectname)%00%(*objectname) [2ms]
2025-05-17 22:22:51.779 [info] > git status -z -uall [18ms]
2025-05-17 22:22:56.866 [info] > git config --get commit.template [8ms]
2025-05-17 22:22:56.867 [info] > git for-each-ref --format=%(refname)%00%(upstream:short)%00%(objectname)%00%(upstream:track)%00%(upstream:remotename)%00%(upstream:remoteref) refs/heads/main refs/remotes/main [1ms]
2025-05-17 22:22:56.881 [info] > git for-each-ref --sort -committerdate --format %(refname)%00%(objectname)%00%(*objectname) [1ms]
2025-05-17 22:22:56.893 [info] > git status -z -uall [20ms]
2025-05-17 22:22:57.781 [info] > git ls-files --stage -- rule14d.txt [2ms]
2025-05-17 22:22:57.787 [info] > git show --textconv :rule14d.txt [13ms]
2025-05-17 22:22:57.787 [info] > git cat-file -s 68a036cfd7a46f99e9f7325f7d99a6d7f8a6460b [2ms]
2025-05-17 22:23:01.978 [info] > git config --get commit.template [6ms]
2025-05-17 22:23:01.978 [info] > git for-each-ref --format=%(refname)%00%(upstream:short)%00%(objectname)%00%(upstream:track)%00%(upstream:remotename)%00%(upstream:remoteref) refs/heads/main refs/remotes/main [1ms]
2025-05-17 22:23:01.989 [info] > git for-each-ref --sort -committerdate --format %(refname)%00%(objectname)%00%(*objectname) [1ms]
2025-05-17 22:23:02.001 [info] > git status -z -uall [18ms]
2025-05-17 22:23:07.103 [info] > git config --get commit.template [17ms]
2025-05-17 22:23:07.106 [info] > git for-each-ref --format=%(refname)%00%(upstream:short)%00%(objectname)%00%(upstream:track)%00%(upstream:remotename)%00%(upstream:remoteref) refs/heads/main refs/remotes/main [3ms]
2025-05-17 22:23:07.141 [info] > git for-each-ref --sort -committerdate --format %(refname)%00%(objectname)%00%(*objectname) [4ms]
2025-05-17 22:23:07.152 [info] > git status -z -uall [31ms]
2025-05-17 22:23:08.161 [info] > git show --textconv :rule14e.txt [19ms]
2025-05-17 22:23:08.162 [info] > git ls-files --stage -- rule14e.txt [6ms]
2025-05-17 22:23:08.179 [info] > git cat-file -s b9d507938fc31bc7700923ce9fa0eaf8f5376abb [4ms]
2025-05-17 22:23:12.248 [info] > git config --get commit.template [17ms]
2025-05-17 22:23:12.250 [info] > git for-each-ref --format=%(refname)%00%(upstream:short)%00%(objectname)%00%(upstream:track)%00%(upstream:remotename)%00%(upstream:remoteref) refs/heads/main refs/remotes/main [4ms]
2025-05-17 22:23:12.278 [info] > git for-each-ref --sort -committerdate --format %(refname)%00%(objectname)%00%(*objectname) [1ms]
2025-05-17 22:23:12.291 [info] > git status -z -uall [27ms]
2025-05-17 22:23:17.876 [info] > git config --get commit.template [4ms]
2025-05-17 22:23:17.894 [info] > git for-each-ref --format=%(refname)%00%(upstream:short)%00%(objectname)%00%(upstream:track)%00%(upstream:remotename)%00%(upstream:remoteref) refs/heads/main refs/remotes/main [4ms]
2025-05-17 22:23:17.920 [info] > git for-each-ref --sort -committerdate --format %(refname)%00%(objectname)%00%(*objectname) [2ms]
2025-05-17 22:23:17.933 [info] > git status -z -uall [23ms]
2025-05-17 22:23:19.363 [info] > git show --textconv :test15.txt [6ms]
2025-05-17 22:23:19.364 [info] > git ls-files --stage -- test15.txt [2ms]
2025-05-17 22:23:19.371 [info] > git cat-file -s 0c94ca7a2966bc087482d4a6b63e6876e66364c0 [1ms]
2025-05-17 22:23:19.386 [info] > git blame --root --incremental 78add7191df750e7d74d2b3e1ecbebc0595b35d4 -- test15.txt [2ms]
2025-05-17 22:23:23.015 [info] > git config --get commit.template [5ms]
2025-05-17 22:23:23.016 [info] > git for-each-ref --format=%(refname)%00%(upstream:short)%00%(objectname)%00%(upstream:track)%00%(upstream:remotename)%00%(upstream:remoteref) refs/heads/main refs/remotes/main [1ms]
2025-05-17 22:23:23.027 [info] > git for-each-ref --sort -committerdate --format %(refname)%00%(objectname)%00%(*objectname) [1ms]
2025-05-17 22:23:23.039 [info] > git status -z -uall [18ms]
2025-05-17 22:23:28.118 [info] > git config --get commit.template [5ms]
2025-05-17 22:23:28.119 [info] > git for-each-ref --format=%(refname)%00%(upstream:short)%00%(objectname)%00%(upstream:track)%00%(upstream:remotename)%00%(upstream:remoteref) refs/heads/main refs/remotes/main [1ms]
2025-05-17 22:23:28.130 [info] > git for-each-ref --sort -committerdate --format %(refname)%00%(objectname)%00%(*objectname) [1ms]
2025-05-17 22:23:28.142 [info] > git status -z -uall [18ms]
2025-05-17 22:23:33.232 [info] > git config --get commit.template [8ms]
2025-05-17 22:23:33.233 [info] > git for-each-ref --format=%(refname)%00%(upstream:short)%00%(objectname)%00%(upstream:track)%00%(upstream:remotename)%00%(upstream:remoteref) refs/heads/main refs/remotes/main [1ms]
2025-05-17 22:23:33.245 [info] > git for-each-ref --sort -committerdate --format %(refname)%00%(objectname)%00%(*objectname) [1ms]
2025-05-17 22:23:33.264 [info] > git status -z -uall [25ms]
2025-05-17 22:23:38.416 [info] > git config --get commit.template [6ms]
2025-05-17 22:23:38.417 [info] > git for-each-ref --format=%(refname)%00%(upstream:short)%00%(objectname)%00%(upstream:track)%00%(upstream:remotename)%00%(upstream:remoteref) refs/heads/main refs/remotes/main [1ms]
2025-05-17 22:23:38.429 [info] > git for-each-ref --sort -committerdate --format %(refname)%00%(objectname)%00%(*objectname) [2ms]
2025-05-17 22:23:38.441 [info] > git status -z -uall [18ms]
2025-05-17 22:23:43.541 [info] > git config --get commit.template [16ms]
2025-05-17 22:23:43.543 [info] > git for-each-ref --format=%(refname)%00%(upstream:short)%00%(objectname)%00%(upstream:track)%00%(upstream:remotename)%00%(upstream:remoteref) refs/heads/main refs/remotes/main [4ms]
2025-05-17 22:23:43.567 [info] > git for-each-ref --sort -committerdate --format %(refname)%00%(objectname)%00%(*objectname) [2ms]
2025-05-17 22:23:43.582 [info] > git status -z -uall [25ms]
2025-05-17 22:23:49.148 [info] > git config --get commit.template [1ms]
2025-05-17 22:23:49.155 [info] > git for-each-ref --format=%(refname)%00%(upstream:short)%00%(objectname)%00%(upstream:track)%00%(upstream:remotename)%00%(upstream:remoteref) refs/heads/main refs/remotes/main [2ms]
2025-05-17 22:23:49.168 [info] > git for-each-ref --sort -committerdate --format %(refname)%00%(objectname)%00%(*objectname) [1ms]
2025-05-17 22:23:49.180 [info] > git status -z -uall [20ms]
2025-05-17 22:23:54.281 [info] > git config --get commit.template [12ms]
2025-05-17 22:23:54.283 [info] > git for-each-ref --format=%(refname)%00%(upstream:short)%00%(objectname)%00%(upstream:track)%00%(upstream:remotename)%00%(upstream:remoteref) refs/heads/main refs/remotes/main [3ms]
2025-05-17 22:23:54.309 [info] > git for-each-ref --sort -committerdate --format %(refname)%00%(objectname)%00%(*objectname) [3ms]
2025-05-17 22:23:54.326 [info] > git status -z -uall [31ms]
2025-05-17 22:23:59.405 [info] > git config --get commit.template [1ms]
2025-05-17 22:23:59.411 [info] > git for-each-ref --format=%(refname)%00%(upstream:short)%00%(objectname)%00%(upstream:track)%00%(upstream:remotename)%00%(upstream:remoteref) refs/heads/main refs/remotes/main [1ms]
2025-05-17 22:23:59.422 [info] > git for-each-ref --sort -committerdate --format %(refname)%00%(objectname)%00%(*objectname) [1ms]
2025-05-17 22:23:59.433 [info] > git status -z -uall [17ms]
2025-05-17 22:24:04.539 [info] > git config --get commit.template [16ms]
2025-05-17 22:24:04.541 [info] > git for-each-ref --format=%(refname)%00%(upstream:short)%00%(objectname)%00%(upstream:track)%00%(upstream:remotename)%00%(upstream:remoteref) refs/heads/main refs/remotes/main [4ms]
2025-05-17 22:24:04.572 [info] > git for-each-ref --sort -committerdate --format %(refname)%00%(objectname)%00%(*objectname) [4ms]
2025-05-17 22:24:04.605 [info] > git status -z -uall [49ms]
2025-05-17 22:24:07.214 [info] > git show --textconv :test15a.txt [7ms]
2025-05-17 22:24:07.215 [info] > git ls-files --stage -- test15a.txt [2ms]
2025-05-17 22:24:07.222 [info] > git cat-file -s c6c55a51ce1576c0e332df0f294922346672ff93 [1ms]
2025-05-17 22:24:09.715 [info] > git config --get commit.template [12ms]
2025-05-17 22:24:09.716 [info] > git for-each-ref --format=%(refname)%00%(upstream:short)%00%(objectname)%00%(upstream:track)%00%(upstream:remotename)%00%(upstream:remoteref) refs/heads/main refs/remotes/main [1ms]
2025-05-17 22:24:09.728 [info] > git for-each-ref --sort -committerdate --format %(refname)%00%(objectname)%00%(*objectname) [1ms]
2025-05-17 22:24:09.740 [info] > git status -z -uall [18ms]
2025-05-17 22:24:14.835 [info] > git config --get commit.template [7ms]
2025-05-17 22:24:14.836 [info] > git for-each-ref --format=%(refname)%00%(upstream:short)%00%(objectname)%00%(upstream:track)%00%(upstream:remotename)%00%(upstream:remoteref) refs/heads/main refs/remotes/main [2ms]
2025-05-17 22:24:14.850 [info] > git for-each-ref --sort -committerdate --format %(refname)%00%(objectname)%00%(*objectname) [2ms]
2025-05-17 22:24:14.867 [info] > git status -z -uall [25ms]
2025-05-17 22:24:16.747 [info] > git blame --root --incremental 78add7191df750e7d74d2b3e1ecbebc0595b35d4 -- test15a.txt [2ms]
2025-05-17 22:24:19.952 [info] > git config --get commit.template [6ms]
2025-05-17 22:24:19.953 [info] > git for-each-ref --format=%(refname)%00%(upstream:short)%00%(objectname)%00%(upstream:track)%00%(upstream:remotename)%00%(upstream:remoteref) refs/heads/main refs/remotes/main [2ms]
2025-05-17 22:24:19.966 [info] > git for-each-ref --sort -committerdate --format %(refname)%00%(objectname)%00%(*objectname) [1ms]
2025-05-17 22:24:19.979 [info] > git status -z -uall [21ms]
2025-05-17 22:25:26.883 [info] > git config --get commit.template [4ms]
2025-05-17 22:25:26.896 [info] > git for-each-ref --format=%(refname)%00%(upstream:short)%00%(objectname)%00%(upstream:track)%00%(upstream:remotename)%00%(upstream:remoteref) refs/heads/main refs/remotes/main [2ms]
2025-05-17 22:25:26.916 [info] > git for-each-ref --sort -committerdate --format %(refname)%00%(objectname)%00%(*objectname) [2ms]
2025-05-17 22:25:26.931 [info] > git status -z -uall [25ms]
2025-05-17 22:25:32.034 [info] > git config --get commit.template [7ms]
2025-05-17 22:25:32.034 [info] > git for-each-ref --format=%(refname)%00%(upstream:short)%00%(objectname)%00%(upstream:track)%00%(upstream:remotename)%00%(upstream:remoteref) refs/heads/main refs/remotes/main [1ms]
2025-05-17 22:25:32.046 [info] > git for-each-ref --sort -committerdate --format %(refname)%00%(objectname)%00%(*objectname) [1ms]
2025-05-17 22:25:32.057 [info] > git status -z -uall [17ms]
2025-05-17 22:28:28.634 [info] > git config --get commit.template [8ms]
2025-05-17 22:28:28.635 [info] > git for-each-ref --format=%(refname)%00%(upstream:short)%00%(objectname)%00%(upstream:track)%00%(upstream:remotename)%00%(upstream:remoteref) refs/heads/main refs/remotes/main [2ms]
2025-05-17 22:28:28.653 [info] > git for-each-ref --sort -committerdate --format %(refname)%00%(objectname)%00%(*objectname) [1ms]
2025-05-17 22:28:28.669 [info] > git status -z -uall [26ms]
2025-05-17 22:28:33.790 [info] > git config --get commit.template [14ms]
2025-05-17 22:28:33.792 [info] > git for-each-ref --format=%(refname)%00%(upstream:short)%00%(objectname)%00%(upstream:track)%00%(upstream:remotename)%00%(upstream:remoteref) refs/heads/main refs/remotes/main [4ms]
2025-05-17 22:28:33.813 [info] > git for-each-ref --sort -committerdate --format %(refname)%00%(objectname)%00%(*objectname) [1ms]
2025-05-17 22:28:33.827 [info] > git status -z -uall [22ms]
2025-05-17 22:28:38.914 [info] > git config --get commit.template [7ms]
2025-05-17 22:28:38.915 [info] > git for-each-ref --format=%(refname)%00%(upstream:short)%00%(objectname)%00%(upstream:track)%00%(upstream:remotename)%00%(upstream:remoteref) refs/heads/main refs/remotes/main [1ms]
2025-05-17 22:28:38.930 [info] > git for-each-ref --sort -committerdate --format %(refname)%00%(objectname)%00%(*objectname) [3ms]
2025-05-17 22:28:38.946 [info] > git status -z -uall [25ms]
2025-05-17 22:28:44.892 [info] > git config --get commit.template [12ms]
2025-05-17 22:28:44.893 [info] > git for-each-ref --format=%(refname)%00%(upstream:short)%00%(objectname)%00%(upstream:track)%00%(upstream:remotename)%00%(upstream:remoteref) refs/heads/main refs/remotes/main [1ms]
2025-05-17 22:28:44.903 [info] > git for-each-ref --sort -committerdate --format %(refname)%00%(objectname)%00%(*objectname) [1ms]
2025-05-17 22:28:44.919 [info] > git status -z -uall [21ms]
2025-05-17 22:28:49.998 [info] > git config --get commit.template [5ms]
2025-05-17 22:28:49.999 [info] > git for-each-ref --format=%(refname)%00%(upstream:short)%00%(objectname)%00%(upstream:track)%00%(upstream:remotename)%00%(upstream:remoteref) refs/heads/main refs/remotes/main [1ms]
2025-05-17 22:28:50.008 [info] > git for-each-ref --sort -committerdate --format %(refname)%00%(objectname)%00%(*objectname) [1ms]
2025-05-17 22:28:50.021 [info] > git status -z -uall [18ms]
2025-05-17 22:28:55.106 [info] > git config --get commit.template [5ms]
2025-05-17 22:28:55.107 [info] > git for-each-ref --format=%(refname)%00%(upstream:short)%00%(objectname)%00%(upstream:track)%00%(upstream:remotename)%00%(upstream:remoteref) refs/heads/main refs/remotes/main [2ms]
2025-05-17 22:28:55.117 [info] > git for-each-ref --sort -committerdate --format %(refname)%00%(objectname)%00%(*objectname) [2ms]
2025-05-17 22:28:55.131 [info] > git status -z -uall [20ms]
2025-05-17 22:29:00.232 [info] > git config --get commit.template [13ms]
2025-05-17 22:29:00.235 [info] > git for-each-ref --format=%(refname)%00%(upstream:short)%00%(objectname)%00%(upstream:track)%00%(upstream:remotename)%00%(upstream:remoteref) refs/heads/main refs/remotes/main [4ms]
2025-05-17 22:29:00.261 [info] > git for-each-ref --sort -committerdate --format %(refname)%00%(objectname)%00%(*objectname) [3ms]
2025-05-17 22:29:00.279 [info] > git status -z -uall [29ms]
2025-05-17 22:29:05.379 [info] > git config --get commit.template [13ms]
2025-05-17 22:29:05.382 [info] > git for-each-ref --format=%(refname)%00%(upstream:short)%00%(objectname)%00%(upstream:track)%00%(upstream:remotename)%00%(upstream:remoteref) refs/heads/main refs/remotes/main [4ms]
2025-05-17 22:29:05.406 [info] > git for-each-ref --sort -committerdate --format %(refname)%00%(objectname)%00%(*objectname) [1ms]
2025-05-17 22:29:05.425 [info] > git status -z -uall [30ms]
2025-05-17 22:29:10.505 [info] > git config --get commit.template [6ms]
2025-05-17 22:29:10.505 [info] > git for-each-ref --format=%(refname)%00%(upstream:short)%00%(objectname)%00%(upstream:track)%00%(upstream:remotename)%00%(upstream:remoteref) refs/heads/main refs/remotes/main [1ms]
2025-05-17 22:29:10.515 [info] > git for-each-ref --sort -committerdate --format %(refname)%00%(objectname)%00%(*objectname) [1ms]
2025-05-17 22:29:10.528 [info] > git status -z -uall [18ms]
2025-05-17 22:29:15.628 [info] > git config --get commit.template [13ms]
2025-05-17 22:29:15.631 [info] > git for-each-ref --format=%(refname)%00%(upstream:short)%00%(objectname)%00%(upstream:track)%00%(upstream:remotename)%00%(upstream:remoteref) refs/heads/main refs/remotes/main [4ms]
2025-05-17 22:29:15.660 [info] > git for-each-ref --sort -committerdate --format %(refname)%00%(objectname)%00%(*objectname) [4ms]
2025-05-17 22:29:15.680 [info] > git status -z -uall [36ms]
2025-05-17 22:29:22.334 [info] > git config --get commit.template [4ms]
2025-05-17 22:29:22.348 [info] > git for-each-ref --format=%(refname)%00%(upstream:short)%00%(objectname)%00%(upstream:track)%00%(upstream:remotename)%00%(upstream:remoteref) refs/heads/main refs/remotes/main [3ms]
2025-05-17 22:29:22.374 [info] > git for-each-ref --sort -committerdate --format %(refname)%00%(objectname)%00%(*objectname) [3ms]
2025-05-17 22:29:22.410 [info] > git status -z -uall [50ms]
2025-05-17 22:29:27.532 [info] > git config --get commit.template [25ms]
2025-05-17 22:29:27.533 [info] > git for-each-ref --format=%(refname)%00%(upstream:short)%00%(objectname)%00%(upstream:track)%00%(upstream:remotename)%00%(upstream:remoteref) refs/heads/main refs/remotes/main [13ms]
2025-05-17 22:29:27.561 [info] > git for-each-ref --sort -committerdate --format %(refname)%00%(objectname)%00%(*objectname) [4ms]
2025-05-17 22:29:27.577 [info] > git status -z -uall [30ms]
2025-05-17 22:29:32.677 [info] > git config --get commit.template [15ms]
2025-05-17 22:29:32.680 [info] > git for-each-ref --format=%(refname)%00%(upstream:short)%00%(objectname)%00%(upstream:track)%00%(upstream:remotename)%00%(upstream:remoteref) refs/heads/main refs/remotes/main [3ms]
2025-05-17 22:29:32.699 [info] > git for-each-ref --sort -committerdate --format %(refname)%00%(objectname)%00%(*objectname) [2ms]
2025-05-17 22:29:32.713 [info] > git status -z -uall [21ms]
2025-05-17 22:29:37.800 [info] > git config --get commit.template [5ms]
2025-05-17 22:29:37.801 [info] > git for-each-ref --format=%(refname)%00%(upstream:short)%00%(objectname)%00%(upstream:track)%00%(upstream:remotename)%00%(upstream:remoteref) refs/heads/main refs/remotes/main [1ms]
2025-05-17 22:29:37.813 [info] > git for-each-ref --sort -committerdate --format %(refname)%00%(objectname)%00%(*objectname) [1ms]
2025-05-17 22:29:37.828 [info] > git status -z -uall [21ms]
2025-05-17 22:29:42.910 [info] > git for-each-ref --format=%(refname)%00%(upstream:short)%00%(objectname)%00%(upstream:track)%00%(upstream:remotename)%00%(upstream:remoteref) refs/heads/main refs/remotes/main [2ms]
2025-05-17 22:29:42.911 [info] > git config --get commit.template [7ms]
2025-05-17 22:29:42.924 [info] > git for-each-ref --sort -committerdate --format %(refname)%00%(objectname)%00%(*objectname) [2ms]
2025-05-17 22:29:42.946 [info] > git status -z -uall [29ms]
2025-05-17 22:29:48.113 [info] > git config --get commit.template [5ms]
2025-05-17 22:29:48.114 [info] > git for-each-ref --format=%(refname)%00%(upstream:short)%00%(objectname)%00%(upstream:track)%00%(upstream:remotename)%00%(upstream:remoteref) refs/heads/main refs/remotes/main [1ms]
2025-05-17 22:29:48.124 [info] > git for-each-ref --sort -committerdate --format %(refname)%00%(objectname)%00%(*objectname) [1ms]
2025-05-17 22:29:48.138 [info] > git status -z -uall [19ms]
2025-05-17 22:29:53.209 [info] > git config --get commit.template [1ms]
2025-05-17 22:29:53.218 [info] > git for-each-ref --format=%(refname)%00%(upstream:short)%00%(objectname)%00%(upstream:track)%00%(upstream:remotename)%00%(upstream:remoteref) refs/heads/main refs/remotes/main [2ms]
2025-05-17 22:29:53.235 [info] > git for-each-ref --sort -committerdate --format %(refname)%00%(objectname)%00%(*objectname) [6ms]
2025-05-17 22:29:53.245 [info] > git status -z -uall [22ms]
2025-05-17 22:29:59.856 [info] > git config --get commit.template [7ms]
2025-05-17 22:29:59.856 [info] > git for-each-ref --format=%(refname)%00%(upstream:short)%00%(objectname)%00%(upstream:track)%00%(upstream:remotename)%00%(upstream:remoteref) refs/heads/main refs/remotes/main [1ms]
2025-05-17 22:29:59.870 [info] > git for-each-ref --sort -committerdate --format %(refname)%00%(objectname)%00%(*objectname) [2ms]
2025-05-17 22:29:59.884 [info] > git status -z -uall [21ms]
2025-05-17 22:30:04.971 [info] > git config --get commit.template [6ms]
2025-05-17 22:30:04.972 [info] > git for-each-ref --format=%(refname)%00%(upstream:short)%00%(objectname)%00%(upstream:track)%00%(upstream:remotename)%00%(upstream:remoteref) refs/heads/main refs/remotes/main [2ms]
2025-05-17 22:30:04.983 [info] > git for-each-ref --sort -committerdate --format %(refname)%00%(objectname)%00%(*objectname) [1ms]
2025-05-17 22:30:04.997 [info] > git status -z -uall [19ms]
2025-05-17 22:30:10.085 [info] > git config --get commit.template [6ms]
2025-05-17 22:30:10.086 [info] > git for-each-ref --format=%(refname)%00%(upstream:short)%00%(objectname)%00%(upstream:track)%00%(upstream:remotename)%00%(upstream:remoteref) refs/heads/main refs/remotes/main [1ms]
2025-05-17 22:30:10.099 [info] > git for-each-ref --sort -committerdate --format %(refname)%00%(objectname)%00%(*objectname) [2ms]
2025-05-17 22:30:10.111 [info] > git status -z -uall [19ms]
2025-05-17 22:30:15.193 [info] > git config --get commit.template [5ms]
2025-05-17 22:30:15.193 [info] > git for-each-ref --format=%(refname)%00%(upstream:short)%00%(objectname)%00%(upstream:track)%00%(upstream:remotename)%00%(upstream:remoteref) refs/heads/main refs/remotes/main [1ms]
2025-05-17 22:30:15.205 [info] > git for-each-ref --sort -committerdate --format %(refname)%00%(objectname)%00%(*objectname) [2ms]
2025-05-17 22:30:15.218 [info] > git status -z -uall [20ms]
2025-05-17 22:30:24.390 [info] > git config --get commit.template [8ms]
2025-05-17 22:30:24.391 [info] > git for-each-ref --format=%(refname)%00%(upstream:short)%00%(objectname)%00%(upstream:track)%00%(upstream:remotename)%00%(upstream:remoteref) refs/heads/main refs/remotes/main [2ms]
2025-05-17 22:30:24.405 [info] > git for-each-ref --sort -committerdate --format %(refname)%00%(objectname)%00%(*objectname) [1ms]
2025-05-17 22:30:24.419 [info] > git status -z -uall [21ms]
2025-05-17 22:31:14.642 [info] > git config --get commit.template [3ms]
2025-05-17 22:31:14.655 [info] > git for-each-ref --format=%(refname)%00%(upstream:short)%00%(objectname)%00%(upstream:track)%00%(upstream:remotename)%00%(upstream:remoteref) refs/heads/main refs/remotes/main [2ms]
2025-05-17 22:31:14.671 [info] > git for-each-ref --sort -committerdate --format %(refname)%00%(objectname)%00%(*objectname) [2ms]
2025-05-17 22:31:14.686 [info] > git status -z -uall [25ms]
2025-05-17 22:31:17.492 [info] > git show --textconv :lex.yy.c [6ms]
2025-05-17 22:31:17.493 [info] > git ls-files --stage -- lex.yy.c [2ms]
2025-05-17 22:31:17.501 [info] > git cat-file -s 291939ae23594d1caeb31f03fd90f04c00269e4a [1ms]
2025-05-17 22:31:19.804 [info] > git config --get commit.template [6ms]
2025-05-17 22:31:19.805 [info] > git for-each-ref --format=%(refname)%00%(upstream:short)%00%(objectname)%00%(upstream:track)%00%(upstream:remotename)%00%(upstream:remoteref) refs/heads/main refs/remotes/main [2ms]
2025-05-17 22:31:19.820 [info] > git for-each-ref --sort -committerdate --format %(refname)%00%(objectname)%00%(*objectname) [1ms]
2025-05-17 22:31:19.832 [info] > git status -z -uall [21ms]
2025-05-17 22:31:22.444 [info] > git ls-files --stage -- part1_EL.l [2ms]
2025-05-17 22:31:22.451 [info] > git show --textconv :part1_EL.l [15ms]
2025-05-17 22:31:22.452 [info] > git cat-file -s 9e12138743a2ec4dbc80d67bfaca56800d54c4e6 [2ms]
2025-05-17 22:31:22.472 [info] > git blame --root --incremental 78add7191df750e7d74d2b3e1ecbebc0595b35d4 -- part1_EL.l [7ms]
2025-05-17 22:31:24.925 [info] > git config --get commit.template [6ms]
2025-05-17 22:31:24.926 [info] > git for-each-ref --format=%(refname)%00%(upstream:short)%00%(objectname)%00%(upstream:track)%00%(upstream:remotename)%00%(upstream:remoteref) refs/heads/main refs/remotes/main [2ms]
2025-05-17 22:31:24.938 [info] > git for-each-ref --sort -committerdate --format %(refname)%00%(objectname)%00%(*objectname) [1ms]
2025-05-17 22:31:24.951 [info] > git status -z -uall [19ms]
2025-05-17 22:31:30.039 [info] > git config --get commit.template [8ms]
2025-05-17 22:31:30.041 [info] > git for-each-ref --format=%(refname)%00%(upstream:short)%00%(objectname)%00%(upstream:track)%00%(upstream:remotename)%00%(upstream:remoteref) refs/heads/main refs/remotes/main [2ms]
2025-05-17 22:31:30.059 [info] > git for-each-ref --sort -committerdate --format %(refname)%00%(objectname)%00%(*objectname) [2ms]
2025-05-17 22:31:30.073 [info] > git status -z -uall [24ms]
2025-05-17 22:31:35.253 [info] > git config --get commit.template [15ms]
2025-05-17 22:31:35.256 [info] > git for-each-ref --format=%(refname)%00%(upstream:short)%00%(objectname)%00%(upstream:track)%00%(upstream:remotename)%00%(upstream:remoteref) refs/heads/main refs/remotes/main [5ms]
2025-05-17 22:31:35.288 [info] > git for-each-ref --sort -committerdate --format %(refname)%00%(objectname)%00%(*objectname) [4ms]
2025-05-17 22:31:35.302 [info] > git status -z -uall [31ms]
2025-05-17 22:32:41.016 [info] > git config --get commit.template [9ms]
2025-05-17 22:32:41.016 [info] > git for-each-ref --format=%(refname)%00%(upstream:short)%00%(objectname)%00%(upstream:track)%00%(upstream:remotename)%00%(upstream:remoteref) refs/heads/main refs/remotes/main [1ms]
2025-05-17 22:32:41.032 [info] > git for-each-ref --sort -committerdate --format %(refname)%00%(objectname)%00%(*objectname) [1ms]
2025-05-17 22:32:41.047 [info] > git status -z -uall [23ms]
2025-05-17 22:32:46.173 [info] > git config --get commit.template [17ms]
2025-05-17 22:32:46.175 [info] > git for-each-ref --format=%(refname)%00%(upstream:short)%00%(objectname)%00%(upstream:track)%00%(upstream:remotename)%00%(upstream:remoteref) refs/heads/main refs/remotes/main [3ms]
2025-05-17 22:32:46.208 [info] > git for-each-ref --sort -committerdate --format %(refname)%00%(objectname)%00%(*objectname) [4ms]
2025-05-17 22:32:46.240 [info] > git status -z -uall [50ms]
2025-05-17 22:32:51.340 [info] > git config --get commit.template [6ms]
2025-05-17 22:32:51.340 [info] > git for-each-ref --format=%(refname)%00%(upstream:short)%00%(objectname)%00%(upstream:track)%00%(upstream:remotename)%00%(upstream:remoteref) refs/heads/main refs/remotes/main [1ms]
2025-05-17 22:32:51.353 [info] > git for-each-ref --sort -committerdate --format %(refname)%00%(objectname)%00%(*objectname) [2ms]
2025-05-17 22:32:51.368 [info] > git status -z -uall [22ms]
2025-05-17 22:32:53.229 [info] > git show --textconv :rule11a.txt [15ms]
2025-05-17 22:32:53.235 [info] > git ls-files --stage -- rule11a.txt [6ms]
2025-05-17 22:32:53.246 [info] > git cat-file -s b72f00eea298727a237a44f690e5ee6f382520c1 [2ms]
2025-05-17 22:32:56.941 [info] > git config --get commit.template [5ms]
2025-05-17 22:32:56.941 [info] > git for-each-ref --format=%(refname)%00%(upstream:short)%00%(objectname)%00%(upstream:track)%00%(upstream:remotename)%00%(upstream:remoteref) refs/heads/main refs/remotes/main [1ms]
2025-05-17 22:32:56.954 [info] > git for-each-ref --sort -committerdate --format %(refname)%00%(objectname)%00%(*objectname) [3ms]
2025-05-17 22:32:56.964 [info] > git status -z -uall [18ms]
2025-05-17 22:32:57.773 [info] > git show --textconv :test15a.txt [6ms]
2025-05-17 22:32:57.775 [info] > git ls-files --stage -- test15a.txt [2ms]
2025-05-17 22:32:57.781 [info] > git cat-file -s c6c55a51ce1576c0e332df0f294922346672ff93 [1ms]
2025-05-17 22:33:02.065 [info] > git config --get commit.template [12ms]
2025-05-17 22:33:02.067 [info] > git for-each-ref --format=%(refname)%00%(upstream:short)%00%(objectname)%00%(upstream:track)%00%(upstream:remotename)%00%(upstream:remoteref) refs/heads/main refs/remotes/main [3ms]
2025-05-17 22:33:02.084 [info] > git for-each-ref --sort -committerdate --format %(refname)%00%(objectname)%00%(*objectname) [2ms]
2025-05-17 22:33:02.102 [info] > git status -z -uall [26ms]
2025-05-17 22:33:07.213 [info] > git config --get commit.template [15ms]
2025-05-17 22:33:07.216 [info] > git for-each-ref --format=%(refname)%00%(upstream:short)%00%(objectname)%00%(upstream:track)%00%(upstream:remotename)%00%(upstream:remoteref) refs/heads/main refs/remotes/main [4ms]
2025-05-17 22:33:07.244 [info] > git for-each-ref --sort -committerdate --format %(refname)%00%(objectname)%00%(*objectname) [2ms]
2025-05-17 22:33:07.265 [info] > git status -z -uall [35ms]
2025-05-17 22:33:12.368 [info] > git config --get commit.template [14ms]
2025-05-17 22:33:12.371 [info] > git for-each-ref --format=%(refname)%00%(upstream:short)%00%(objectname)%00%(upstream:track)%00%(upstream:remotename)%00%(upstream:remoteref) refs/heads/main refs/remotes/main [4ms]
2025-05-17 22:33:12.394 [info] > git for-each-ref --sort -committerdate --format %(refname)%00%(objectname)%00%(*objectname) [1ms]
2025-05-17 22:33:12.408 [info] > git status -z -uall [23ms]
2025-05-17 22:33:17.498 [info] > git config --get commit.template [6ms]
2025-05-17 22:33:17.499 [info] > git for-each-ref --format=%(refname)%00%(upstream:short)%00%(objectname)%00%(upstream:track)%00%(upstream:remotename)%00%(upstream:remoteref) refs/heads/main refs/remotes/main [1ms]
2025-05-17 22:33:17.513 [info] > git for-each-ref --sort -committerdate --format %(refname)%00%(objectname)%00%(*objectname) [2ms]
2025-05-17 22:33:17.530 [info] > git status -z -uall [24ms]
2025-05-17 22:33:22.632 [info] > git config --get commit.template [12ms]
2025-05-17 22:33:22.633 [info] > git for-each-ref --format=%(refname)%00%(upstream:short)%00%(objectname)%00%(upstream:track)%00%(upstream:remotename)%00%(upstream:remoteref) refs/heads/main refs/remotes/main [2ms]
2025-05-17 22:33:22.650 [info] > git for-each-ref --sort -committerdate --format %(refname)%00%(objectname)%00%(*objectname) [1ms]
2025-05-17 22:33:22.664 [info] > git status -z -uall [22ms]
2025-05-17 22:33:23.242 [info] > git show --textconv :test15.txt [7ms]
2025-05-17 22:33:23.244 [info] > git ls-files --stage -- test15.txt [3ms]
2025-05-17 22:33:23.252 [info] > git cat-file -s 0c94ca7a2966bc087482d4a6b63e6876e66364c0 [1ms]
2025-05-17 22:33:24.653 [info] > git show --textconv :test15a.txt [18ms]
2025-05-17 22:33:24.655 [info] > git ls-files --stage -- test15a.txt [5ms]
2025-05-17 22:33:24.668 [info] > git cat-file -s c6c55a51ce1576c0e332df0f294922346672ff93 [2ms]
2025-05-17 22:33:27.772 [info] > git config --get commit.template [9ms]
2025-05-17 22:33:27.772 [info] > git for-each-ref --format=%(refname)%00%(upstream:short)%00%(objectname)%00%(upstream:track)%00%(upstream:remotename)%00%(upstream:remoteref) refs/heads/main refs/remotes/main [1ms]
2025-05-17 22:33:27.785 [info] > git for-each-ref --sort -committerdate --format %(refname)%00%(objectname)%00%(*objectname) [2ms]
2025-05-17 22:33:27.798 [info] > git status -z -uall [20ms]
2025-05-17 22:33:32.899 [info] > git config --get commit.template [15ms]
2025-05-17 22:33:32.902 [info] > git for-each-ref --format=%(refname)%00%(upstream:short)%00%(objectname)%00%(upstream:track)%00%(upstream:remotename)%00%(upstream:remoteref) refs/heads/main refs/remotes/main [9ms]
2025-05-17 22:33:32.918 [info] > git for-each-ref --sort -committerdate --format %(refname)%00%(objectname)%00%(*objectname) [2ms]
2025-05-17 22:33:32.936 [info] > git status -z -uall [26ms]
2025-05-17 22:33:39.551 [info] > git config --get commit.template [6ms]
2025-05-17 22:33:39.551 [info] > git for-each-ref --format=%(refname)%00%(upstream:short)%00%(objectname)%00%(upstream:track)%00%(upstream:remotename)%00%(upstream:remoteref) refs/heads/main refs/remotes/main [1ms]
2025-05-17 22:33:39.563 [info] > git for-each-ref --sort -committerdate --format %(refname)%00%(objectname)%00%(*objectname) [2ms]
2025-05-17 22:33:39.575 [info] > git status -z -uall [18ms]
2025-05-17 22:33:46.563 [info] > git config --get commit.template [3ms]
2025-05-17 22:33:46.572 [info] > git for-each-ref --format=%(refname)%00%(upstream:short)%00%(objectname)%00%(upstream:track)%00%(upstream:remotename)%00%(upstream:remoteref) refs/heads/main refs/remotes/main [2ms]
2025-05-17 22:33:46.586 [info] > git for-each-ref --sort -committerdate --format %(refname)%00%(objectname)%00%(*objectname) [2ms]
2025-05-17 22:33:46.600 [info] > git status -z -uall [21ms]
2025-05-17 22:34:04.006 [info] > git config --get commit.template [9ms]
2025-05-17 22:34:04.007 [info] > git for-each-ref --format=%(refname)%00%(upstream:short)%00%(objectname)%00%(upstream:track)%00%(upstream:remotename)%00%(upstream:remoteref) refs/heads/main refs/remotes/main [2ms]
2025-05-17 22:34:04.024 [info] > git for-each-ref --sort -committerdate --format %(refname)%00%(objectname)%00%(*objectname) [2ms]
2025-05-17 22:34:04.038 [info] > git status -z -uall [24ms]
2025-05-17 22:34:09.140 [info] > git config --get commit.template [6ms]
2025-05-17 22:34:09.141 [info] > git for-each-ref --format=%(refname)%00%(upstream:short)%00%(objectname)%00%(upstream:track)%00%(upstream:remotename)%00%(upstream:remoteref) refs/heads/main refs/remotes/main [2ms]
2025-05-17 22:34:09.153 [info] > git for-each-ref --sort -committerdate --format %(refname)%00%(objectname)%00%(*objectname) [2ms]
2025-05-17 22:34:09.166 [info] > git status -z -uall [19ms]
2025-05-17 22:34:14.247 [info] > git config --get commit.template [6ms]
2025-05-17 22:34:14.247 [info] > git for-each-ref --format=%(refname)%00%(upstream:short)%00%(objectname)%00%(upstream:track)%00%(upstream:remotename)%00%(upstream:remoteref) refs/heads/main refs/remotes/main [1ms]
2025-05-17 22:34:14.259 [info] > git for-each-ref --sort -committerdate --format %(refname)%00%(objectname)%00%(*objectname) [2ms]
2025-05-17 22:34:14.270 [info] > git status -z -uall [18ms]
2025-05-17 22:34:19.377 [info] > git config --get commit.template [16ms]
2025-05-17 22:34:19.379 [info] > git for-each-ref --format=%(refname)%00%(upstream:short)%00%(objectname)%00%(upstream:track)%00%(upstream:remotename)%00%(upstream:remoteref) refs/heads/main refs/remotes/main [3ms]
2025-05-17 22:34:19.411 [info] > git for-each-ref --sort -committerdate --format %(refname)%00%(objectname)%00%(*objectname) [4ms]
2025-05-17 22:34:19.424 [info] > git status -z -uall [30ms]
2025-05-17 22:34:25.015 [info] > git config --get commit.template [3ms]
2025-05-17 22:34:25.032 [info] > git for-each-ref --format=%(refname)%00%(upstream:short)%00%(objectname)%00%(upstream:track)%00%(upstream:remotename)%00%(upstream:remoteref) refs/heads/main refs/remotes/main [3ms]
2025-05-17 22:34:25.063 [info] > git for-each-ref --sort -committerdate --format %(refname)%00%(objectname)%00%(*objectname) [4ms]
2025-05-17 22:34:25.076 [info] > git status -z -uall [31ms]
2025-05-17 22:34:30.216 [info] > git config --get commit.template [15ms]
2025-05-17 22:34:30.218 [info] > git for-each-ref --format=%(refname)%00%(upstream:short)%00%(objectname)%00%(upstream:track)%00%(upstream:remotename)%00%(upstream:remoteref) refs/heads/main refs/remotes/main [4ms]
2025-05-17 22:34:30.249 [info] > git for-each-ref --sort -committerdate --format %(refname)%00%(objectname)%00%(*objectname) [3ms]
2025-05-17 22:34:30.263 [info] > git status -z -uall [30ms]
2025-05-17 22:34:39.848 [info] > git config --get commit.template [8ms]
2025-05-17 22:34:39.849 [info] > git for-each-ref --format=%(refname)%00%(upstream:short)%00%(objectname)%00%(upstream:track)%00%(upstream:remotename)%00%(upstream:remoteref) refs/heads/main refs/remotes/main [1ms]
2025-05-17 22:34:39.867 [info] > git for-each-ref --sort -committerdate --format %(refname)%00%(objectname)%00%(*objectname) [2ms]
2025-05-17 22:34:39.885 [info] > git status -z -uall [29ms]
2025-05-17 22:34:44.974 [info] > git config --get commit.template [8ms]
2025-05-17 22:34:44.975 [info] > git for-each-ref --format=%(refname)%00%(upstream:short)%00%(objectname)%00%(upstream:track)%00%(upstream:remotename)%00%(upstream:remoteref) refs/heads/main refs/remotes/main [1ms]
2025-05-17 22:34:44.988 [info] > git for-each-ref --sort -committerdate --format %(refname)%00%(objectname)%00%(*objectname) [2ms]
2025-05-17 22:34:45.001 [info] > git status -z -uall [20ms]
2025-05-17 22:35:40.544 [info] > git config --get commit.template [5ms]
2025-05-17 22:35:40.556 [info] > git for-each-ref --format=%(refname)%00%(upstream:short)%00%(objectname)%00%(upstream:track)%00%(upstream:remotename)%00%(upstream:remoteref) refs/heads/main refs/remotes/main [3ms]
2025-05-17 22:35:40.575 [info] > git for-each-ref --sort -committerdate --format %(refname)%00%(objectname)%00%(*objectname) [2ms]
2025-05-17 22:35:40.590 [info] > git status -z -uall [26ms]
2025-05-17 22:35:45.704 [info] > git config --get commit.template [7ms]
2025-05-17 22:35:45.704 [info] > git for-each-ref --format=%(refname)%00%(upstream:short)%00%(objectname)%00%(upstream:track)%00%(upstream:remotename)%00%(upstream:remoteref) refs/heads/main refs/remotes/main [1ms]
2025-05-17 22:35:45.716 [info] > git for-each-ref --sort -committerdate --format %(refname)%00%(objectname)%00%(*objectname) [2ms]
2025-05-17 22:35:45.729 [info] > git status -z -uall [19ms]
2025-05-17 22:35:50.821 [info] > git config --get commit.template [9ms]
2025-05-17 22:35:50.823 [info] > git for-each-ref --format=%(refname)%00%(upstream:short)%00%(objectname)%00%(upstream:track)%00%(upstream:remotename)%00%(upstream:remoteref) refs/heads/main refs/remotes/main [2ms]
2025-05-17 22:35:50.838 [info] > git for-each-ref --sort -committerdate --format %(refname)%00%(objectname)%00%(*objectname) [2ms]
2025-05-17 22:35:50.853 [info] > git status -z -uall [25ms]
2025-05-17 22:35:55.964 [info] > git config --get commit.template [18ms]
2025-05-17 22:35:55.967 [info] > git for-each-ref --format=%(refname)%00%(upstream:short)%00%(objectname)%00%(upstream:track)%00%(upstream:remotename)%00%(upstream:remoteref) refs/heads/main refs/remotes/main [5ms]
2025-05-17 22:35:55.998 [info] > git for-each-ref --sort -committerdate --format %(refname)%00%(objectname)%00%(*objectname) [3ms]
2025-05-17 22:35:56.022 [info] > git status -z -uall [38ms]
2025-05-17 22:36:01.132 [info] > git config --get commit.template [6ms]
2025-05-17 22:36:01.133 [info] > git for-each-ref --format=%(refname)%00%(upstream:short)%00%(objectname)%00%(upstream:track)%00%(upstream:remotename)%00%(upstream:remoteref) refs/heads/main refs/remotes/main [1ms]
2025-05-17 22:36:01.149 [info] > git for-each-ref --sort -committerdate --format %(refname)%00%(objectname)%00%(*objectname) [5ms]
2025-05-17 22:36:01.158 [info] > git status -z -uall [19ms]
2025-05-17 22:36:06.265 [info] > git config --get commit.template [16ms]
2025-05-17 22:36:06.267 [info] > git for-each-ref --format=%(refname)%00%(upstream:short)%00%(objectname)%00%(upstream:track)%00%(upstream:remotename)%00%(upstream:remoteref) refs/heads/main refs/remotes/main [3ms]
2025-05-17 22:36:06.297 [info] > git for-each-ref --sort -committerdate --format %(refname)%00%(objectname)%00%(*objectname) [2ms]
2025-05-17 22:36:06.311 [info] > git status -z -uall [28ms]
2025-05-17 22:36:11.405 [info] > git config --get commit.template [5ms]
2025-05-17 22:36:11.405 [info] > git for-each-ref --format=%(refname)%00%(upstream:short)%00%(objectname)%00%(upstream:track)%00%(upstream:remotename)%00%(upstream:remoteref) refs/heads/main refs/remotes/main [1ms]
2025-05-17 22:36:11.416 [info] > git for-each-ref --sort -committerdate --format %(refname)%00%(objectname)%00%(*objectname) [2ms]
2025-05-17 22:36:11.428 [info] > git status -z -uall [18ms]
2025-05-17 22:36:16.538 [info] > git config --get commit.template [13ms]
2025-05-17 22:36:16.540 [info] > git for-each-ref --format=%(refname)%00%(upstream:short)%00%(objectname)%00%(upstream:track)%00%(upstream:remotename)%00%(upstream:remoteref) refs/heads/main refs/remotes/main [3ms]
2025-05-17 22:36:16.554 [info] > git for-each-ref --sort -committerdate --format %(refname)%00%(objectname)%00%(*objectname) [2ms]
2025-05-17 22:36:16.567 [info] > git status -z -uall [20ms]
2025-05-17 22:36:22.058 [info] > git config --get commit.template [9ms]
2025-05-17 22:36:22.059 [info] > git for-each-ref --format=%(refname)%00%(upstream:short)%00%(objectname)%00%(upstream:track)%00%(upstream:remotename)%00%(upstream:remoteref) refs/heads/main refs/remotes/main [1ms]
2025-05-17 22:36:22.076 [info] > git for-each-ref --sort -committerdate --format %(refname)%00%(objectname)%00%(*objectname) [2ms]
2025-05-17 22:36:22.090 [info] > git status -z -uall [22ms]
2025-05-17 22:36:27.184 [info] > git config --get commit.template [8ms]
2025-05-17 22:36:27.185 [info] > git for-each-ref --format=%(refname)%00%(upstream:short)%00%(objectname)%00%(upstream:track)%00%(upstream:remotename)%00%(upstream:remoteref) refs/heads/main refs/remotes/main [2ms]
2025-05-17 22:36:27.199 [info] > git for-each-ref --sort -committerdate --format %(refname)%00%(objectname)%00%(*objectname) [2ms]
2025-05-17 22:36:27.214 [info] > git status -z -uall [22ms]
2025-05-17 22:36:32.318 [info] > git config --get commit.template [17ms]
2025-05-17 22:36:32.322 [info] > git for-each-ref --format=%(refname)%00%(upstream:short)%00%(objectname)%00%(upstream:track)%00%(upstream:remotename)%00%(upstream:remoteref) refs/heads/main refs/remotes/main [5ms]
2025-05-17 22:36:32.355 [info] > git for-each-ref --sort -committerdate --format %(refname)%00%(objectname)%00%(*objectname) [4ms]
2025-05-17 22:36:32.388 [info] > git status -z -uall [51ms]
2025-05-17 22:37:14.922 [info] > git config --get commit.template [4ms]
2025-05-17 22:37:14.929 [info] > git for-each-ref --format=%(refname)%00%(upstream:short)%00%(objectname)%00%(upstream:track)%00%(upstream:remotename)%00%(upstream:remoteref) refs/heads/main refs/remotes/main [1ms]
2025-05-17 22:37:14.946 [info] > git for-each-ref --sort -committerdate --format %(refname)%00%(objectname)%00%(*objectname) [2ms]
2025-05-17 22:37:14.967 [info] > git status -z -uall [28ms]
2025-05-17 22:37:20.139 [info] > git config --get commit.template [18ms]
2025-05-17 22:37:20.141 [info] > git for-each-ref --format=%(refname)%00%(upstream:short)%00%(objectname)%00%(upstream:track)%00%(upstream:remotename)%00%(upstream:remoteref) refs/heads/main refs/remotes/main [3ms]
2025-05-17 22:37:20.159 [info] > git for-each-ref --sort -committerdate --format %(refname)%00%(objectname)%00%(*objectname) [2ms]
2025-05-17 22:37:20.172 [info] > git status -z -uall [21ms]
2025-05-17 22:37:25.263 [info] > git config --get commit.template [7ms]
2025-05-17 22:37:25.264 [info] > git for-each-ref --format=%(refname)%00%(upstream:short)%00%(objectname)%00%(upstream:track)%00%(upstream:remotename)%00%(upstream:remoteref) refs/heads/main refs/remotes/main [2ms]
2025-05-17 22:37:25.276 [info] > git for-each-ref --sort -committerdate --format %(refname)%00%(objectname)%00%(*objectname) [1ms]
2025-05-17 22:37:25.288 [info] > git status -z -uall [18ms]
2025-05-17 22:37:30.364 [info] > git config --get commit.template [1ms]
2025-05-17 22:37:30.371 [info] > git for-each-ref --format=%(refname)%00%(upstream:short)%00%(objectname)%00%(upstream:track)%00%(upstream:remotename)%00%(upstream:remoteref) refs/heads/main refs/remotes/main [1ms]
2025-05-17 22:37:30.383 [info] > git for-each-ref --sort -committerdate --format %(refname)%00%(objectname)%00%(*objectname) [2ms]
2025-05-17 22:37:30.400 [info] > git status -z -uall [23ms]
2025-05-17 22:37:35.485 [info] > git config --get commit.template [7ms]
2025-05-17 22:37:35.486 [info] > git for-each-ref --format=%(refname)%00%(upstream:short)%00%(objectname)%00%(upstream:track)%00%(upstream:remotename)%00%(upstream:remoteref) refs/heads/main refs/remotes/main [1ms]
2025-05-17 22:37:35.501 [info] > git for-each-ref --sort -committerdate --format %(refname)%00%(objectname)%00%(*objectname) [2ms]
2025-05-17 22:37:35.519 [info] > git status -z -uall [25ms]
2025-05-17 22:37:40.634 [info] > git config --get commit.template [18ms]
2025-05-17 22:37:40.637 [info] > git for-each-ref --format=%(refname)%00%(upstream:short)%00%(objectname)%00%(upstream:track)%00%(upstream:remotename)%00%(upstream:remoteref) refs/heads/main refs/remotes/main [4ms]
2025-05-17 22:37:40.671 [info] > git for-each-ref --sort -committerdate --format %(refname)%00%(objectname)%00%(*objectname) [5ms]
2025-05-17 22:37:40.695 [info] > git status -z -uall [42ms]
2025-05-17 22:37:47.306 [info] > git config --get commit.template [6ms]
2025-05-17 22:37:47.307 [info] > git for-each-ref --format=%(refname)%00%(upstream:short)%00%(objectname)%00%(upstream:track)%00%(upstream:remotename)%00%(upstream:remoteref) refs/heads/main refs/remotes/main [1ms]
2025-05-17 22:37:47.323 [info] > git for-each-ref --sort -committerdate --format %(refname)%00%(objectname)%00%(*objectname) [2ms]
2025-05-17 22:37:47.335 [info] > git status -z -uall [21ms]
2025-05-17 22:37:52.444 [info] > git config --get commit.template [17ms]
2025-05-17 22:37:52.446 [info] > git for-each-ref --format=%(refname)%00%(upstream:short)%00%(objectname)%00%(upstream:track)%00%(upstream:remotename)%00%(upstream:remoteref) refs/heads/main refs/remotes/main [4ms]
2025-05-17 22:37:52.466 [info] > git for-each-ref --sort -committerdate --format %(refname)%00%(objectname)%00%(*objectname) [1ms]
2025-05-17 22:37:52.482 [info] > git status -z -uall [22ms]
2025-05-17 22:37:57.588 [info] > git config --get commit.template [15ms]
2025-05-17 22:37:57.590 [info] > git for-each-ref --format=%(refname)%00%(upstream:short)%00%(objectname)%00%(upstream:track)%00%(upstream:remotename)%00%(upstream:remoteref) refs/heads/main refs/remotes/main [3ms]
2025-05-17 22:37:57.622 [info] > git for-each-ref --sort -committerdate --format %(refname)%00%(objectname)%00%(*objectname) [5ms]
2025-05-17 22:37:57.654 [info] > git status -z -uall [49ms]
2025-05-17 22:38:01.407 [info] > git show --textconv :test16.txt [16ms]
2025-05-17 22:38:01.408 [info] > git ls-files --stage -- test16.txt [6ms]
2025-05-17 22:38:01.422 [info] > git cat-file -s 97e153bcb7bd8af80744bf7f7e181eaaccfdeab3 [3ms]
2025-05-17 22:38:02.753 [info] > git config --get commit.template [6ms]
2025-05-17 22:38:02.754 [info] > git for-each-ref --format=%(refname)%00%(upstream:short)%00%(objectname)%00%(upstream:track)%00%(upstream:remotename)%00%(upstream:remoteref) refs/heads/main refs/remotes/main [1ms]
2025-05-17 22:38:02.768 [info] > git for-each-ref --sort -committerdate --format %(refname)%00%(objectname)%00%(*objectname) [2ms]
2025-05-17 22:38:02.784 [info] > git status -z -uall [23ms]
2025-05-17 22:38:08.367 [info] > git config --get commit.template [2ms]
2025-05-17 22:38:08.373 [info] > git for-each-ref --format=%(refname)%00%(upstream:short)%00%(objectname)%00%(upstream:track)%00%(upstream:remotename)%00%(upstream:remoteref) refs/heads/main refs/remotes/main [1ms]
2025-05-17 22:38:08.386 [info] > git for-each-ref --sort -committerdate --format %(refname)%00%(objectname)%00%(*objectname) [2ms]
2025-05-17 22:38:08.400 [info] > git status -z -uall [21ms]
2025-05-17 22:38:13.572 [info] > git config --get commit.template [15ms]
2025-05-17 22:38:13.573 [info] > git for-each-ref --format=%(refname)%00%(upstream:short)%00%(objectname)%00%(upstream:track)%00%(upstream:remotename)%00%(upstream:remoteref) refs/heads/main refs/remotes/main [3ms]
2025-05-17 22:38:13.602 [info] > git for-each-ref --sort -committerdate --format %(refname)%00%(objectname)%00%(*objectname) [3ms]
2025-05-17 22:38:13.618 [info] > git status -z -uall [31ms]
2025-05-17 22:38:18.703 [info] > git config --get commit.template [6ms]
2025-05-17 22:38:18.704 [info] > git for-each-ref --format=%(refname)%00%(upstream:short)%00%(objectname)%00%(upstream:track)%00%(upstream:remotename)%00%(upstream:remoteref) refs/heads/main refs/remotes/main [2ms]
2025-05-17 22:38:18.718 [info] > git for-each-ref --sort -committerdate --format %(refname)%00%(objectname)%00%(*objectname) [2ms]
2025-05-17 22:38:18.731 [info] > git status -z -uall [21ms]
2025-05-17 22:38:23.811 [info] > git config --get commit.template [5ms]
2025-05-17 22:38:23.812 [info] > git for-each-ref --format=%(refname)%00%(upstream:short)%00%(objectname)%00%(upstream:track)%00%(upstream:remotename)%00%(upstream:remoteref) refs/heads/main refs/remotes/main [2ms]
2025-05-17 22:38:23.823 [info] > git for-each-ref --sort -committerdate --format %(refname)%00%(objectname)%00%(*objectname) [2ms]
2025-05-17 22:38:23.834 [info] > git status -z -uall [18ms]
2025-05-17 22:38:28.923 [info] > git config --get commit.template [6ms]
2025-05-17 22:38:28.924 [info] > git for-each-ref --format=%(refname)%00%(upstream:short)%00%(objectname)%00%(upstream:track)%00%(upstream:remotename)%00%(upstream:remoteref) refs/heads/main refs/remotes/main [2ms]
2025-05-17 22:38:28.938 [info] > git for-each-ref --sort -committerdate --format %(refname)%00%(objectname)%00%(*objectname) [2ms]
2025-05-17 22:38:28.956 [info] > git status -z -uall [26ms]
2025-05-17 22:38:34.560 [info] > git config --get commit.template [7ms]
2025-05-17 22:38:34.561 [info] > git for-each-ref --format=%(refname)%00%(upstream:short)%00%(objectname)%00%(upstream:track)%00%(upstream:remotename)%00%(upstream:remoteref) refs/heads/main refs/remotes/main [1ms]
2025-05-17 22:38:34.574 [info] > git for-each-ref --sort -committerdate --format %(refname)%00%(objectname)%00%(*objectname) [2ms]
2025-05-17 22:38:34.587 [info] > git status -z -uall [20ms]
2025-05-17 22:38:36.550 [info] > git blame --root --incremental 78add7191df750e7d74d2b3e1ecbebc0595b35d4 -- test16.txt [2ms]
2025-05-17 22:38:39.701 [info] > git config --get commit.template [19ms]
2025-05-17 22:38:39.704 [info] > git for-each-ref --format=%(refname)%00%(upstream:short)%00%(objectname)%00%(upstream:track)%00%(upstream:remotename)%00%(upstream:remoteref) refs/heads/main refs/remotes/main [4ms]
2025-05-17 22:38:39.735 [info] > git for-each-ref --sort -committerdate --format %(refname)%00%(objectname)%00%(*objectname) [3ms]
2025-05-17 22:38:39.755 [info] > git status -z -uall [37ms]
2025-05-17 22:38:44.849 [info] > git config --get commit.template [8ms]
2025-05-17 22:38:44.850 [info] > git for-each-ref --format=%(refname)%00%(upstream:short)%00%(objectname)%00%(upstream:track)%00%(upstream:remotename)%00%(upstream:remoteref) refs/heads/main refs/remotes/main [1ms]
2025-05-17 22:38:44.863 [info] > git for-each-ref --sort -committerdate --format %(refname)%00%(objectname)%00%(*objectname) [2ms]
2025-05-17 22:38:44.878 [info] > git status -z -uall [22ms]
2025-05-17 22:39:26.395 [info] > git config --get commit.template [9ms]
2025-05-17 22:39:26.396 [info] > git for-each-ref --format=%(refname)%00%(upstream:short)%00%(objectname)%00%(upstream:track)%00%(upstream:remotename)%00%(upstream:remoteref) refs/heads/main refs/remotes/main [2ms]
2025-05-17 22:39:26.411 [info] > git for-each-ref --sort -committerdate --format %(refname)%00%(objectname)%00%(*objectname) [2ms]
2025-05-17 22:39:26.425 [info] > git status -z -uall [22ms]
2025-05-17 22:39:31.509 [info] > git config --get commit.template [6ms]
2025-05-17 22:39:31.509 [info] > git for-each-ref --format=%(refname)%00%(upstream:short)%00%(objectname)%00%(upstream:track)%00%(upstream:remotename)%00%(upstream:remoteref) refs/heads/main refs/remotes/main [1ms]
2025-05-17 22:39:31.520 [info] > git for-each-ref --sort -committerdate --format %(refname)%00%(objectname)%00%(*objectname) [2ms]
2025-05-17 22:39:31.538 [info] > git status -z -uall [24ms]
2025-05-17 22:39:36.627 [info] > git config --get commit.template [6ms]
2025-05-17 22:39:36.628 [info] > git for-each-ref --format=%(refname)%00%(upstream:short)%00%(objectname)%00%(upstream:track)%00%(upstream:remotename)%00%(upstream:remoteref) refs/heads/main refs/remotes/main [1ms]
2025-05-17 22:39:36.639 [info] > git for-each-ref --sort -committerdate --format %(refname)%00%(objectname)%00%(*objectname) [1ms]
2025-05-17 22:39:36.658 [info] > git status -z -uall [25ms]
2025-05-17 22:39:41.738 [info] > git config --get commit.template [5ms]
2025-05-17 22:39:41.739 [info] > git for-each-ref --format=%(refname)%00%(upstream:short)%00%(objectname)%00%(upstream:track)%00%(upstream:remotename)%00%(upstream:remoteref) refs/heads/main refs/remotes/main [2ms]
2025-05-17 22:39:41.749 [info] > git for-each-ref --sort -committerdate --format %(refname)%00%(objectname)%00%(*objectname) [2ms]
2025-05-17 22:39:41.763 [info] > git status -z -uall [20ms]
2025-05-17 22:39:46.960 [info] > git config --get commit.template [15ms]
2025-05-17 22:39:46.962 [info] > git for-each-ref --format=%(refname)%00%(upstream:short)%00%(objectname)%00%(upstream:track)%00%(upstream:remotename)%00%(upstream:remoteref) refs/heads/main refs/remotes/main [2ms]
2025-05-17 22:39:46.985 [info] > git for-each-ref --sort -committerdate --format %(refname)%00%(objectname)%00%(*objectname) [3ms]
2025-05-17 22:39:47.001 [info] > git status -z -uall [28ms]
2025-05-17 22:39:52.642 [info] > git config --get commit.template [6ms]
2025-05-17 22:39:52.643 [info] > git for-each-ref --format=%(refname)%00%(upstream:short)%00%(objectname)%00%(upstream:track)%00%(upstream:remotename)%00%(upstream:remoteref) refs/heads/main refs/remotes/main [2ms]
2025-05-17 22:39:52.654 [info] > git for-each-ref --sort -committerdate --format %(refname)%00%(objectname)%00%(*objectname) [1ms]
2025-05-17 22:39:52.667 [info] > git status -z -uall [19ms]
2025-05-17 22:39:57.748 [info] > git config --get commit.template [5ms]
2025-05-17 22:39:57.749 [info] > git for-each-ref --format=%(refname)%00%(upstream:short)%00%(objectname)%00%(upstream:track)%00%(upstream:remotename)%00%(upstream:remoteref) refs/heads/main refs/remotes/main [1ms]
2025-05-17 22:39:57.760 [info] > git for-each-ref --sort -committerdate --format %(refname)%00%(objectname)%00%(*objectname) [1ms]
2025-05-17 22:39:57.772 [info] > git status -z -uall [18ms]
2025-05-17 22:40:02.865 [info] > git config --get commit.template [8ms]
2025-05-17 22:40:02.866 [info] > git for-each-ref --format=%(refname)%00%(upstream:short)%00%(objectname)%00%(upstream:track)%00%(upstream:remotename)%00%(upstream:remoteref) refs/heads/main refs/remotes/main [2ms]
2025-05-17 22:40:02.881 [info] > git for-each-ref --sort -committerdate --format %(refname)%00%(objectname)%00%(*objectname) [1ms]
2025-05-17 22:40:02.896 [info] > git status -z -uall [22ms]
2025-05-17 22:40:08.007 [info] > git config --get commit.template [14ms]
2025-05-17 22:40:08.008 [info] > git for-each-ref --format=%(refname)%00%(upstream:short)%00%(objectname)%00%(upstream:track)%00%(upstream:remotename)%00%(upstream:remoteref) refs/heads/main refs/remotes/main [2ms]
2025-05-17 22:40:08.021 [info] > git for-each-ref --sort -committerdate --format %(refname)%00%(objectname)%00%(*objectname) [1ms]
2025-05-17 22:40:08.039 [info] > git status -z -uall [25ms]
2025-05-17 22:40:13.121 [info] > git config --get commit.template [5ms]
2025-05-17 22:40:13.122 [info] > git for-each-ref --format=%(refname)%00%(upstream:short)%00%(objectname)%00%(upstream:track)%00%(upstream:remotename)%00%(upstream:remoteref) refs/heads/main refs/remotes/main [1ms]
2025-05-17 22:40:13.132 [info] > git for-each-ref --sort -committerdate --format %(refname)%00%(objectname)%00%(*objectname) [1ms]
2025-05-17 22:40:13.146 [info] > git status -z -uall [19ms]
2025-05-17 22:40:18.226 [info] > git config --get commit.template [5ms]
2025-05-17 22:40:18.227 [info] > git for-each-ref --format=%(refname)%00%(upstream:short)%00%(objectname)%00%(upstream:track)%00%(upstream:remotename)%00%(upstream:remoteref) refs/heads/main refs/remotes/main [2ms]
2025-05-17 22:40:18.239 [info] > git for-each-ref --sort -committerdate --format %(refname)%00%(objectname)%00%(*objectname) [2ms]
2025-05-17 22:40:18.252 [info] > git status -z -uall [20ms]
2025-05-17 22:40:23.343 [info] > git config --get commit.template [6ms]
2025-05-17 22:40:23.344 [info] > git for-each-ref --format=%(refname)%00%(upstream:short)%00%(objectname)%00%(upstream:track)%00%(upstream:remotename)%00%(upstream:remoteref) refs/heads/main refs/remotes/main [1ms]
2025-05-17 22:40:23.356 [info] > git for-each-ref --sort -committerdate --format %(refname)%00%(objectname)%00%(*objectname) [2ms]
2025-05-17 22:40:23.373 [info] > git status -z -uall [24ms]
2025-05-17 22:40:53.710 [info] > git config --get commit.template [9ms]
2025-05-17 22:40:53.711 [info] > git for-each-ref --format=%(refname)%00%(upstream:short)%00%(objectname)%00%(upstream:track)%00%(upstream:remotename)%00%(upstream:remoteref) refs/heads/main refs/remotes/main [2ms]
2025-05-17 22:40:53.728 [info] > git for-each-ref --sort -committerdate --format %(refname)%00%(objectname)%00%(*objectname) [2ms]
2025-05-17 22:40:53.753 [info] > git status -z -uall [34ms]
2025-05-17 22:40:58.875 [info] > git config --get commit.template [5ms]
2025-05-17 22:40:58.875 [info] > git for-each-ref --format=%(refname)%00%(upstream:short)%00%(objectname)%00%(upstream:track)%00%(upstream:remotename)%00%(upstream:remoteref) refs/heads/main refs/remotes/main [1ms]
2025-05-17 22:40:58.889 [info] > git for-each-ref --sort -committerdate --format %(refname)%00%(objectname)%00%(*objectname) [1ms]
2025-05-17 22:40:58.901 [info] > git status -z -uall [19ms]
2025-05-17 22:41:04.022 [info] > git config --get commit.template [17ms]
2025-05-17 22:41:04.025 [info] > git for-each-ref --format=%(refname)%00%(upstream:short)%00%(objectname)%00%(upstream:track)%00%(upstream:remotename)%00%(upstream:remoteref) refs/heads/main refs/remotes/main [4ms]
2025-05-17 22:41:04.053 [info] > git for-each-ref --sort -committerdate --format %(refname)%00%(objectname)%00%(*objectname) [2ms]
2025-05-17 22:41:04.068 [info] > git status -z -uall [26ms]
2025-05-17 22:41:09.152 [info] > git config --get commit.template [6ms]
2025-05-17 22:41:09.153 [info] > git for-each-ref --format=%(refname)%00%(upstream:short)%00%(objectname)%00%(upstream:track)%00%(upstream:remotename)%00%(upstream:remoteref) refs/heads/main refs/remotes/main [1ms]
2025-05-17 22:41:09.166 [info] > git for-each-ref --sort -committerdate --format %(refname)%00%(objectname)%00%(*objectname) [2ms]
2025-05-17 22:41:09.178 [info] > git status -z -uall [19ms]
2025-05-17 22:43:10.423 [info] > git config --get commit.template [9ms]
2025-05-17 22:43:10.425 [info] > git for-each-ref --format=%(refname)%00%(upstream:short)%00%(objectname)%00%(upstream:track)%00%(upstream:remotename)%00%(upstream:remoteref) refs/heads/main refs/remotes/main [4ms]
2025-05-17 22:43:10.442 [info] > git for-each-ref --sort -committerdate --format %(refname)%00%(objectname)%00%(*objectname) [2ms]
2025-05-17 22:43:10.458 [info] > git status -z -uall [26ms]
2025-05-17 22:43:12.325 [info] > git show --textconv :part1_EL.y [11ms]
2025-05-17 22:43:12.326 [info] > git ls-files --stage -- part1_EL.y [1ms]
2025-05-17 22:43:12.333 [info] > git cat-file -s b2b138e7a6cdc26e9a7fa094ab95e276cef56714 [1ms]
2025-05-17 22:43:15.559 [info] > git config --get commit.template [5ms]
2025-05-17 22:43:15.560 [info] > git for-each-ref --format=%(refname)%00%(upstream:short)%00%(objectname)%00%(upstream:track)%00%(upstream:remotename)%00%(upstream:remoteref) refs/heads/main refs/remotes/main [1ms]
2025-05-17 22:43:15.571 [info] > git for-each-ref --sort -committerdate --format %(refname)%00%(objectname)%00%(*objectname) [2ms]
2025-05-17 22:43:15.584 [info] > git status -z -uall [19ms]
2025-05-17 22:43:20.690 [info] > git config --get commit.template [18ms]
2025-05-17 22:43:20.695 [info] > git for-each-ref --format=%(refname)%00%(upstream:short)%00%(objectname)%00%(upstream:track)%00%(upstream:remotename)%00%(upstream:remoteref) refs/heads/main refs/remotes/main [5ms]
2025-05-17 22:43:20.720 [info] > git for-each-ref --sort -committerdate --format %(refname)%00%(objectname)%00%(*objectname) [2ms]
2025-05-17 22:43:20.735 [info] > git status -z -uall [25ms]
2025-05-17 22:43:25.812 [info] > git config --get commit.template [1ms]
2025-05-17 22:43:25.819 [info] > git for-each-ref --format=%(refname)%00%(upstream:short)%00%(objectname)%00%(upstream:track)%00%(upstream:remotename)%00%(upstream:remoteref) refs/heads/main refs/remotes/main [1ms]
2025-05-17 22:43:25.831 [info] > git for-each-ref --sort -committerdate --format %(refname)%00%(objectname)%00%(*objectname) [1ms]
2025-05-17 22:43:25.844 [info] > git status -z -uall [19ms]
2025-05-17 22:43:30.954 [info] > git config --get commit.template [14ms]
2025-05-17 22:43:30.956 [info] > git for-each-ref --format=%(refname)%00%(upstream:short)%00%(objectname)%00%(upstream:track)%00%(upstream:remotename)%00%(upstream:remoteref) refs/heads/main refs/remotes/main [4ms]
2025-05-17 22:43:30.987 [info] > git for-each-ref --sort -committerdate --format %(refname)%00%(objectname)%00%(*objectname) [4ms]
2025-05-17 22:43:31.024 [info] > git status -z -uall [54ms]
2025-05-17 22:43:36.126 [info] > git config --get commit.template [2ms]
2025-05-17 22:43:36.133 [info] > git for-each-ref --format=%(refname)%00%(upstream:short)%00%(objectname)%00%(upstream:track)%00%(upstream:remotename)%00%(upstream:remoteref) refs/heads/main refs/remotes/main [2ms]
2025-05-17 22:43:36.151 [info] > git for-each-ref --sort -committerdate --format %(refname)%00%(objectname)%00%(*objectname) [6ms]
2025-05-17 22:43:36.166 [info] > git status -z -uall [27ms]
2025-05-17 22:43:41.331 [info] > git config --get commit.template [9ms]
2025-05-17 22:43:41.332 [info] > git for-each-ref --format=%(refname)%00%(upstream:short)%00%(objectname)%00%(upstream:track)%00%(upstream:remotename)%00%(upstream:remoteref) refs/heads/main refs/remotes/main [2ms]
2025-05-17 22:43:41.345 [info] > git for-each-ref --sort -committerdate --format %(refname)%00%(objectname)%00%(*objectname) [2ms]
2025-05-17 22:43:41.358 [info] > git status -z -uall [20ms]
2025-05-17 22:43:46.443 [info] > git config --get commit.template [7ms]
2025-05-17 22:43:46.444 [info] > git for-each-ref --format=%(refname)%00%(upstream:short)%00%(objectname)%00%(upstream:track)%00%(upstream:remotename)%00%(upstream:remoteref) refs/heads/main refs/remotes/main [1ms]
2025-05-17 22:43:46.456 [info] > git for-each-ref --sort -committerdate --format %(refname)%00%(objectname)%00%(*objectname) [1ms]
2025-05-17 22:43:46.472 [info] > git status -z -uall [23ms]
2025-05-17 22:43:53.054 [info] > git config --get commit.template [5ms]
2025-05-17 22:43:53.054 [info] > git for-each-ref --format=%(refname)%00%(upstream:short)%00%(objectname)%00%(upstream:track)%00%(upstream:remotename)%00%(upstream:remoteref) refs/heads/main refs/remotes/main [1ms]
2025-05-17 22:43:53.066 [info] > git for-each-ref --sort -committerdate --format %(refname)%00%(objectname)%00%(*objectname) [1ms]
2025-05-17 22:43:53.082 [info] > git status -z -uall [22ms]
2025-05-17 22:43:58.175 [info] > git config --get commit.template [6ms]
2025-05-17 22:43:58.176 [info] > git for-each-ref --format=%(refname)%00%(upstream:short)%00%(objectname)%00%(upstream:track)%00%(upstream:remotename)%00%(upstream:remoteref) refs/heads/main refs/remotes/main [1ms]
2025-05-17 22:43:58.188 [info] > git for-each-ref --sort -committerdate --format %(refname)%00%(objectname)%00%(*objectname) [2ms]
2025-05-17 22:43:58.200 [info] > git status -z -uall [19ms]
2025-05-17 22:44:03.278 [info] > git config --get commit.template [5ms]
2025-05-17 22:44:03.278 [info] > git for-each-ref --format=%(refname)%00%(upstream:short)%00%(objectname)%00%(upstream:track)%00%(upstream:remotename)%00%(upstream:remoteref) refs/heads/main refs/remotes/main [1ms]
2025-05-17 22:44:03.288 [info] > git for-each-ref --sort -committerdate --format %(refname)%00%(objectname)%00%(*objectname) [1ms]
2025-05-17 22:44:03.300 [info] > git status -z -uall [17ms]
2025-05-17 22:44:08.380 [info] > git config --get commit.template [7ms]
2025-05-17 22:44:08.381 [info] > git for-each-ref --format=%(refname)%00%(upstream:short)%00%(objectname)%00%(upstream:track)%00%(upstream:remotename)%00%(upstream:remoteref) refs/heads/main refs/remotes/main [2ms]
2025-05-17 22:44:08.393 [info] > git for-each-ref --sort -committerdate --format %(refname)%00%(objectname)%00%(*objectname) [1ms]
2025-05-17 22:44:08.406 [info] > git status -z -uall [19ms]
2025-05-17 22:44:13.510 [info] > git config --get commit.template [16ms]
2025-05-17 22:44:13.513 [info] > git for-each-ref --format=%(refname)%00%(upstream:short)%00%(objectname)%00%(upstream:track)%00%(upstream:remotename)%00%(upstream:remoteref) refs/heads/main refs/remotes/main [4ms]
2025-05-17 22:44:13.544 [info] > git for-each-ref --sort -committerdate --format %(refname)%00%(objectname)%00%(*objectname) [3ms]
2025-05-17 22:44:13.563 [info] > git status -z -uall [35ms]
2025-05-17 22:44:18.643 [info] > git config --get commit.template [6ms]
2025-05-17 22:44:18.643 [info] > git for-each-ref --format=%(refname)%00%(upstream:short)%00%(objectname)%00%(upstream:track)%00%(upstream:remotename)%00%(upstream:remoteref) refs/heads/main refs/remotes/main [1ms]
2025-05-17 22:44:18.655 [info] > git for-each-ref --sort -committerdate --format %(refname)%00%(objectname)%00%(*objectname) [2ms]
2025-05-17 22:44:18.669 [info] > git status -z -uall [20ms]
2025-05-17 22:44:23.759 [info] > git config --get commit.template [5ms]
2025-05-17 22:44:23.759 [info] > git for-each-ref --format=%(refname)%00%(upstream:short)%00%(objectname)%00%(upstream:track)%00%(upstream:remotename)%00%(upstream:remoteref) refs/heads/main refs/remotes/main [1ms]
2025-05-17 22:44:23.770 [info] > git for-each-ref --sort -committerdate --format %(refname)%00%(objectname)%00%(*objectname) [2ms]
2025-05-17 22:44:23.782 [info] > git status -z -uall [18ms]
2025-05-17 22:44:28.866 [info] > git config --get commit.template [6ms]
2025-05-17 22:44:28.866 [info] > git for-each-ref --format=%(refname)%00%(upstream:short)%00%(objectname)%00%(upstream:track)%00%(upstream:remotename)%00%(upstream:remoteref) refs/heads/main refs/remotes/main [1ms]
2025-05-17 22:44:28.878 [info] > git for-each-ref --sort -committerdate --format %(refname)%00%(objectname)%00%(*objectname) [2ms]
2025-05-17 22:44:28.895 [info] > git status -z -uall [23ms]
2025-05-17 22:44:33.975 [info] > git config --get commit.template [4ms]
2025-05-17 22:44:33.976 [info] > git for-each-ref --format=%(refname)%00%(upstream:short)%00%(objectname)%00%(upstream:track)%00%(upstream:remotename)%00%(upstream:remoteref) refs/heads/main refs/remotes/main [1ms]
2025-05-17 22:44:33.986 [info] > git for-each-ref --sort -committerdate --format %(refname)%00%(objectname)%00%(*objectname) [1ms]
2025-05-17 22:44:33.997 [info] > git status -z -uall [16ms]
2025-05-17 22:44:39.094 [info] > git config --get commit.template [15ms]
2025-05-17 22:44:39.097 [info] > git for-each-ref --format=%(refname)%00%(upstream:short)%00%(objectname)%00%(upstream:track)%00%(upstream:remotename)%00%(upstream:remoteref) refs/heads/main refs/remotes/main [4ms]
2025-05-17 22:44:39.129 [info] > git for-each-ref --sort -committerdate --format %(refname)%00%(objectname)%00%(*objectname) [3ms]
2025-05-17 22:44:39.158 [info] > git status -z -uall [45ms]
2025-05-17 22:44:44.246 [info] > git config --get commit.template [6ms]
2025-05-17 22:44:44.246 [info] > git for-each-ref --format=%(refname)%00%(upstream:short)%00%(objectname)%00%(upstream:track)%00%(upstream:remotename)%00%(upstream:remoteref) refs/heads/main refs/remotes/main [1ms]
2025-05-17 22:44:44.257 [info] > git for-each-ref --sort -committerdate --format %(refname)%00%(objectname)%00%(*objectname) [1ms]
2025-05-17 22:44:44.273 [info] > git status -z -uall [22ms]
2025-05-17 22:44:49.426 [info] > git config --get commit.template [13ms]
2025-05-17 22:44:49.426 [info] > git for-each-ref --format=%(refname)%00%(upstream:short)%00%(objectname)%00%(upstream:track)%00%(upstream:remotename)%00%(upstream:remoteref) refs/heads/main refs/remotes/main [1ms]
2025-05-17 22:44:49.438 [info] > git for-each-ref --sort -committerdate --format %(refname)%00%(objectname)%00%(*objectname) [2ms]
2025-05-17 22:44:49.451 [info] > git status -z -uall [18ms]
2025-05-17 22:44:54.530 [info] > git config --get commit.template [7ms]
2025-05-17 22:44:54.531 [info] > git for-each-ref --format=%(refname)%00%(upstream:short)%00%(objectname)%00%(upstream:track)%00%(upstream:remotename)%00%(upstream:remoteref) refs/heads/main refs/remotes/main [1ms]
2025-05-17 22:44:54.548 [info] > git for-each-ref --sort -committerdate --format %(refname)%00%(objectname)%00%(*objectname) [5ms]
2025-05-17 22:44:54.559 [info] > git status -z -uall [22ms]
2025-05-17 22:45:01.105 [info] > git config --get commit.template [9ms]
2025-05-17 22:45:01.106 [info] > git for-each-ref --format=%(refname)%00%(upstream:short)%00%(objectname)%00%(upstream:track)%00%(upstream:remotename)%00%(upstream:remoteref) refs/heads/main refs/remotes/main [2ms]
2025-05-17 22:45:01.124 [info] > git for-each-ref --sort -committerdate --format %(refname)%00%(objectname)%00%(*objectname) [3ms]
2025-05-17 22:45:01.137 [info] > git status -z -uall [24ms]
2025-05-17 22:45:01.771 [info] > git show --textconv :part1_EL.y [7ms]
2025-05-17 22:45:01.772 [info] > git ls-files --stage -- part1_EL.y [2ms]
2025-05-17 22:45:01.780 [info] > git cat-file -s b2b138e7a6cdc26e9a7fa094ab95e276cef56714 [1ms]
2025-05-17 22:45:06.239 [info] > git config --get commit.template [5ms]
2025-05-17 22:45:06.239 [info] > git for-each-ref --format=%(refname)%00%(upstream:short)%00%(objectname)%00%(upstream:track)%00%(upstream:remotename)%00%(upstream:remoteref) refs/heads/main refs/remotes/main [1ms]
2025-05-17 22:45:06.251 [info] > git for-each-ref --sort -committerdate --format %(refname)%00%(objectname)%00%(*objectname) [2ms]
2025-05-17 22:45:06.263 [info] > git status -z -uall [19ms]
2025-05-17 22:45:11.378 [info] > git config --get commit.template [15ms]
2025-05-17 22:45:11.380 [info] > git for-each-ref --format=%(refname)%00%(upstream:short)%00%(objectname)%00%(upstream:track)%00%(upstream:remotename)%00%(upstream:remoteref) refs/heads/main refs/remotes/main [4ms]
2025-05-17 22:45:11.410 [info] > git for-each-ref --sort -committerdate --format %(refname)%00%(objectname)%00%(*objectname) [4ms]
2025-05-17 22:45:11.425 [info] > git status -z -uall [31ms]
2025-05-17 22:45:16.527 [info] > git config --get commit.template [14ms]
2025-05-17 22:45:16.527 [info] > git for-each-ref --format=%(refname)%00%(upstream:short)%00%(objectname)%00%(upstream:track)%00%(upstream:remotename)%00%(upstream:remoteref) refs/heads/main refs/remotes/main [1ms]
2025-05-17 22:45:16.540 [info] > git for-each-ref --sort -committerdate --format %(refname)%00%(objectname)%00%(*objectname) [2ms]
2025-05-17 22:45:16.552 [info] > git status -z -uall [19ms]
2025-05-17 22:45:21.657 [info] > git config --get commit.template [14ms]
2025-05-17 22:45:21.660 [info] > git for-each-ref --format=%(refname)%00%(upstream:short)%00%(objectname)%00%(upstream:track)%00%(upstream:remotename)%00%(upstream:remoteref) refs/heads/main refs/remotes/main [3ms]
2025-05-17 22:45:21.690 [info] > git for-each-ref --sort -committerdate --format %(refname)%00%(objectname)%00%(*objectname) [3ms]
2025-05-17 22:45:21.703 [info] > git status -z -uall [29ms]
2025-05-17 22:45:26.807 [info] > git config --get commit.template [17ms]
2025-05-17 22:45:26.810 [info] > git for-each-ref --format=%(refname)%00%(upstream:short)%00%(objectname)%00%(upstream:track)%00%(upstream:remotename)%00%(upstream:remoteref) refs/heads/main refs/remotes/main [4ms]
2025-05-17 22:45:26.830 [info] > git for-each-ref --sort -committerdate --format %(refname)%00%(objectname)%00%(*objectname) [2ms]
2025-05-17 22:45:26.847 [info] > git status -z -uall [24ms]
2025-05-17 22:45:31.933 [info] > git config --get commit.template [6ms]
2025-05-17 22:45:31.934 [info] > git for-each-ref --format=%(refname)%00%(upstream:short)%00%(objectname)%00%(upstream:track)%00%(upstream:remotename)%00%(upstream:remoteref) refs/heads/main refs/remotes/main [1ms]
2025-05-17 22:45:31.948 [info] > git for-each-ref --sort -committerdate --format %(refname)%00%(objectname)%00%(*objectname) [2ms]
2025-05-17 22:45:31.962 [info] > git status -z -uall [21ms]
2025-05-17 22:45:37.061 [info] > git config --get commit.template [7ms]
2025-05-17 22:45:37.062 [info] > git for-each-ref --format=%(refname)%00%(upstream:short)%00%(objectname)%00%(upstream:track)%00%(upstream:remotename)%00%(upstream:remoteref) refs/heads/main refs/remotes/main [1ms]
2025-05-17 22:45:37.076 [info] > git for-each-ref --sort -committerdate --format %(refname)%00%(objectname)%00%(*objectname) [2ms]
2025-05-17 22:45:37.089 [info] > git status -z -uall [21ms]
2025-05-17 22:45:42.692 [info] > git config --get commit.template [5ms]
2025-05-17 22:45:42.692 [info] > git for-each-ref --format=%(refname)%00%(upstream:short)%00%(objectname)%00%(upstream:track)%00%(upstream:remotename)%00%(upstream:remoteref) refs/heads/main refs/remotes/main [1ms]
2025-05-17 22:45:42.703 [info] > git for-each-ref --sort -committerdate --format %(refname)%00%(objectname)%00%(*objectname) [1ms]
2025-05-17 22:45:42.716 [info] > git status -z -uall [18ms]
2025-05-17 22:45:47.824 [info] > git config --get commit.template [16ms]
2025-05-17 22:45:47.827 [info] > git for-each-ref --format=%(refname)%00%(upstream:short)%00%(objectname)%00%(upstream:track)%00%(upstream:remotename)%00%(upstream:remoteref) refs/heads/main refs/remotes/main [4ms]
2025-05-17 22:45:47.847 [info] > git for-each-ref --sort -committerdate --format %(refname)%00%(objectname)%00%(*objectname) [1ms]
2025-05-17 22:45:47.859 [info] > git status -z -uall [17ms]
2025-05-17 22:45:52.936 [info] > git config --get commit.template [6ms]
2025-05-17 22:45:52.937 [info] > git for-each-ref --format=%(refname)%00%(upstream:short)%00%(objectname)%00%(upstream:track)%00%(upstream:remotename)%00%(upstream:remoteref) refs/heads/main refs/remotes/main [1ms]
2025-05-17 22:45:52.953 [info] > git for-each-ref --sort -committerdate --format %(refname)%00%(objectname)%00%(*objectname) [2ms]
2025-05-17 22:45:52.970 [info] > git status -z -uall [25ms]
2025-05-17 22:45:55.697 [info] > git show --textconv :rule10a.txt [11ms]
2025-05-17 22:45:55.699 [info] > git ls-files --stage -- rule10a.txt [2ms]
2025-05-17 22:45:55.705 [info] > git cat-file -s df198195cabbfef33e6d43dc5eff435bedcf9637 [1ms]
2025-05-17 22:45:58.685 [info] > git config --get commit.template [2ms]
2025-05-17 22:45:58.693 [info] > git for-each-ref --format=%(refname)%00%(upstream:short)%00%(objectname)%00%(upstream:track)%00%(upstream:remotename)%00%(upstream:remoteref) refs/heads/main refs/remotes/main [1ms]
2025-05-17 22:45:58.709 [info] > git for-each-ref --sort -committerdate --format %(refname)%00%(objectname)%00%(*objectname) [2ms]
2025-05-17 22:45:58.730 [info] > git status -z -uall [29ms]
2025-05-17 22:45:59.377 [info] > git show --textconv :part1_EL.y [7ms]
2025-05-17 22:45:59.378 [info] > git ls-files --stage -- part1_EL.y [2ms]
2025-05-17 22:45:59.388 [info] > git cat-file -s b2b138e7a6cdc26e9a7fa094ab95e276cef56714 [2ms]
2025-05-17 22:46:10.279 [info] > git config --get commit.template [8ms]
2025-05-17 22:46:10.280 [info] > git for-each-ref --format=%(refname)%00%(upstream:short)%00%(objectname)%00%(upstream:track)%00%(upstream:remotename)%00%(upstream:remoteref) refs/heads/main refs/remotes/main [1ms]
2025-05-17 22:46:10.294 [info] > git for-each-ref --sort -committerdate --format %(refname)%00%(objectname)%00%(*objectname) [2ms]
2025-05-17 22:46:10.307 [info] > git status -z -uall [20ms]
2025-05-17 22:46:22.545 [info] > git config --get commit.template [13ms]
2025-05-17 22:46:22.546 [info] > git for-each-ref --format=%(refname)%00%(upstream:short)%00%(objectname)%00%(upstream:track)%00%(upstream:remotename)%00%(upstream:remoteref) refs/heads/main refs/remotes/main [2ms]
2025-05-17 22:46:22.564 [info] > git for-each-ref --sort -committerdate --format %(refname)%00%(objectname)%00%(*objectname) [2ms]
2025-05-17 22:46:22.576 [info] > git status -z -uall [21ms]
2025-05-17 22:46:26.249 [info] > git show --textconv :test16.txt [5ms]
2025-05-17 22:46:26.250 [info] > git ls-files --stage -- test16.txt [2ms]
2025-05-17 22:46:26.256 [info] > git cat-file -s 97e153bcb7bd8af80744bf7f7e181eaaccfdeab3 [1ms]
2025-05-17 22:46:27.663 [info] > git config --get commit.template [5ms]
2025-05-17 22:46:27.664 [info] > git for-each-ref --format=%(refname)%00%(upstream:short)%00%(objectname)%00%(upstream:track)%00%(upstream:remotename)%00%(upstream:remoteref) refs/heads/main refs/remotes/main [1ms]
2025-05-17 22:46:27.679 [info] > git for-each-ref --sort -committerdate --format %(refname)%00%(objectname)%00%(*objectname) [2ms]
2025-05-17 22:46:27.688 [info] > git status -z -uall [19ms]
2025-05-17 22:46:32.774 [info] > git config --get commit.template [6ms]
2025-05-17 22:46:32.774 [info] > git for-each-ref --format=%(refname)%00%(upstream:short)%00%(objectname)%00%(upstream:track)%00%(upstream:remotename)%00%(upstream:remoteref) refs/heads/main refs/remotes/main [1ms]
2025-05-17 22:46:32.787 [info] > git for-each-ref --sort -committerdate --format %(refname)%00%(objectname)%00%(*objectname) [2ms]
2025-05-17 22:46:32.799 [info] > git status -z -uall [20ms]
2025-05-17 22:46:38.387 [info] > git config --get commit.template [2ms]
2025-05-17 22:46:38.395 [info] > git for-each-ref --format=%(refname)%00%(upstream:short)%00%(objectname)%00%(upstream:track)%00%(upstream:remotename)%00%(upstream:remoteref) refs/heads/main refs/remotes/main [2ms]
2025-05-17 22:46:38.414 [info] > git for-each-ref --sort -committerdate --format %(refname)%00%(objectname)%00%(*objectname) [3ms]
2025-05-17 22:46:38.427 [info] > git status -z -uall [24ms]
2025-05-17 22:48:22.327 [info] > git config --get commit.template [1ms]
2025-05-17 22:48:22.335 [info] > git for-each-ref --format=%(refname)%00%(upstream:short)%00%(objectname)%00%(upstream:track)%00%(upstream:remotename)%00%(upstream:remoteref) refs/heads/main refs/remotes/main [2ms]
2025-05-17 22:48:22.352 [info] > git for-each-ref --sort -committerdate --format %(refname)%00%(objectname)%00%(*objectname) [3ms]
2025-05-17 22:48:22.364 [info] > git status -z -uall [23ms]
2025-05-17 22:48:24.885 [info] > git show --textconv :part1_EL.y [7ms]
2025-05-17 22:48:24.886 [info] > git ls-files --stage -- part1_EL.y [2ms]
2025-05-17 22:48:24.892 [info] > git cat-file -s b2b138e7a6cdc26e9a7fa094ab95e276cef56714 [1ms]
2025-05-17 22:48:27.476 [info] > git config --get commit.template [6ms]
2025-05-17 22:48:27.476 [info] > git for-each-ref --format=%(refname)%00%(upstream:short)%00%(objectname)%00%(upstream:track)%00%(upstream:remotename)%00%(upstream:remoteref) refs/heads/main refs/remotes/main [1ms]
2025-05-17 22:48:27.488 [info] > git for-each-ref --sort -committerdate --format %(refname)%00%(objectname)%00%(*objectname) [2ms]
2025-05-17 22:48:27.499 [info] > git status -z -uall [17ms]
2025-05-17 22:48:32.588 [info] > git config --get commit.template [6ms]
2025-05-17 22:48:32.589 [info] > git for-each-ref --format=%(refname)%00%(upstream:short)%00%(objectname)%00%(upstream:track)%00%(upstream:remotename)%00%(upstream:remoteref) refs/heads/main refs/remotes/main [2ms]
2025-05-17 22:48:32.603 [info] > git for-each-ref --sort -committerdate --format %(refname)%00%(objectname)%00%(*objectname) [2ms]
2025-05-17 22:48:32.616 [info] > git status -z -uall [21ms]
2025-05-17 22:48:37.732 [info] > git for-each-ref --format=%(refname)%00%(upstream:short)%00%(objectname)%00%(upstream:track)%00%(upstream:remotename)%00%(upstream:remoteref) refs/heads/main refs/remotes/main [11ms]
2025-05-17 22:48:37.733 [info] > git config --get commit.template [26ms]
2025-05-17 22:48:37.759 [info] > git for-each-ref --sort -committerdate --format %(refname)%00%(objectname)%00%(*objectname) [3ms]
2025-05-17 22:48:37.786 [info] > git status -z -uall [40ms]
2025-05-17 22:48:42.884 [info] > git config --get commit.template [10ms]
2025-05-17 22:48:42.886 [info] > git for-each-ref --format=%(refname)%00%(upstream:short)%00%(objectname)%00%(upstream:track)%00%(upstream:remotename)%00%(upstream:remoteref) refs/heads/main refs/remotes/main [3ms]
2025-05-17 22:48:42.906 [info] > git for-each-ref --sort -committerdate --format %(refname)%00%(objectname)%00%(*objectname) [2ms]
2025-05-17 22:48:42.921 [info] > git status -z -uall [26ms]
2025-05-17 22:48:48.010 [info] > git config --get commit.template [5ms]
2025-05-17 22:48:48.011 [info] > git for-each-ref --format=%(refname)%00%(upstream:short)%00%(objectname)%00%(upstream:track)%00%(upstream:remotename)%00%(upstream:remoteref) refs/heads/main refs/remotes/main [1ms]
2025-05-17 22:48:48.026 [info] > git for-each-ref --sort -committerdate --format %(refname)%00%(objectname)%00%(*objectname) [2ms]
2025-05-17 22:48:48.040 [info] > git status -z -uall [22ms]
2025-05-17 22:48:53.127 [info] > git config --get commit.template [1ms]
2025-05-17 22:48:53.135 [info] > git for-each-ref --format=%(refname)%00%(upstream:short)%00%(objectname)%00%(upstream:track)%00%(upstream:remotename)%00%(upstream:remoteref) refs/heads/main refs/remotes/main [1ms]
2025-05-17 22:48:53.149 [info] > git for-each-ref --sort -committerdate --format %(refname)%00%(objectname)%00%(*objectname) [1ms]
2025-05-17 22:48:53.160 [info] > git status -z -uall [18ms]
2025-05-17 22:48:58.240 [info] > git config --get commit.template [6ms]
2025-05-17 22:48:58.241 [info] > git for-each-ref --format=%(refname)%00%(upstream:short)%00%(objectname)%00%(upstream:track)%00%(upstream:remotename)%00%(upstream:remoteref) refs/heads/main refs/remotes/main [1ms]
2025-05-17 22:48:58.253 [info] > git for-each-ref --sort -committerdate --format %(refname)%00%(objectname)%00%(*objectname) [2ms]
2025-05-17 22:48:58.265 [info] > git status -z -uall [18ms]
2025-05-17 22:49:03.373 [info] > git config --get commit.template [16ms]
2025-05-17 22:49:03.376 [info] > git for-each-ref --format=%(refname)%00%(upstream:short)%00%(objectname)%00%(upstream:track)%00%(upstream:remotename)%00%(upstream:remoteref) refs/heads/main refs/remotes/main [4ms]
2025-05-17 22:49:03.417 [info] > git for-each-ref --sort -committerdate --format %(refname)%00%(objectname)%00%(*objectname) [12ms]
2025-05-17 22:49:03.434 [info] > git status -z -uall [43ms]
2025-05-17 22:49:08.521 [info] > git config --get commit.template [6ms]
2025-05-17 22:49:08.522 [info] > git for-each-ref --format=%(refname)%00%(upstream:short)%00%(objectname)%00%(upstream:track)%00%(upstream:remotename)%00%(upstream:remoteref) refs/heads/main refs/remotes/main [1ms]
2025-05-17 22:49:08.539 [info] > git for-each-ref --sort -committerdate --format %(refname)%00%(objectname)%00%(*objectname) [2ms]
2025-05-17 22:49:08.555 [info] > git status -z -uall [25ms]
2025-05-17 22:49:13.671 [info] > git config --get commit.template [16ms]
2025-05-17 22:49:13.673 [info] > git for-each-ref --format=%(refname)%00%(upstream:short)%00%(objectname)%00%(upstream:track)%00%(upstream:remotename)%00%(upstream:remoteref) refs/heads/main refs/remotes/main [3ms]
2025-05-17 22:49:13.705 [info] > git for-each-ref --sort -committerdate --format %(refname)%00%(objectname)%00%(*objectname) [3ms]
2025-05-17 22:49:13.719 [info] > git status -z -uall [30ms]
2025-05-17 22:49:18.802 [info] > git config --get commit.template [3ms]
2025-05-17 22:49:18.809 [info] > git for-each-ref --format=%(refname)%00%(upstream:short)%00%(objectname)%00%(upstream:track)%00%(upstream:remotename)%00%(upstream:remoteref) refs/heads/main refs/remotes/main [1ms]
2025-05-17 22:49:18.828 [info] > git for-each-ref --sort -committerdate --format %(refname)%00%(objectname)%00%(*objectname) [2ms]
2025-05-17 22:49:18.852 [info] > git status -z -uall [34ms]
2025-05-17 22:49:37.565 [info] > git config --get commit.template [6ms]
2025-05-17 22:49:37.566 [info] > git for-each-ref --format=%(refname)%00%(upstream:short)%00%(objectname)%00%(upstream:track)%00%(upstream:remotename)%00%(upstream:remoteref) refs/heads/main refs/remotes/main [1ms]
2025-05-17 22:49:37.582 [info] > git for-each-ref --sort -committerdate --format %(refname)%00%(objectname)%00%(*objectname) [1ms]
2025-05-17 22:49:37.597 [info] > git status -z -uall [23ms]
2025-05-17 22:49:42.678 [info] > git config --get commit.template [2ms]
2025-05-17 22:49:42.684 [info] > git for-each-ref --format=%(refname)%00%(upstream:short)%00%(objectname)%00%(upstream:track)%00%(upstream:remotename)%00%(upstream:remoteref) refs/heads/main refs/remotes/main [1ms]
2025-05-17 22:49:42.694 [info] > git for-each-ref --sort -committerdate --format %(refname)%00%(objectname)%00%(*objectname) [2ms]
2025-05-17 22:49:42.707 [info] > git status -z -uall [19ms]
2025-05-17 22:49:47.787 [info] > git config --get commit.template [5ms]
2025-05-17 22:49:47.788 [info] > git for-each-ref --format=%(refname)%00%(upstream:short)%00%(objectname)%00%(upstream:track)%00%(upstream:remotename)%00%(upstream:remoteref) refs/heads/main refs/remotes/main [1ms]
2025-05-17 22:49:47.798 [info] > git for-each-ref --sort -committerdate --format %(refname)%00%(objectname)%00%(*objectname) [1ms]
2025-05-17 22:49:47.810 [info] > git status -z -uall [18ms]
2025-05-17 22:49:52.894 [info] > git config --get commit.template [6ms]
2025-05-17 22:49:52.894 [info] > git for-each-ref --format=%(refname)%00%(upstream:short)%00%(objectname)%00%(upstream:track)%00%(upstream:remotename)%00%(upstream:remoteref) refs/heads/main refs/remotes/main [1ms]
2025-05-17 22:49:52.904 [info] > git for-each-ref --sort -committerdate --format %(refname)%00%(objectname)%00%(*objectname) [2ms]
2025-05-17 22:49:52.918 [info] > git status -z -uall [19ms]
2025-05-17 22:49:58.019 [info] > git config --get commit.template [13ms]
2025-05-17 22:49:58.022 [info] > git for-each-ref --format=%(refname)%00%(upstream:short)%00%(objectname)%00%(upstream:track)%00%(upstream:remotename)%00%(upstream:remoteref) refs/heads/main refs/remotes/main [4ms]
2025-05-17 22:49:58.048 [info] > git for-each-ref --sort -committerdate --format %(refname)%00%(objectname)%00%(*objectname) [3ms]
2025-05-17 22:49:58.066 [info] > git status -z -uall [29ms]
2025-05-17 22:50:03.167 [info] > git config --get commit.template [13ms]
2025-05-17 22:50:03.169 [info] > git for-each-ref --format=%(refname)%00%(upstream:short)%00%(objectname)%00%(upstream:track)%00%(upstream:remotename)%00%(upstream:remoteref) refs/heads/main refs/remotes/main [3ms]
2025-05-17 22:50:03.196 [info] > git for-each-ref --sort -committerdate --format %(refname)%00%(objectname)%00%(*objectname) [4ms]
2025-05-17 22:50:03.219 [info] > git status -z -uall [37ms]
2025-05-17 22:50:08.330 [info] > git config --get commit.template [4ms]
2025-05-17 22:50:08.331 [info] > git for-each-ref --format=%(refname)%00%(upstream:short)%00%(objectname)%00%(upstream:track)%00%(upstream:remotename)%00%(upstream:remoteref) refs/heads/main refs/remotes/main [1ms]
2025-05-17 22:50:08.341 [info] > git for-each-ref --sort -committerdate --format %(refname)%00%(objectname)%00%(*objectname) [1ms]
2025-05-17 22:50:08.354 [info] > git status -z -uall [19ms]
2025-05-17 22:50:13.454 [info] > git config --get commit.template [13ms]
2025-05-17 22:50:13.457 [info] > git for-each-ref --format=%(refname)%00%(upstream:short)%00%(objectname)%00%(upstream:track)%00%(upstream:remotename)%00%(upstream:remoteref) refs/heads/main refs/remotes/main [4ms]
2025-05-17 22:50:13.474 [info] > git for-each-ref --sort -committerdate --format %(refname)%00%(objectname)%00%(*objectname) [1ms]
2025-05-17 22:50:13.487 [info] > git status -z -uall [18ms]
2025-05-17 22:50:18.560 [info] > git config --get commit.template [4ms]
2025-05-17 22:50:18.561 [info] > git for-each-ref --format=%(refname)%00%(upstream:short)%00%(objectname)%00%(upstream:track)%00%(upstream:remotename)%00%(upstream:remoteref) refs/heads/main refs/remotes/main [1ms]
2025-05-17 22:50:18.570 [info] > git for-each-ref --sort -committerdate --format %(refname)%00%(objectname)%00%(*objectname) [1ms]
2025-05-17 22:50:18.583 [info] > git status -z -uall [18ms]
2025-05-17 22:50:31.562 [info] > git config --get commit.template [7ms]
2025-05-17 22:50:31.563 [info] > git for-each-ref --format=%(refname)%00%(upstream:short)%00%(objectname)%00%(upstream:track)%00%(upstream:remotename)%00%(upstream:remoteref) refs/heads/main refs/remotes/main [2ms]
2025-05-17 22:50:31.579 [info] > git for-each-ref --sort -committerdate --format %(refname)%00%(objectname)%00%(*objectname) [1ms]
2025-05-17 22:50:31.595 [info] > git status -z -uall [25ms]
2025-05-17 22:50:36.683 [info] > git config --get commit.template [6ms]
2025-05-17 22:50:36.684 [info] > git for-each-ref --format=%(refname)%00%(upstream:short)%00%(objectname)%00%(upstream:track)%00%(upstream:remotename)%00%(upstream:remoteref) refs/heads/main refs/remotes/main [1ms]
2025-05-17 22:50:36.698 [info] > git for-each-ref --sort -committerdate --format %(refname)%00%(objectname)%00%(*objectname) [5ms]
2025-05-17 22:50:36.710 [info] > git status -z -uall [21ms]
2025-05-17 22:50:41.865 [info] > git config --get commit.template [5ms]
2025-05-17 22:50:41.866 [info] > git for-each-ref --format=%(refname)%00%(upstream:short)%00%(objectname)%00%(upstream:track)%00%(upstream:remotename)%00%(upstream:remoteref) refs/heads/main refs/remotes/main [1ms]
2025-05-17 22:50:41.879 [info] > git for-each-ref --sort -committerdate --format %(refname)%00%(objectname)%00%(*objectname) [2ms]
2025-05-17 22:50:41.892 [info] > git status -z -uall [20ms]
2025-05-17 22:50:46.964 [info] > git config --get commit.template [4ms]
2025-05-17 22:50:46.965 [info] > git for-each-ref --format=%(refname)%00%(upstream:short)%00%(objectname)%00%(upstream:track)%00%(upstream:remotename)%00%(upstream:remoteref) refs/heads/main refs/remotes/main [1ms]
2025-05-17 22:50:46.974 [info] > git for-each-ref --sort -committerdate --format %(refname)%00%(objectname)%00%(*objectname) [1ms]
2025-05-17 22:50:46.987 [info] > git status -z -uall [18ms]
2025-05-17 22:50:52.062 [info] > git config --get commit.template [4ms]
2025-05-17 22:50:52.062 [info] > git for-each-ref --format=%(refname)%00%(upstream:short)%00%(objectname)%00%(upstream:track)%00%(upstream:remotename)%00%(upstream:remoteref) refs/heads/main refs/remotes/main [1ms]
2025-05-17 22:50:52.075 [info] > git for-each-ref --sort -committerdate --format %(refname)%00%(objectname)%00%(*objectname) [5ms]
2025-05-17 22:50:52.087 [info] > git status -z -uall [21ms]
2025-05-17 22:50:57.275 [info] > git config --get commit.template [5ms]
2025-05-17 22:50:57.276 [info] > git for-each-ref --format=%(refname)%00%(upstream:short)%00%(objectname)%00%(upstream:track)%00%(upstream:remotename)%00%(upstream:remoteref) refs/heads/main refs/remotes/main [1ms]
2025-05-17 22:50:57.287 [info] > git for-each-ref --sort -committerdate --format %(refname)%00%(objectname)%00%(*objectname) [2ms]
2025-05-17 22:50:57.301 [info] > git status -z -uall [20ms]
2025-05-17 22:51:02.373 [info] > git config --get commit.template [4ms]
2025-05-17 22:51:02.374 [info] > git for-each-ref --format=%(refname)%00%(upstream:short)%00%(objectname)%00%(upstream:track)%00%(upstream:remotename)%00%(upstream:remoteref) refs/heads/main refs/remotes/main [2ms]
2025-05-17 22:51:02.383 [info] > git for-each-ref --sort -committerdate --format %(refname)%00%(objectname)%00%(*objectname) [1ms]
2025-05-17 22:51:02.396 [info] > git status -z -uall [18ms]
2025-05-17 22:51:07.472 [info] > git config --get commit.template [4ms]
2025-05-17 22:51:07.473 [info] > git for-each-ref --format=%(refname)%00%(upstream:short)%00%(objectname)%00%(upstream:track)%00%(upstream:remotename)%00%(upstream:remoteref) refs/heads/main refs/remotes/main [1ms]
2025-05-17 22:51:07.482 [info] > git for-each-ref --sort -committerdate --format %(refname)%00%(objectname)%00%(*objectname) [1ms]
2025-05-17 22:51:07.494 [info] > git status -z -uall [17ms]
2025-05-17 22:51:12.596 [info] > git config --get commit.template [14ms]
2025-05-17 22:51:12.599 [info] > git for-each-ref --format=%(refname)%00%(upstream:short)%00%(objectname)%00%(upstream:track)%00%(upstream:remotename)%00%(upstream:remoteref) refs/heads/main refs/remotes/main [4ms]
2025-05-17 22:51:12.616 [info] > git for-each-ref --sort -committerdate --format %(refname)%00%(objectname)%00%(*objectname) [1ms]
2025-05-17 22:51:12.629 [info] > git status -z -uall [18ms]
2025-05-17 22:51:17.713 [info] > git config --get commit.template [5ms]
2025-05-17 22:51:17.714 [info] > git for-each-ref --format=%(refname)%00%(upstream:short)%00%(objectname)%00%(upstream:track)%00%(upstream:remotename)%00%(upstream:remoteref) refs/heads/main refs/remotes/main [2ms]
2025-05-17 22:51:17.724 [info] > git for-each-ref --sort -committerdate --format %(refname)%00%(objectname)%00%(*objectname) [1ms]
2025-05-17 22:51:17.737 [info] > git status -z -uall [19ms]
2025-05-17 22:51:22.825 [info] > git config --get commit.template [7ms]
2025-05-17 22:51:22.834 [info] > git for-each-ref --format=%(refname)%00%(upstream:short)%00%(objectname)%00%(upstream:track)%00%(upstream:remotename)%00%(upstream:remoteref) refs/heads/main refs/remotes/main [3ms]
2025-05-17 22:51:22.850 [info] > git for-each-ref --sort -committerdate --format %(refname)%00%(objectname)%00%(*objectname) [2ms]
2025-05-17 22:51:22.863 [info] > git status -z -uall [21ms]
2025-05-17 22:51:28.029 [info] > git config --get commit.template [6ms]
2025-05-17 22:51:28.030 [info] > git for-each-ref --format=%(refname)%00%(upstream:short)%00%(objectname)%00%(upstream:track)%00%(upstream:remotename)%00%(upstream:remoteref) refs/heads/main refs/remotes/main [2ms]
2025-05-17 22:51:28.043 [info] > git for-each-ref --sort -committerdate --format %(refname)%00%(objectname)%00%(*objectname) [3ms]
2025-05-17 22:51:28.055 [info] > git status -z -uall [20ms]
2025-05-17 22:51:33.136 [info] > git config --get commit.template [7ms]
2025-05-17 22:51:33.137 [info] > git for-each-ref --format=%(refname)%00%(upstream:short)%00%(objectname)%00%(upstream:track)%00%(upstream:remotename)%00%(upstream:remoteref) refs/heads/main refs/remotes/main [2ms]
2025-05-17 22:51:33.150 [info] > git for-each-ref --sort -committerdate --format %(refname)%00%(objectname)%00%(*objectname) [2ms]
2025-05-17 22:51:33.163 [info] > git status -z -uall [20ms]
2025-05-17 22:51:38.273 [info] > git config --get commit.template [15ms]
2025-05-17 22:51:38.276 [info] > git for-each-ref --format=%(refname)%00%(upstream:short)%00%(objectname)%00%(upstream:track)%00%(upstream:remotename)%00%(upstream:remoteref) refs/heads/main refs/remotes/main [3ms]
2025-05-17 22:51:38.309 [info] > git for-each-ref --sort -committerdate --format %(refname)%00%(objectname)%00%(*objectname) [3ms]
2025-05-17 22:51:38.323 [info] > git status -z -uall [33ms]
2025-05-17 22:51:42.349 [info] > git show --textconv :test16.txt [7ms]
2025-05-17 22:51:42.350 [info] > git ls-files --stage -- test16.txt [2ms]
2025-05-17 22:51:42.357 [info] > git cat-file -s 97e153bcb7bd8af80744bf7f7e181eaaccfdeab3 [1ms]
2025-05-17 22:51:43.408 [info] > git config --get commit.template [5ms]
2025-05-17 22:51:43.408 [info] > git for-each-ref --format=%(refname)%00%(upstream:short)%00%(objectname)%00%(upstream:track)%00%(upstream:remotename)%00%(upstream:remoteref) refs/heads/main refs/remotes/main [1ms]
2025-05-17 22:51:43.423 [info] > git for-each-ref --sort -committerdate --format %(refname)%00%(objectname)%00%(*objectname) [1ms]
2025-05-17 22:51:43.437 [info] > git status -z -uall [20ms]
2025-05-17 22:53:03.660 [info] > git config --get commit.template [13ms]
2025-05-17 22:53:03.661 [info] > git for-each-ref --format=%(refname)%00%(upstream:short)%00%(objectname)%00%(upstream:track)%00%(upstream:remotename)%00%(upstream:remoteref) refs/heads/main refs/remotes/main [3ms]
2025-05-17 22:53:03.680 [info] > git for-each-ref --sort -committerdate --format %(refname)%00%(objectname)%00%(*objectname) [3ms]
2025-05-17 22:53:03.707 [info] > git status -z -uall [36ms]
2025-05-17 22:53:05.816 [info] > git show --textconv :part1_EL.y [6ms]
2025-05-17 22:53:05.817 [info] > git ls-files --stage -- part1_EL.y [1ms]
2025-05-17 22:53:05.824 [info] > git cat-file -s b2b138e7a6cdc26e9a7fa094ab95e276cef56714 [1ms]
2025-05-17 22:53:08.851 [info] > git config --get commit.template [8ms]
2025-05-17 22:53:08.852 [info] > git for-each-ref --format=%(refname)%00%(upstream:short)%00%(objectname)%00%(upstream:track)%00%(upstream:remotename)%00%(upstream:remoteref) refs/heads/main refs/remotes/main [1ms]
2025-05-17 22:53:08.868 [info] > git for-each-ref --sort -committerdate --format %(refname)%00%(objectname)%00%(*objectname) [2ms]
2025-05-17 22:53:08.883 [info] > git status -z -uall [25ms]
2025-05-17 22:53:14.083 [info] > git config --get commit.template [7ms]
2025-05-17 22:53:14.083 [info] > git for-each-ref --format=%(refname)%00%(upstream:short)%00%(objectname)%00%(upstream:track)%00%(upstream:remotename)%00%(upstream:remoteref) refs/heads/main refs/remotes/main [1ms]
2025-05-17 22:53:14.099 [info] > git for-each-ref --sort -committerdate --format %(refname)%00%(objectname)%00%(*objectname) [2ms]
2025-05-17 22:53:14.113 [info] > git status -z -uall [23ms]
2025-05-17 22:53:19.728 [info] > git config --get commit.template [10ms]
2025-05-17 22:53:19.740 [info] > git for-each-ref --format=%(refname)%00%(upstream:short)%00%(objectname)%00%(upstream:track)%00%(upstream:remotename)%00%(upstream:remoteref) refs/heads/main refs/remotes/main [2ms]
2025-05-17 22:53:19.755 [info] > git for-each-ref --sort -committerdate --format %(refname)%00%(objectname)%00%(*objectname) [2ms]
2025-05-17 22:53:19.769 [info] > git status -z -uall [22ms]
2025-05-17 22:53:24.863 [info] > git config --get commit.template [11ms]
2025-05-17 22:53:24.864 [info] > git for-each-ref --format=%(refname)%00%(upstream:short)%00%(objectname)%00%(upstream:track)%00%(upstream:remotename)%00%(upstream:remoteref) refs/heads/main refs/remotes/main [2ms]
2025-05-17 22:53:24.881 [info] > git for-each-ref --sort -committerdate --format %(refname)%00%(objectname)%00%(*objectname) [2ms]
2025-05-17 22:53:24.894 [info] > git status -z -uall [22ms]
2025-05-17 22:53:29.977 [info] > git config --get commit.template [6ms]
2025-05-17 22:53:29.977 [info] > git for-each-ref --format=%(refname)%00%(upstream:short)%00%(objectname)%00%(upstream:track)%00%(upstream:remotename)%00%(upstream:remoteref) refs/heads/main refs/remotes/main [1ms]
2025-05-17 22:53:29.992 [info] > git for-each-ref --sort -committerdate --format %(refname)%00%(objectname)%00%(*objectname) [2ms]
2025-05-17 22:53:30.004 [info] > git status -z -uall [19ms]
2025-05-17 22:53:35.099 [info] > git config --get commit.template [7ms]
2025-05-17 22:53:35.100 [info] > git for-each-ref --format=%(refname)%00%(upstream:short)%00%(objectname)%00%(upstream:track)%00%(upstream:remotename)%00%(upstream:remoteref) refs/heads/main refs/remotes/main [2ms]
2025-05-17 22:53:35.113 [info] > git for-each-ref --sort -committerdate --format %(refname)%00%(objectname)%00%(*objectname) [2ms]
2025-05-17 22:53:35.126 [info] > git status -z -uall [20ms]
2025-05-17 22:53:40.731 [info] > git config --get commit.template [6ms]
2025-05-17 22:53:40.732 [info] > git for-each-ref --format=%(refname)%00%(upstream:short)%00%(objectname)%00%(upstream:track)%00%(upstream:remotename)%00%(upstream:remoteref) refs/heads/main refs/remotes/main [2ms]
2025-05-17 22:53:40.744 [info] > git for-each-ref --sort -committerdate --format %(refname)%00%(objectname)%00%(*objectname) [2ms]
2025-05-17 22:53:40.757 [info] > git status -z -uall [20ms]
2025-05-17 22:53:45.445 [info] > git show --textconv :part1_EL.y [8ms]
2025-05-17 22:53:45.446 [info] > git ls-files --stage -- part1_EL.y [2ms]
2025-05-17 22:53:45.454 [info] > git cat-file -s b2b138e7a6cdc26e9a7fa094ab95e276cef56714 [1ms]
2025-05-17 22:53:45.861 [info] > git config --get commit.template [10ms]
2025-05-17 22:53:45.862 [info] > git for-each-ref --format=%(refname)%00%(upstream:short)%00%(objectname)%00%(upstream:track)%00%(upstream:remotename)%00%(upstream:remoteref) refs/heads/main refs/remotes/main [1ms]
2025-05-17 22:53:45.881 [info] > git for-each-ref --sort -committerdate --format %(refname)%00%(objectname)%00%(*objectname) [1ms]
2025-05-17 22:53:45.894 [info] > git status -z -uall [24ms]
2025-05-17 22:53:50.988 [info] > git config --get commit.template [6ms]
2025-05-17 22:53:50.989 [info] > git for-each-ref --format=%(refname)%00%(upstream:short)%00%(objectname)%00%(upstream:track)%00%(upstream:remotename)%00%(upstream:remoteref) refs/heads/main refs/remotes/main [2ms]
2025-05-17 22:53:51.005 [info] > git for-each-ref --sort -committerdate --format %(refname)%00%(objectname)%00%(*objectname) [2ms]
2025-05-17 22:53:51.016 [info] > git status -z -uall [20ms]
2025-05-17 22:53:56.125 [info] > git config --get commit.template [1ms]
2025-05-17 22:53:56.134 [info] > git for-each-ref --format=%(refname)%00%(upstream:short)%00%(objectname)%00%(upstream:track)%00%(upstream:remotename)%00%(upstream:remoteref) refs/heads/main refs/remotes/main [2ms]
2025-05-17 22:53:56.150 [info] > git for-each-ref --sort -committerdate --format %(refname)%00%(objectname)%00%(*objectname) [2ms]
2025-05-17 22:53:56.164 [info] > git status -z -uall [23ms]
2025-05-17 22:54:00.659 [info] > git show --textconv :test16.txt [10ms]
2025-05-17 22:54:00.660 [info] > git ls-files --stage -- test16.txt [2ms]
2025-05-17 22:54:00.668 [info] > git cat-file -s 97e153bcb7bd8af80744bf7f7e181eaaccfdeab3 [1ms]
2025-05-17 22:54:01.279 [info] > git config --get commit.template [19ms]
2025-05-17 22:54:01.280 [info] > git for-each-ref --format=%(refname)%00%(upstream:short)%00%(objectname)%00%(upstream:track)%00%(upstream:remotename)%00%(upstream:remoteref) refs/heads/main refs/remotes/main [3ms]
2025-05-17 22:54:01.302 [info] > git for-each-ref --sort -committerdate --format %(refname)%00%(objectname)%00%(*objectname) [2ms]
2025-05-17 22:54:01.317 [info] > git status -z -uall [26ms]
2025-05-17 22:54:06.404 [info] > git config --get commit.template [6ms]
2025-05-17 22:54:06.405 [info] > git for-each-ref --format=%(refname)%00%(upstream:short)%00%(objectname)%00%(upstream:track)%00%(upstream:remotename)%00%(upstream:remoteref) refs/heads/main refs/remotes/main [2ms]
2025-05-17 22:54:06.418 [info] > git for-each-ref --sort -committerdate --format %(refname)%00%(objectname)%00%(*objectname) [1ms]
2025-05-17 22:54:06.429 [info] > git status -z -uall [18ms]
2025-05-17 22:54:11.510 [info] > git config --get commit.template [2ms]
2025-05-17 22:54:11.518 [info] > git for-each-ref --format=%(refname)%00%(upstream:short)%00%(objectname)%00%(upstream:track)%00%(upstream:remotename)%00%(upstream:remoteref) refs/heads/main refs/remotes/main [1ms]
2025-05-17 22:54:11.531 [info] > git for-each-ref --sort -committerdate --format %(refname)%00%(objectname)%00%(*objectname) [2ms]
2025-05-17 22:54:11.541 [info] > git status -z -uall [18ms]
2025-05-17 22:54:16.623 [info] > git config --get commit.template [8ms]
2025-05-17 22:54:16.624 [info] > git for-each-ref --format=%(refname)%00%(upstream:short)%00%(objectname)%00%(upstream:track)%00%(upstream:remotename)%00%(upstream:remoteref) refs/heads/main refs/remotes/main [1ms]
2025-05-17 22:54:16.640 [info] > git for-each-ref --sort -committerdate --format %(refname)%00%(objectname)%00%(*objectname) [1ms]
2025-05-17 22:54:16.653 [info] > git status -z -uall [21ms]
2025-05-17 22:54:22.239 [info] > git config --get commit.template [5ms]
2025-05-17 22:54:22.252 [info] > git for-each-ref --format=%(refname)%00%(upstream:short)%00%(objectname)%00%(upstream:track)%00%(upstream:remotename)%00%(upstream:remoteref) refs/heads/main refs/remotes/main [2ms]
2025-05-17 22:54:22.268 [info] > git for-each-ref --sort -committerdate --format %(refname)%00%(objectname)%00%(*objectname) [1ms]
2025-05-17 22:54:22.285 [info] > git status -z -uall [25ms]
2025-05-17 22:54:27.397 [info] > git config --get commit.template [20ms]
2025-05-17 22:54:27.399 [info] > git for-each-ref --format=%(refname)%00%(upstream:short)%00%(objectname)%00%(upstream:track)%00%(upstream:remotename)%00%(upstream:remoteref) refs/heads/main refs/remotes/main [4ms]
2025-05-17 22:54:27.414 [info] > git for-each-ref --sort -committerdate --format %(refname)%00%(objectname)%00%(*objectname) [2ms]
2025-05-17 22:54:27.425 [info] > git status -z -uall [19ms]
2025-05-17 22:54:32.507 [info] > git config --get commit.template [6ms]
2025-05-17 22:54:32.508 [info] > git for-each-ref --format=%(refname)%00%(upstream:short)%00%(objectname)%00%(upstream:track)%00%(upstream:remotename)%00%(upstream:remoteref) refs/heads/main refs/remotes/main [1ms]
2025-05-17 22:54:32.521 [info] > git for-each-ref --sort -committerdate --format %(refname)%00%(objectname)%00%(*objectname) [1ms]
2025-05-17 22:54:32.536 [info] > git status -z -uall [22ms]
2025-05-17 22:54:37.708 [info] > git config --get commit.template [7ms]
2025-05-17 22:54:37.708 [info] > git for-each-ref --format=%(refname)%00%(upstream:short)%00%(objectname)%00%(upstream:track)%00%(upstream:remotename)%00%(upstream:remoteref) refs/heads/main refs/remotes/main [1ms]
2025-05-17 22:54:37.721 [info] > git for-each-ref --sort -committerdate --format %(refname)%00%(objectname)%00%(*objectname) [1ms]
2025-05-17 22:54:37.734 [info] > git status -z -uall [20ms]
2025-05-17 22:54:38.319 [info] > git show --textconv :part1_EL.y [11ms]
2025-05-17 22:54:38.322 [info] > git ls-files --stage -- part1_EL.y [4ms]
2025-05-17 22:54:38.333 [info] > git cat-file -s b2b138e7a6cdc26e9a7fa094ab95e276cef56714 [1ms]
2025-05-17 22:54:42.836 [info] > git config --get commit.template [19ms]
2025-05-17 22:54:42.839 [info] > git for-each-ref --format=%(refname)%00%(upstream:short)%00%(objectname)%00%(upstream:track)%00%(upstream:remotename)%00%(upstream:remoteref) refs/heads/main refs/remotes/main [4ms]
2025-05-17 22:54:42.871 [info] > git for-each-ref --sort -committerdate --format %(refname)%00%(objectname)%00%(*objectname) [3ms]
2025-05-17 22:54:42.897 [info] > git status -z -uall [41ms]
2025-05-17 22:54:48.011 [info] > git config --get commit.template [20ms]
2025-05-17 22:54:48.012 [info] > git for-each-ref --format=%(refname)%00%(upstream:short)%00%(objectname)%00%(upstream:track)%00%(upstream:remotename)%00%(upstream:remoteref) refs/heads/main refs/remotes/main [3ms]
2025-05-17 22:54:48.048 [info] > git for-each-ref --sort -committerdate --format %(refname)%00%(objectname)%00%(*objectname) [4ms]
2025-05-17 22:54:48.064 [info] > git status -z -uall [35ms]
2025-05-17 22:54:53.149 [info] > git config --get commit.template [8ms]
2025-05-17 22:54:53.149 [info] > git for-each-ref --format=%(refname)%00%(upstream:short)%00%(objectname)%00%(upstream:track)%00%(upstream:remotename)%00%(upstream:remoteref) refs/heads/main refs/remotes/main [1ms]
2025-05-17 22:54:53.164 [info] > git for-each-ref --sort -committerdate --format %(refname)%00%(objectname)%00%(*objectname) [2ms]
2025-05-17 22:54:53.176 [info] > git status -z -uall [20ms]
2025-05-17 22:54:54.779 [info] > git show --textconv :test16.txt [22ms]
2025-05-17 22:54:54.782 [info] > git ls-files --stage -- test16.txt [7ms]
2025-05-17 22:54:54.804 [info] > git cat-file -s 97e153bcb7bd8af80744bf7f7e181eaaccfdeab3 [4ms]
2025-05-17 22:54:58.297 [info] > git config --get commit.template [22ms]
2025-05-17 22:54:58.299 [info] > git for-each-ref --format=%(refname)%00%(upstream:short)%00%(objectname)%00%(upstream:track)%00%(upstream:remotename)%00%(upstream:remoteref) refs/heads/main refs/remotes/main [4ms]
2025-05-17 22:54:58.337 [info] > git for-each-ref --sort -committerdate --format %(refname)%00%(objectname)%00%(*objectname) [3ms]
2025-05-17 22:54:58.357 [info] > git status -z -uall [39ms]
2025-05-17 22:55:03.486 [info] > git config --get commit.template [19ms]
2025-05-17 22:55:03.488 [info] > git for-each-ref --format=%(refname)%00%(upstream:short)%00%(objectname)%00%(upstream:track)%00%(upstream:remotename)%00%(upstream:remoteref) refs/heads/main refs/remotes/main [4ms]
2025-05-17 22:55:03.518 [info] > git for-each-ref --sort -committerdate --format %(refname)%00%(objectname)%00%(*objectname) [3ms]
2025-05-17 22:55:03.542 [info] > git status -z -uall [39ms]
2025-05-17 22:55:12.396 [info] > git config --get commit.template [9ms]
2025-05-17 22:55:12.396 [info] > git for-each-ref --format=%(refname)%00%(upstream:short)%00%(objectname)%00%(upstream:track)%00%(upstream:remotename)%00%(upstream:remoteref) refs/heads/main refs/remotes/main [1ms]
2025-05-17 22:55:12.414 [info] > git for-each-ref --sort -committerdate --format %(refname)%00%(objectname)%00%(*objectname) [2ms]
2025-05-17 22:55:12.426 [info] > git status -z -uall [21ms]
2025-05-17 22:55:17.519 [info] > git config --get commit.template [6ms]
2025-05-17 22:55:17.519 [info] > git for-each-ref --format=%(refname)%00%(upstream:short)%00%(objectname)%00%(upstream:track)%00%(upstream:remotename)%00%(upstream:remoteref) refs/heads/main refs/remotes/main [1ms]
2025-05-17 22:55:17.532 [info] > git for-each-ref --sort -committerdate --format %(refname)%00%(objectname)%00%(*objectname) [1ms]
2025-05-17 22:55:17.543 [info] > git status -z -uall [18ms]
2025-05-17 22:55:22.626 [info] > git config --get commit.template [7ms]
2025-05-17 22:55:22.627 [info] > git for-each-ref --format=%(refname)%00%(upstream:short)%00%(objectname)%00%(upstream:track)%00%(upstream:remotename)%00%(upstream:remoteref) refs/heads/main refs/remotes/main [1ms]
2025-05-17 22:55:22.641 [info] > git for-each-ref --sort -committerdate --format %(refname)%00%(objectname)%00%(*objectname) [2ms]
2025-05-17 22:55:22.654 [info] > git status -z -uall [21ms]
2025-05-17 22:55:27.757 [info] > git config --get commit.template [10ms]
2025-05-17 22:55:27.758 [info] > git for-each-ref --format=%(refname)%00%(upstream:short)%00%(objectname)%00%(upstream:track)%00%(upstream:remotename)%00%(upstream:remoteref) refs/heads/main refs/remotes/main [2ms]
2025-05-17 22:55:27.773 [info] > git for-each-ref --sort -committerdate --format %(refname)%00%(objectname)%00%(*objectname) [2ms]
2025-05-17 22:55:27.784 [info] > git status -z -uall [19ms]
2025-05-17 22:55:32.867 [info] > git config --get commit.template [7ms]
2025-05-17 22:55:32.867 [info] > git for-each-ref --format=%(refname)%00%(upstream:short)%00%(objectname)%00%(upstream:track)%00%(upstream:remotename)%00%(upstream:remoteref) refs/heads/main refs/remotes/main [1ms]
2025-05-17 22:55:32.882 [info] > git for-each-ref --sort -committerdate --format %(refname)%00%(objectname)%00%(*objectname) [2ms]
2025-05-17 22:55:32.894 [info] > git status -z -uall [20ms]
2025-05-17 22:55:34.276 [info] > git show --textconv :part1_EL.y [9ms]
2025-05-17 22:55:34.280 [info] > git ls-files --stage -- part1_EL.y [6ms]
2025-05-17 22:55:34.287 [info] > git cat-file -s b2b138e7a6cdc26e9a7fa094ab95e276cef56714 [1ms]
2025-05-17 22:55:37.994 [info] > git config --get commit.template [5ms]
2025-05-17 22:55:38.006 [info] > git for-each-ref --format=%(refname)%00%(upstream:short)%00%(objectname)%00%(upstream:track)%00%(upstream:remotename)%00%(upstream:remoteref) refs/heads/main refs/remotes/main [2ms]
2025-05-17 22:55:38.022 [info] > git for-each-ref --sort -committerdate --format %(refname)%00%(objectname)%00%(*objectname) [2ms]
2025-05-17 22:55:38.032 [info] > git status -z -uall [19ms]
2025-05-17 22:55:43.143 [info] > git config --get commit.template [17ms]
2025-05-17 22:55:43.143 [info] > git for-each-ref --format=%(refname)%00%(upstream:short)%00%(objectname)%00%(upstream:track)%00%(upstream:remotename)%00%(upstream:remoteref) refs/heads/main refs/remotes/main [1ms]
2025-05-17 22:55:43.159 [info] > git for-each-ref --sort -committerdate --format %(refname)%00%(objectname)%00%(*objectname) [2ms]
2025-05-17 22:55:43.171 [info] > git status -z -uall [20ms]
2025-05-17 22:55:48.267 [info] > git config --get commit.template [8ms]
2025-05-17 22:55:48.268 [info] > git for-each-ref --format=%(refname)%00%(upstream:short)%00%(objectname)%00%(upstream:track)%00%(upstream:remotename)%00%(upstream:remoteref) refs/heads/main refs/remotes/main [2ms]
2025-05-17 22:55:48.282 [info] > git for-each-ref --sort -committerdate --format %(refname)%00%(objectname)%00%(*objectname) [1ms]
2025-05-17 22:55:48.294 [info] > git status -z -uall [19ms]
2025-05-17 22:55:53.391 [info] > git config --get commit.template [11ms]
2025-05-17 22:55:53.392 [info] > git for-each-ref --format=%(refname)%00%(upstream:short)%00%(objectname)%00%(upstream:track)%00%(upstream:remotename)%00%(upstream:remoteref) refs/heads/main refs/remotes/main [2ms]
2025-05-17 22:55:53.406 [info] > git for-each-ref --sort -committerdate --format %(refname)%00%(objectname)%00%(*objectname) [2ms]
2025-05-17 22:55:53.424 [info] > git status -z -uall [26ms]
2025-05-17 22:56:02.044 [info] > git config --get commit.template [2ms]
2025-05-17 22:56:02.052 [info] > git for-each-ref --format=%(refname)%00%(upstream:short)%00%(objectname)%00%(upstream:track)%00%(upstream:remotename)%00%(upstream:remoteref) refs/heads/main refs/remotes/main [1ms]
2025-05-17 22:56:02.070 [info] > git for-each-ref --sort -committerdate --format %(refname)%00%(objectname)%00%(*objectname) [1ms]
2025-05-17 22:56:02.081 [info] > git status -z -uall [21ms]
2025-05-17 22:56:07.181 [info] > git config --get commit.template [16ms]
2025-05-17 22:56:07.183 [info] > git for-each-ref --format=%(refname)%00%(upstream:short)%00%(objectname)%00%(upstream:track)%00%(upstream:remotename)%00%(upstream:remoteref) refs/heads/main refs/remotes/main [3ms]
2025-05-17 22:56:07.198 [info] > git for-each-ref --sort -committerdate --format %(refname)%00%(objectname)%00%(*objectname) [1ms]
2025-05-17 22:56:07.210 [info] > git status -z -uall [19ms]
2025-05-17 22:56:12.296 [info] > git config --get commit.template [7ms]
2025-05-17 22:56:12.296 [info] > git for-each-ref --format=%(refname)%00%(upstream:short)%00%(objectname)%00%(upstream:track)%00%(upstream:remotename)%00%(upstream:remoteref) refs/heads/main refs/remotes/main [1ms]
2025-05-17 22:56:12.311 [info] > git for-each-ref --sort -committerdate --format %(refname)%00%(objectname)%00%(*objectname) [2ms]
2025-05-17 22:56:12.321 [info] > git status -z -uall [18ms]
2025-05-17 22:56:17.420 [info] > git config --get commit.template [8ms]
2025-05-17 22:56:17.421 [info] > git for-each-ref --format=%(refname)%00%(upstream:short)%00%(objectname)%00%(upstream:track)%00%(upstream:remotename)%00%(upstream:remoteref) refs/heads/main refs/remotes/main [2ms]
2025-05-17 22:56:17.436 [info] > git for-each-ref --sort -committerdate --format %(refname)%00%(objectname)%00%(*objectname) [2ms]
2025-05-17 22:56:17.447 [info] > git status -z -uall [18ms]
2025-05-17 22:56:22.528 [info] > git config --get commit.template [7ms]
2025-05-17 22:56:22.528 [info] > git for-each-ref --format=%(refname)%00%(upstream:short)%00%(objectname)%00%(upstream:track)%00%(upstream:remotename)%00%(upstream:remoteref) refs/heads/main refs/remotes/main [1ms]
2025-05-17 22:56:22.540 [info] > git for-each-ref --sort -committerdate --format %(refname)%00%(objectname)%00%(*objectname) [1ms]
2025-05-17 22:56:22.552 [info] > git status -z -uall [19ms]
2025-05-17 22:56:27.659 [info] > git config --get commit.template [21ms]
2025-05-17 22:56:27.661 [info] > git for-each-ref --format=%(refname)%00%(upstream:short)%00%(objectname)%00%(upstream:track)%00%(upstream:remotename)%00%(upstream:remoteref) refs/heads/main refs/remotes/main [4ms]
2025-05-17 22:56:27.700 [info] > git for-each-ref --sort -committerdate --format %(refname)%00%(objectname)%00%(*objectname) [4ms]
2025-05-17 22:56:27.733 [info] > git status -z -uall [51ms]
2025-05-17 22:56:32.836 [info] > git config --get commit.template [7ms]
2025-05-17 22:56:32.837 [info] > git for-each-ref --format=%(refname)%00%(upstream:short)%00%(objectname)%00%(upstream:track)%00%(upstream:remotename)%00%(upstream:remoteref) refs/heads/main refs/remotes/main [1ms]
2025-05-17 22:56:32.850 [info] > git for-each-ref --sort -committerdate --format %(refname)%00%(objectname)%00%(*objectname) [2ms]
2025-05-17 22:56:32.862 [info] > git status -z -uall [19ms]
2025-05-17 22:56:38.471 [info] > git config --get commit.template [17ms]
2025-05-17 22:56:38.471 [info] > git for-each-ref --format=%(refname)%00%(upstream:short)%00%(objectname)%00%(upstream:track)%00%(upstream:remotename)%00%(upstream:remoteref) refs/heads/main refs/remotes/main [1ms]
2025-05-17 22:56:38.485 [info] > git for-each-ref --sort -committerdate --format %(refname)%00%(objectname)%00%(*objectname) [2ms]
2025-05-17 22:56:38.496 [info] > git status -z -uall [19ms]
2025-05-17 22:56:43.601 [info] > git config --get commit.template [9ms]
2025-05-17 22:56:43.602 [info] > git for-each-ref --format=%(refname)%00%(upstream:short)%00%(objectname)%00%(upstream:track)%00%(upstream:remotename)%00%(upstream:remoteref) refs/heads/main refs/remotes/main [1ms]
2025-05-17 22:56:43.615 [info] > git for-each-ref --sort -committerdate --format %(refname)%00%(objectname)%00%(*objectname) [2ms]
2025-05-17 22:56:43.627 [info] > git status -z -uall [19ms]
2025-05-17 22:56:48.720 [info] > git config --get commit.template [8ms]
2025-05-17 22:56:48.721 [info] > git for-each-ref --format=%(refname)%00%(upstream:short)%00%(objectname)%00%(upstream:track)%00%(upstream:remotename)%00%(upstream:remoteref) refs/heads/main refs/remotes/main [2ms]
2025-05-17 22:56:48.740 [info] > git for-each-ref --sort -committerdate --format %(refname)%00%(objectname)%00%(*objectname) [6ms]
2025-05-17 22:56:48.751 [info] > git status -z -uall [23ms]
2025-05-17 22:56:52.828 [info] > git show --textconv :test16.txt [6ms]
2025-05-17 22:56:52.829 [info] > git ls-files --stage -- test16.txt [2ms]
2025-05-17 22:56:52.836 [info] > git cat-file -s 97e153bcb7bd8af80744bf7f7e181eaaccfdeab3 [1ms]
2025-05-17 22:56:53.935 [info] > git config --get commit.template [20ms]
2025-05-17 22:56:53.937 [info] > git for-each-ref --format=%(refname)%00%(upstream:short)%00%(objectname)%00%(upstream:track)%00%(upstream:remotename)%00%(upstream:remoteref) refs/heads/main refs/remotes/main [4ms]
2025-05-17 22:56:53.972 [info] > git for-each-ref --sort -committerdate --format %(refname)%00%(objectname)%00%(*objectname) [2ms]
2025-05-17 22:56:53.986 [info] > git status -z -uall [31ms]
2025-05-17 22:56:59.087 [info] > git config --get commit.template [13ms]
2025-05-17 22:56:59.088 [info] > git for-each-ref --format=%(refname)%00%(upstream:short)%00%(objectname)%00%(upstream:track)%00%(upstream:remotename)%00%(upstream:remoteref) refs/heads/main refs/remotes/main [1ms]
2025-05-17 22:56:59.101 [info] > git for-each-ref --sort -committerdate --format %(refname)%00%(objectname)%00%(*objectname) [2ms]
2025-05-17 22:56:59.112 [info] > git status -z -uall [18ms]
2025-05-17 22:56:59.687 [info] > git show --textconv :part1_EL.y [11ms]
2025-05-17 22:56:59.689 [info] > git ls-files --stage -- part1_EL.y [3ms]
2025-05-17 22:56:59.701 [info] > git cat-file -s b2b138e7a6cdc26e9a7fa094ab95e276cef56714 [2ms]
2025-05-17 22:57:04.220 [info] > git config --get commit.template [18ms]
2025-05-17 22:57:04.221 [info] > git for-each-ref --format=%(refname)%00%(upstream:short)%00%(objectname)%00%(upstream:track)%00%(upstream:remotename)%00%(upstream:remoteref) refs/heads/main refs/remotes/main [3ms]
2025-05-17 22:57:04.257 [info] > git for-each-ref --sort -committerdate --format %(refname)%00%(objectname)%00%(*objectname) [5ms]
2025-05-17 22:57:04.286 [info] > git status -z -uall [48ms]
2025-05-17 22:57:09.895 [info] > git config --get commit.template [23ms]
2025-05-17 22:57:09.897 [info] > git for-each-ref --format=%(refname)%00%(upstream:short)%00%(objectname)%00%(upstream:track)%00%(upstream:remotename)%00%(upstream:remoteref) refs/heads/main refs/remotes/main [6ms]
2025-05-17 22:57:09.932 [info] > git for-each-ref --sort -committerdate --format %(refname)%00%(objectname)%00%(*objectname) [2ms]
2025-05-17 22:57:09.944 [info] > git status -z -uall [28ms]
2025-05-17 22:57:15.045 [info] > git config --get commit.template [5ms]
2025-05-17 22:57:15.064 [info] > git for-each-ref --format=%(refname)%00%(upstream:short)%00%(objectname)%00%(upstream:track)%00%(upstream:remotename)%00%(upstream:remoteref) refs/heads/main refs/remotes/main [2ms]
2025-05-17 22:57:15.083 [info] > git for-each-ref --sort -committerdate --format %(refname)%00%(objectname)%00%(*objectname) [3ms]
2025-05-17 22:57:15.094 [info] > git status -z -uall [21ms]
2025-05-17 22:57:20.206 [info] > git config --get commit.template [20ms]
2025-05-17 22:57:20.208 [info] > git for-each-ref --format=%(refname)%00%(upstream:short)%00%(objectname)%00%(upstream:track)%00%(upstream:remotename)%00%(upstream:remoteref) refs/heads/main refs/remotes/main [3ms]
2025-05-17 22:57:20.231 [info] > git for-each-ref --sort -committerdate --format %(refname)%00%(objectname)%00%(*objectname) [1ms]
2025-05-17 22:57:20.245 [info] > git status -z -uall [24ms]
2025-05-17 22:57:29.518 [info] > git config --get commit.template [10ms]
2025-05-17 22:57:29.519 [info] > git for-each-ref --format=%(refname)%00%(upstream:short)%00%(objectname)%00%(upstream:track)%00%(upstream:remotename)%00%(upstream:remoteref) refs/heads/main refs/remotes/main [2ms]
2025-05-17 22:57:29.538 [info] > git for-each-ref --sort -committerdate --format %(refname)%00%(objectname)%00%(*objectname) [3ms]
2025-05-17 22:57:29.552 [info] > git status -z -uall [23ms]
2025-05-17 22:57:30.204 [info] > git show --textconv :part1_EL.y [6ms]
2025-05-17 22:57:30.205 [info] > git ls-files --stage -- part1_EL.y [1ms]
2025-05-17 22:57:30.214 [info] > git cat-file -s b2b138e7a6cdc26e9a7fa094ab95e276cef56714 [2ms]
2025-05-17 22:57:34.662 [info] > git config --get commit.template [15ms]
2025-05-17 22:57:34.663 [info] > git for-each-ref --format=%(refname)%00%(upstream:short)%00%(objectname)%00%(upstream:track)%00%(upstream:remotename)%00%(upstream:remoteref) refs/heads/main refs/remotes/main [2ms]
2025-05-17 22:57:34.689 [info] > git for-each-ref --sort -committerdate --format %(refname)%00%(objectname)%00%(*objectname) [3ms]
2025-05-17 22:57:34.702 [info] > git status -z -uall [26ms]
2025-05-17 22:57:39.806 [info] > git config --get commit.template [7ms]
2025-05-17 22:57:39.807 [info] > git for-each-ref --format=%(refname)%00%(upstream:short)%00%(objectname)%00%(upstream:track)%00%(upstream:remotename)%00%(upstream:remoteref) refs/heads/main refs/remotes/main [2ms]
2025-05-17 22:57:39.821 [info] > git for-each-ref --sort -committerdate --format %(refname)%00%(objectname)%00%(*objectname) [1ms]
2025-05-17 22:57:39.833 [info] > git status -z -uall [19ms]
2025-05-17 22:57:43.636 [info] > git show --textconv :test16.txt [7ms]
2025-05-17 22:57:43.637 [info] > git ls-files --stage -- test16.txt [1ms]
2025-05-17 22:57:43.645 [info] > git cat-file -s 97e153bcb7bd8af80744bf7f7e181eaaccfdeab3 [1ms]
2025-05-17 22:57:44.947 [info] > git config --get commit.template [17ms]
2025-05-17 22:57:44.949 [info] > git for-each-ref --format=%(refname)%00%(upstream:short)%00%(objectname)%00%(upstream:track)%00%(upstream:remotename)%00%(upstream:remoteref) refs/heads/main refs/remotes/main [3ms]
2025-05-17 22:57:44.969 [info] > git for-each-ref --sort -committerdate --format %(refname)%00%(objectname)%00%(*objectname) [2ms]
2025-05-17 22:57:44.980 [info] > git status -z -uall [21ms]
2025-05-17 22:57:50.187 [info] > git show --textconv :part1_EL.y [10ms]
2025-05-17 22:57:50.189 [info] > git ls-files --stage -- part1_EL.y [6ms]
2025-05-17 22:57:50.197 [info] > git cat-file -s b2b138e7a6cdc26e9a7fa094ab95e276cef56714 [1ms]
2025-05-17 22:57:50.559 [info] > git config --get commit.template [1ms]
2025-05-17 22:57:50.566 [info] > git for-each-ref --format=%(refname)%00%(upstream:short)%00%(objectname)%00%(upstream:track)%00%(upstream:remotename)%00%(upstream:remoteref) refs/heads/main refs/remotes/main [2ms]
2025-05-17 22:57:50.579 [info] > git for-each-ref --sort -committerdate --format %(refname)%00%(objectname)%00%(*objectname) [1ms]
2025-05-17 22:57:50.590 [info] > git status -z -uall [18ms]
2025-05-17 22:57:55.676 [info] > git config --get commit.template [6ms]
2025-05-17 22:57:55.677 [info] > git for-each-ref --format=%(refname)%00%(upstream:short)%00%(objectname)%00%(upstream:track)%00%(upstream:remotename)%00%(upstream:remoteref) refs/heads/main refs/remotes/main [1ms]
2025-05-17 22:57:55.690 [info] > git for-each-ref --sort -committerdate --format %(refname)%00%(objectname)%00%(*objectname) [2ms]
2025-05-17 22:57:55.702 [info] > git status -z -uall [20ms]
2025-05-17 22:58:00.791 [info] > git for-each-ref --format=%(refname)%00%(upstream:short)%00%(objectname)%00%(upstream:track)%00%(upstream:remotename)%00%(upstream:remoteref) refs/heads/main refs/remotes/main [6ms]
2025-05-17 22:58:00.792 [info] > git config --get commit.template [15ms]
2025-05-17 22:58:00.813 [info] > git for-each-ref --sort -committerdate --format %(refname)%00%(objectname)%00%(*objectname) [3ms]
2025-05-17 22:58:00.824 [info] > git status -z -uall [24ms]
2025-05-17 22:58:02.490 [info] > git show --textconv :test16.txt [24ms]
2025-05-17 22:58:02.499 [info] > git ls-files --stage -- test16.txt [17ms]
2025-05-17 22:58:02.513 [info] > git cat-file -s 97e153bcb7bd8af80744bf7f7e181eaaccfdeab3 [2ms]
2025-05-17 22:58:06.019 [info] > git config --get commit.template [8ms]
2025-05-17 22:58:06.020 [info] > git for-each-ref --format=%(refname)%00%(upstream:short)%00%(objectname)%00%(upstream:track)%00%(upstream:remotename)%00%(upstream:remoteref) refs/heads/main refs/remotes/main [2ms]
2025-05-17 22:58:06.036 [info] > git for-each-ref --sort -committerdate --format %(refname)%00%(objectname)%00%(*objectname) [1ms]
2025-05-17 22:58:06.048 [info] > git status -z -uall [20ms]
2025-05-17 22:58:11.136 [info] > git config --get commit.template [10ms]
2025-05-17 22:58:11.137 [info] > git for-each-ref --format=%(refname)%00%(upstream:short)%00%(objectname)%00%(upstream:track)%00%(upstream:remotename)%00%(upstream:remoteref) refs/heads/main refs/remotes/main [2ms]
2025-05-17 22:58:11.157 [info] > git for-each-ref --sort -committerdate --format %(refname)%00%(objectname)%00%(*objectname) [2ms]
2025-05-17 22:58:11.167 [info] > git status -z -uall [21ms]
2025-05-17 22:58:16.844 [info] > git config --get commit.template [3ms]
2025-05-17 22:58:16.852 [info] > git for-each-ref --format=%(refname)%00%(upstream:short)%00%(objectname)%00%(upstream:track)%00%(upstream:remotename)%00%(upstream:remoteref) refs/heads/main refs/remotes/main [1ms]
2025-05-17 22:58:16.868 [info] > git for-each-ref --sort -committerdate --format %(refname)%00%(objectname)%00%(*objectname) [2ms]
2025-05-17 22:58:16.880 [info] > git status -z -uall [21ms]
2025-05-17 22:58:21.966 [info] > git config --get commit.template [7ms]
2025-05-17 22:58:21.966 [info] > git for-each-ref --format=%(refname)%00%(upstream:short)%00%(objectname)%00%(upstream:track)%00%(upstream:remotename)%00%(upstream:remoteref) refs/heads/main refs/remotes/main [1ms]
2025-05-17 22:58:21.982 [info] > git for-each-ref --sort -committerdate --format %(refname)%00%(objectname)%00%(*objectname) [2ms]
2025-05-17 22:58:21.993 [info] > git status -z -uall [20ms]
2025-05-17 22:58:27.103 [info] > git config --get commit.template [19ms]
2025-05-17 22:58:27.105 [info] > git for-each-ref --format=%(refname)%00%(upstream:short)%00%(objectname)%00%(upstream:track)%00%(upstream:remotename)%00%(upstream:remoteref) refs/heads/main refs/remotes/main [4ms]
2025-05-17 22:58:27.144 [info] > git for-each-ref --sort -committerdate --format %(refname)%00%(objectname)%00%(*objectname) [2ms]
2025-05-17 22:58:27.159 [info] > git status -z -uall [34ms]
2025-05-17 22:58:32.100 [info] > git show --textconv :part1_EL.y [7ms]
2025-05-17 22:58:32.101 [info] > git ls-files --stage -- part1_EL.y [2ms]
2025-05-17 22:58:32.109 [info] > git cat-file -s b2b138e7a6cdc26e9a7fa094ab95e276cef56714 [2ms]
2025-05-17 22:58:32.244 [info] > git config --get commit.template [2ms]
2025-05-17 22:58:32.251 [info] > git for-each-ref --format=%(refname)%00%(upstream:short)%00%(objectname)%00%(upstream:track)%00%(upstream:remotename)%00%(upstream:remoteref) refs/heads/main refs/remotes/main [1ms]
2025-05-17 22:58:32.265 [info] > git for-each-ref --sort -committerdate --format %(refname)%00%(objectname)%00%(*objectname) [1ms]
2025-05-17 22:58:32.277 [info] > git status -z -uall [20ms]
2025-05-17 22:58:37.368 [info] > git config --get commit.template [5ms]
2025-05-17 22:58:37.375 [info] > git for-each-ref --format=%(refname)%00%(upstream:short)%00%(objectname)%00%(upstream:track)%00%(upstream:remotename)%00%(upstream:remoteref) refs/heads/main refs/remotes/main [1ms]
2025-05-17 22:58:37.389 [info] > git for-each-ref --sort -committerdate --format %(refname)%00%(objectname)%00%(*objectname) [2ms]
2025-05-17 22:58:37.400 [info] > git status -z -uall [18ms]
2025-05-17 22:58:42.484 [info] > git config --get commit.template [6ms]
2025-05-17 22:58:42.484 [info] > git for-each-ref --format=%(refname)%00%(upstream:short)%00%(objectname)%00%(upstream:track)%00%(upstream:remotename)%00%(upstream:remoteref) refs/heads/main refs/remotes/main [1ms]
2025-05-17 22:58:42.496 [info] > git for-each-ref --sort -committerdate --format %(refname)%00%(objectname)%00%(*objectname) [1ms]
2025-05-17 22:58:42.511 [info] > git status -z -uall [21ms]
2025-05-17 22:58:47.597 [info] > git config --get commit.template [10ms]
2025-05-17 22:58:47.597 [info] > git for-each-ref --format=%(refname)%00%(upstream:short)%00%(objectname)%00%(upstream:track)%00%(upstream:remotename)%00%(upstream:remoteref) refs/heads/main refs/remotes/main [1ms]
2025-05-17 22:58:47.615 [info] > git for-each-ref --sort -committerdate --format %(refname)%00%(objectname)%00%(*objectname) [1ms]
2025-05-17 22:58:47.631 [info] > git status -z -uall [26ms]
2025-05-17 22:58:52.723 [info] > git config --get commit.template [8ms]
2025-05-17 22:58:52.724 [info] > git for-each-ref --format=%(refname)%00%(upstream:short)%00%(objectname)%00%(upstream:track)%00%(upstream:remotename)%00%(upstream:remoteref) refs/heads/main refs/remotes/main [1ms]
2025-05-17 22:58:52.741 [info] > git for-each-ref --sort -committerdate --format %(refname)%00%(objectname)%00%(*objectname) [2ms]
2025-05-17 22:58:52.752 [info] > git status -z -uall [20ms]
2025-05-17 22:58:53.674 [info] > git show --textconv :rule11f.txt [17ms]
2025-05-17 22:58:53.676 [info] > git ls-files --stage -- rule11f.txt [4ms]
2025-05-17 22:58:53.687 [info] > git cat-file -s 60863b6dace8e24c2398b0f3b619fc694cc18d17 [2ms]
2025-05-17 22:58:57.853 [info] > git config --get commit.template [7ms]
2025-05-17 22:58:57.854 [info] > git for-each-ref --format=%(refname)%00%(upstream:short)%00%(objectname)%00%(upstream:track)%00%(upstream:remotename)%00%(upstream:remoteref) refs/heads/main refs/remotes/main [2ms]
2025-05-17 22:58:57.868 [info] > git for-each-ref --sort -committerdate --format %(refname)%00%(objectname)%00%(*objectname) [2ms]
2025-05-17 22:58:57.883 [info] > git status -z -uall [23ms]
2025-05-17 22:59:02.988 [info] > git config --get commit.template [9ms]
2025-05-17 22:59:02.989 [info] > git for-each-ref --format=%(refname)%00%(upstream:short)%00%(objectname)%00%(upstream:track)%00%(upstream:remotename)%00%(upstream:remoteref) refs/heads/main refs/remotes/main [2ms]
2025-05-17 22:59:03.005 [info] > git for-each-ref --sort -committerdate --format %(refname)%00%(objectname)%00%(*objectname) [2ms]
2025-05-17 22:59:03.018 [info] > git status -z -uall [21ms]
2025-05-17 22:59:08.194 [info] > git config --get commit.template [7ms]
2025-05-17 22:59:08.195 [info] > git for-each-ref --format=%(refname)%00%(upstream:short)%00%(objectname)%00%(upstream:track)%00%(upstream:remotename)%00%(upstream:remoteref) refs/heads/main refs/remotes/main [1ms]
2025-05-17 22:59:08.210 [info] > git for-each-ref --sort -committerdate --format %(refname)%00%(objectname)%00%(*objectname) [1ms]
2025-05-17 22:59:08.224 [info] > git status -z -uall [22ms]
2025-05-17 22:59:09.481 [info] > git blame --root --incremental 78add7191df750e7d74d2b3e1ecbebc0595b35d4 -- rule11f.txt [40ms]
2025-05-17 22:59:09.763 [info] > git show --textconv :test16.txt [15ms]
2025-05-17 22:59:09.766 [info] > git ls-files --stage -- test16.txt [4ms]
2025-05-17 22:59:09.784 [info] > git cat-file -s 97e153bcb7bd8af80744bf7f7e181eaaccfdeab3 [3ms]
2025-05-17 22:59:22.892 [info] > git config --get commit.template [11ms]
2025-05-17 22:59:22.894 [info] > git for-each-ref --format=%(refname)%00%(upstream:short)%00%(objectname)%00%(upstream:track)%00%(upstream:remotename)%00%(upstream:remoteref) refs/heads/main refs/remotes/main [2ms]
2025-05-17 22:59:22.913 [info] > git for-each-ref --sort -committerdate --format %(refname)%00%(objectname)%00%(*objectname) [2ms]
2025-05-17 22:59:22.928 [info] > git status -z -uall [26ms]
2025-05-17 22:59:28.029 [info] > git config --get commit.template [2ms]
2025-05-17 22:59:28.039 [info] > git for-each-ref --format=%(refname)%00%(upstream:short)%00%(objectname)%00%(upstream:track)%00%(upstream:remotename)%00%(upstream:remoteref) refs/heads/main refs/remotes/main [2ms]
2025-05-17 22:59:28.058 [info] > git for-each-ref --sort -committerdate --format %(refname)%00%(objectname)%00%(*objectname) [2ms]
2025-05-17 22:59:28.070 [info] > git status -z -uall [23ms]
2025-05-17 22:59:33.186 [info] > git config --get commit.template [21ms]
2025-05-17 22:59:33.189 [info] > git for-each-ref --format=%(refname)%00%(upstream:short)%00%(objectname)%00%(upstream:track)%00%(upstream:remotename)%00%(upstream:remoteref) refs/heads/main refs/remotes/main [5ms]
2025-05-17 22:59:33.218 [info] > git for-each-ref --sort -committerdate --format %(refname)%00%(objectname)%00%(*objectname) [2ms]
2025-05-17 22:59:33.231 [info] > git status -z -uall [24ms]
2025-05-17 22:59:38.319 [info] > git config --get commit.template [6ms]
2025-05-17 22:59:38.328 [info] > git for-each-ref --format=%(refname)%00%(upstream:short)%00%(objectname)%00%(upstream:track)%00%(upstream:remotename)%00%(upstream:remoteref) refs/heads/main refs/remotes/main [2ms]
2025-05-17 22:59:38.349 [info] > git for-each-ref --sort -committerdate --format %(refname)%00%(objectname)%00%(*objectname) [2ms]
2025-05-17 22:59:38.365 [info] > git status -z -uall [27ms]
2025-05-17 22:59:43.519 [info] > git config --get commit.template [6ms]
2025-05-17 22:59:43.520 [info] > git for-each-ref --format=%(refname)%00%(upstream:short)%00%(objectname)%00%(upstream:track)%00%(upstream:remotename)%00%(upstream:remoteref) refs/heads/main refs/remotes/main [1ms]
2025-05-17 22:59:43.533 [info] > git for-each-ref --sort -committerdate --format %(refname)%00%(objectname)%00%(*objectname) [1ms]
2025-05-17 22:59:43.547 [info] > git status -z -uall [21ms]
2025-05-17 22:59:51.149 [info] > git config --get commit.template [1ms]
2025-05-17 22:59:51.157 [info] > git for-each-ref --format=%(refname)%00%(upstream:short)%00%(objectname)%00%(upstream:track)%00%(upstream:remotename)%00%(upstream:remoteref) refs/heads/main refs/remotes/main [1ms]
2025-05-17 22:59:51.172 [info] > git for-each-ref --sort -committerdate --format %(refname)%00%(objectname)%00%(*objectname) [1ms]
2025-05-17 22:59:51.184 [info] > git status -z -uall [20ms]
2025-05-17 22:59:56.301 [info] > git config --get commit.template [20ms]
2025-05-17 22:59:56.303 [info] > git for-each-ref --format=%(refname)%00%(upstream:short)%00%(objectname)%00%(upstream:track)%00%(upstream:remotename)%00%(upstream:remoteref) refs/heads/main refs/remotes/main [4ms]
2025-05-17 22:59:56.341 [info] > git for-each-ref --sort -committerdate --format %(refname)%00%(objectname)%00%(*objectname) [4ms]
2025-05-17 22:59:56.373 [info] > git status -z -uall [52ms]
2025-05-17 23:00:15.586 [info] > git config --get commit.template [10ms]
2025-05-17 23:00:15.587 [info] > git for-each-ref --format=%(refname)%00%(upstream:short)%00%(objectname)%00%(upstream:track)%00%(upstream:remotename)%00%(upstream:remoteref) refs/heads/main refs/remotes/main [2ms]
2025-05-17 23:00:15.607 [info] > git for-each-ref --sort -committerdate --format %(refname)%00%(objectname)%00%(*objectname) [2ms]
2025-05-17 23:00:15.620 [info] > git status -z -uall [23ms]
2025-05-17 23:00:20.704 [info] > git config --get commit.template [7ms]
2025-05-17 23:00:20.705 [info] > git for-each-ref --format=%(refname)%00%(upstream:short)%00%(objectname)%00%(upstream:track)%00%(upstream:remotename)%00%(upstream:remoteref) refs/heads/main refs/remotes/main [1ms]
2025-05-17 23:00:20.719 [info] > git for-each-ref --sort -committerdate --format %(refname)%00%(objectname)%00%(*objectname) [2ms]
2025-05-17 23:00:20.732 [info] > git status -z -uall [21ms]
2025-05-17 23:00:25.816 [info] > git config --get commit.template [8ms]
2025-05-17 23:00:25.817 [info] > git for-each-ref --format=%(refname)%00%(upstream:short)%00%(objectname)%00%(upstream:track)%00%(upstream:remotename)%00%(upstream:remoteref) refs/heads/main refs/remotes/main [2ms]
2025-05-17 23:00:25.832 [info] > git for-each-ref --sort -committerdate --format %(refname)%00%(objectname)%00%(*objectname) [2ms]
2025-05-17 23:00:25.844 [info] > git status -z -uall [20ms]
2025-05-17 23:00:30.938 [info] > git config --get commit.template [7ms]
2025-05-17 23:00:30.939 [info] > git for-each-ref --format=%(refname)%00%(upstream:short)%00%(objectname)%00%(upstream:track)%00%(upstream:remotename)%00%(upstream:remoteref) refs/heads/main refs/remotes/main [1ms]
2025-05-17 23:00:30.953 [info] > git for-each-ref --sort -committerdate --format %(refname)%00%(objectname)%00%(*objectname) [2ms]
2025-05-17 23:00:30.964 [info] > git status -z -uall [18ms]
2025-05-17 23:00:36.047 [info] > git config --get commit.template [7ms]
2025-05-17 23:00:36.047 [info] > git for-each-ref --format=%(refname)%00%(upstream:short)%00%(objectname)%00%(upstream:track)%00%(upstream:remotename)%00%(upstream:remoteref) refs/heads/main refs/remotes/main [1ms]
2025-05-17 23:00:36.060 [info] > git for-each-ref --sort -committerdate --format %(refname)%00%(objectname)%00%(*objectname) [1ms]
2025-05-17 23:00:36.071 [info] > git status -z -uall [18ms]
2025-05-17 23:01:01.504 [info] > git config --get commit.template [11ms]
2025-05-17 23:01:01.505 [info] > git for-each-ref --format=%(refname)%00%(upstream:short)%00%(objectname)%00%(upstream:track)%00%(upstream:remotename)%00%(upstream:remoteref) refs/heads/main refs/remotes/main [2ms]
2025-05-17 23:01:01.524 [info] > git for-each-ref --sort -committerdate --format %(refname)%00%(objectname)%00%(*objectname) [2ms]
2025-05-17 23:01:01.538 [info] > git status -z -uall [23ms]
2025-05-17 23:01:06.641 [info] > git config --get commit.template [6ms]
2025-05-17 23:01:06.642 [info] > git for-each-ref --format=%(refname)%00%(upstream:short)%00%(objectname)%00%(upstream:track)%00%(upstream:remotename)%00%(upstream:remoteref) refs/heads/main refs/remotes/main [1ms]
2025-05-17 23:01:06.655 [info] > git for-each-ref --sort -committerdate --format %(refname)%00%(objectname)%00%(*objectname) [1ms]
2025-05-17 23:01:06.667 [info] > git status -z -uall [19ms]
2025-05-17 23:01:08.682 [info] > git show --textconv :test17.txt [6ms]
2025-05-17 23:01:08.683 [info] > git ls-files --stage -- test17.txt [2ms]
2025-05-17 23:01:08.690 [info] > git cat-file -s d90a197943a6d3d1a39fb129167dc64c5bd75282 [2ms]
2025-05-17 23:01:11.742 [info] > git config --get commit.template [1ms]
2025-05-17 23:01:11.748 [info] > git for-each-ref --format=%(refname)%00%(upstream:short)%00%(objectname)%00%(upstream:track)%00%(upstream:remotename)%00%(upstream:remoteref) refs/heads/main refs/remotes/main [1ms]
2025-05-17 23:01:11.759 [info] > git for-each-ref --sort -committerdate --format %(refname)%00%(objectname)%00%(*objectname) [1ms]
2025-05-17 23:01:11.771 [info] > git status -z -uall [18ms]
2025-05-17 23:01:19.758 [info] > git config --get commit.template [19ms]
2025-05-17 23:01:19.760 [info] > git for-each-ref --format=%(refname)%00%(upstream:short)%00%(objectname)%00%(upstream:track)%00%(upstream:remotename)%00%(upstream:remoteref) refs/heads/main refs/remotes/main [4ms]
2025-05-17 23:01:19.784 [info] > git for-each-ref --sort -committerdate --format %(refname)%00%(objectname)%00%(*objectname) [2ms]
2025-05-17 23:01:19.796 [info] > git status -z -uall [22ms]
2025-05-17 23:01:21.935 [info] > git blame --root --incremental 78add7191df750e7d74d2b3e1ecbebc0595b35d4 -- test17.txt [2ms]
2025-05-17 23:01:24.878 [info] > git config --get commit.template [5ms]
2025-05-17 23:01:24.879 [info] > git for-each-ref --format=%(refname)%00%(upstream:short)%00%(objectname)%00%(upstream:track)%00%(upstream:remotename)%00%(upstream:remoteref) refs/heads/main refs/remotes/main [1ms]
2025-05-17 23:01:24.891 [info] > git for-each-ref --sort -committerdate --format %(refname)%00%(objectname)%00%(*objectname) [1ms]
2025-05-17 23:01:24.903 [info] > git status -z -uall [19ms]
2025-05-17 23:01:29.988 [info] > git config --get commit.template [6ms]
2025-05-17 23:01:29.989 [info] > git for-each-ref --format=%(refname)%00%(upstream:short)%00%(objectname)%00%(upstream:track)%00%(upstream:remotename)%00%(upstream:remoteref) refs/heads/main refs/remotes/main [1ms]
2025-05-17 23:01:30.000 [info] > git for-each-ref --sort -committerdate --format %(refname)%00%(objectname)%00%(*objectname) [1ms]
2025-05-17 23:01:30.012 [info] > git status -z -uall [18ms]
2025-05-17 23:01:35.118 [info] > git config --get commit.template [16ms]
2025-05-17 23:01:35.120 [info] > git for-each-ref --format=%(refname)%00%(upstream:short)%00%(objectname)%00%(upstream:track)%00%(upstream:remotename)%00%(upstream:remoteref) refs/heads/main refs/remotes/main [4ms]
2025-05-17 23:01:35.154 [info] > git for-each-ref --sort -committerdate --format %(refname)%00%(objectname)%00%(*objectname) [4ms]
2025-05-17 23:01:35.190 [info] > git status -z -uall [55ms]
2025-05-17 23:01:40.350 [info] > git config --get commit.template [7ms]
2025-05-17 23:01:40.350 [info] > git for-each-ref --format=%(refname)%00%(upstream:short)%00%(objectname)%00%(upstream:track)%00%(upstream:remotename)%00%(upstream:remoteref) refs/heads/main refs/remotes/main [1ms]
2025-05-17 23:01:40.364 [info] > git for-each-ref --sort -committerdate --format %(refname)%00%(objectname)%00%(*objectname) [2ms]
2025-05-17 23:01:40.376 [info] > git status -z -uall [19ms]
2025-05-17 23:01:45.489 [info] > git config --get commit.template [18ms]
2025-05-17 23:01:45.491 [info] > git for-each-ref --format=%(refname)%00%(upstream:short)%00%(objectname)%00%(upstream:track)%00%(upstream:remotename)%00%(upstream:remoteref) refs/heads/main refs/remotes/main [3ms]
2025-05-17 23:01:45.504 [info] > git for-each-ref --sort -committerdate --format %(refname)%00%(objectname)%00%(*objectname) [2ms]
2025-05-17 23:01:45.516 [info] > git status -z -uall [19ms]
2025-05-17 23:01:50.600 [info] > git config --get commit.template [7ms]
2025-05-17 23:01:50.601 [info] > git for-each-ref --format=%(refname)%00%(upstream:short)%00%(objectname)%00%(upstream:track)%00%(upstream:remotename)%00%(upstream:remoteref) refs/heads/main refs/remotes/main [2ms]
2025-05-17 23:01:50.614 [info] > git for-each-ref --sort -committerdate --format %(refname)%00%(objectname)%00%(*objectname) [2ms]
2025-05-17 23:01:50.625 [info] > git status -z -uall [19ms]
2025-05-17 23:01:55.716 [info] > git config --get commit.template [7ms]
2025-05-17 23:01:55.717 [info] > git for-each-ref --format=%(refname)%00%(upstream:short)%00%(objectname)%00%(upstream:track)%00%(upstream:remotename)%00%(upstream:remoteref) refs/heads/main refs/remotes/main [2ms]
2025-05-17 23:01:55.731 [info] > git for-each-ref --sort -committerdate --format %(refname)%00%(objectname)%00%(*objectname) [2ms]
2025-05-17 23:01:55.743 [info] > git status -z -uall [20ms]
2025-05-17 23:02:00.848 [info] > git config --get commit.template [14ms]
2025-05-17 23:02:00.850 [info] > git for-each-ref --format=%(refname)%00%(upstream:short)%00%(objectname)%00%(upstream:track)%00%(upstream:remotename)%00%(upstream:remoteref) refs/heads/main refs/remotes/main [3ms]
2025-05-17 23:02:00.867 [info] > git for-each-ref --sort -committerdate --format %(refname)%00%(objectname)%00%(*objectname) [2ms]
2025-05-17 23:02:00.880 [info] > git status -z -uall [22ms]
2025-05-17 23:02:06.477 [info] > git config --get commit.template [4ms]
2025-05-17 23:02:06.490 [info] > git for-each-ref --format=%(refname)%00%(upstream:short)%00%(objectname)%00%(upstream:track)%00%(upstream:remotename)%00%(upstream:remoteref) refs/heads/main refs/remotes/main [6ms]
2025-05-17 23:02:06.510 [info] > git for-each-ref --sort -committerdate --format %(refname)%00%(objectname)%00%(*objectname) [2ms]
2025-05-17 23:02:06.522 [info] > git status -z -uall [23ms]
2025-05-17 23:02:11.689 [info] > git config --get commit.template [7ms]
2025-05-17 23:02:11.690 [info] > git for-each-ref --format=%(refname)%00%(upstream:short)%00%(objectname)%00%(upstream:track)%00%(upstream:remotename)%00%(upstream:remoteref) refs/heads/main refs/remotes/main [2ms]
2025-05-17 23:02:11.706 [info] > git for-each-ref --sort -committerdate --format %(refname)%00%(objectname)%00%(*objectname) [2ms]
2025-05-17 23:02:11.722 [info] > git status -z -uall [25ms]
2025-05-17 23:02:16.808 [info] > git config --get commit.template [6ms]
2025-05-17 23:02:16.809 [info] > git for-each-ref --format=%(refname)%00%(upstream:short)%00%(objectname)%00%(upstream:track)%00%(upstream:remotename)%00%(upstream:remoteref) refs/heads/main refs/remotes/main [2ms]
2025-05-17 23:02:16.822 [info] > git for-each-ref --sort -committerdate --format %(refname)%00%(objectname)%00%(*objectname) [2ms]
2025-05-17 23:02:16.836 [info] > git status -z -uall [22ms]
2025-05-17 23:02:21.925 [info] > git config --get commit.template [6ms]
2025-05-17 23:02:21.926 [info] > git for-each-ref --format=%(refname)%00%(upstream:short)%00%(objectname)%00%(upstream:track)%00%(upstream:remotename)%00%(upstream:remoteref) refs/heads/main refs/remotes/main [1ms]
2025-05-17 23:02:21.941 [info] > git for-each-ref --sort -committerdate --format %(refname)%00%(objectname)%00%(*objectname) [2ms]
2025-05-17 23:02:21.953 [info] > git status -z -uall [20ms]
2025-05-17 23:02:27.039 [info] > git config --get commit.template [6ms]
2025-05-17 23:02:27.039 [info] > git for-each-ref --format=%(refname)%00%(upstream:short)%00%(objectname)%00%(upstream:track)%00%(upstream:remotename)%00%(upstream:remoteref) refs/heads/main refs/remotes/main [1ms]
2025-05-17 23:02:27.053 [info] > git for-each-ref --sort -committerdate --format %(refname)%00%(objectname)%00%(*objectname) [1ms]
2025-05-17 23:02:27.064 [info] > git status -z -uall [19ms]
2025-05-17 23:02:32.157 [info] > git config --get commit.template [5ms]
2025-05-17 23:02:32.165 [info] > git for-each-ref --format=%(refname)%00%(upstream:short)%00%(objectname)%00%(upstream:track)%00%(upstream:remotename)%00%(upstream:remoteref) refs/heads/main refs/remotes/main [1ms]
2025-05-17 23:02:32.180 [info] > git for-each-ref --sort -committerdate --format %(refname)%00%(objectname)%00%(*objectname) [1ms]
2025-05-17 23:02:32.193 [info] > git status -z -uall [21ms]
2025-05-17 23:02:37.276 [info] > git config --get commit.template [6ms]
2025-05-17 23:02:37.277 [info] > git for-each-ref --format=%(refname)%00%(upstream:short)%00%(objectname)%00%(upstream:track)%00%(upstream:remotename)%00%(upstream:remoteref) refs/heads/main refs/remotes/main [1ms]
2025-05-17 23:02:37.290 [info] > git for-each-ref --sort -committerdate --format %(refname)%00%(objectname)%00%(*objectname) [1ms]
2025-05-17 23:02:37.303 [info] > git status -z -uall [21ms]
2025-05-17 23:02:42.408 [info] > git config --get commit.template [16ms]
2025-05-17 23:02:42.410 [info] > git for-each-ref --format=%(refname)%00%(upstream:short)%00%(objectname)%00%(upstream:track)%00%(upstream:remotename)%00%(upstream:remoteref) refs/heads/main refs/remotes/main [3ms]
2025-05-17 23:02:42.446 [info] > git for-each-ref --sort -committerdate --format %(refname)%00%(objectname)%00%(*objectname) [4ms]
2025-05-17 23:02:42.473 [info] > git status -z -uall [47ms]
2025-05-17 23:02:47.575 [info] > git config --get commit.template [7ms]
2025-05-17 23:02:47.576 [info] > git for-each-ref --format=%(refname)%00%(upstream:short)%00%(objectname)%00%(upstream:track)%00%(upstream:remotename)%00%(upstream:remoteref) refs/heads/main refs/remotes/main [2ms]
2025-05-17 23:02:47.593 [info] > git for-each-ref --sort -committerdate --format %(refname)%00%(objectname)%00%(*objectname) [2ms]
2025-05-17 23:02:47.605 [info] > git status -z -uall [22ms]
2025-05-17 23:02:52.688 [info] > git config --get commit.template [5ms]
2025-05-17 23:02:52.689 [info] > git for-each-ref --format=%(refname)%00%(upstream:short)%00%(objectname)%00%(upstream:track)%00%(upstream:remotename)%00%(upstream:remoteref) refs/heads/main refs/remotes/main [1ms]
2025-05-17 23:02:52.701 [info] > git for-each-ref --sort -committerdate --format %(refname)%00%(objectname)%00%(*objectname) [1ms]
2025-05-17 23:02:52.712 [info] > git status -z -uall [18ms]
2025-05-17 23:02:57.810 [info] > git config --get commit.template [16ms]
2025-05-17 23:02:57.811 [info] > git for-each-ref --format=%(refname)%00%(upstream:short)%00%(objectname)%00%(upstream:track)%00%(upstream:remotename)%00%(upstream:remoteref) refs/heads/main refs/remotes/main [3ms]
2025-05-17 23:02:57.843 [info] > git for-each-ref --sort -committerdate --format %(refname)%00%(objectname)%00%(*objectname) [3ms]
2025-05-17 23:02:57.858 [info] > git status -z -uall [31ms]
2025-05-17 23:03:02.952 [info] > git config --get commit.template [10ms]
2025-05-17 23:03:02.953 [info] > git for-each-ref --format=%(refname)%00%(upstream:short)%00%(objectname)%00%(upstream:track)%00%(upstream:remotename)%00%(upstream:remoteref) refs/heads/main refs/remotes/main [2ms]
2025-05-17 23:03:02.969 [info] > git for-each-ref --sort -committerdate --format %(refname)%00%(objectname)%00%(*objectname) [2ms]
2025-05-17 23:03:02.984 [info] > git status -z -uall [23ms]
2025-05-17 23:03:08.075 [info] > git config --get commit.template [6ms]
2025-05-17 23:03:08.075 [info] > git for-each-ref --format=%(refname)%00%(upstream:short)%00%(objectname)%00%(upstream:track)%00%(upstream:remotename)%00%(upstream:remoteref) refs/heads/main refs/remotes/main [1ms]
2025-05-17 23:03:08.089 [info] > git for-each-ref --sort -committerdate --format %(refname)%00%(objectname)%00%(*objectname) [2ms]
2025-05-17 23:03:08.109 [info] > git status -z -uall [27ms]
2025-05-17 23:03:13.283 [info] > git config --get commit.template [9ms]
2025-05-17 23:03:13.284 [info] > git for-each-ref --format=%(refname)%00%(upstream:short)%00%(objectname)%00%(upstream:track)%00%(upstream:remotename)%00%(upstream:remoteref) refs/heads/main refs/remotes/main [1ms]
2025-05-17 23:03:13.297 [info] > git for-each-ref --sort -committerdate --format %(refname)%00%(objectname)%00%(*objectname) [1ms]
2025-05-17 23:03:13.310 [info] > git status -z -uall [20ms]
2025-05-17 23:03:18.394 [info] > git config --get commit.template [6ms]
2025-05-17 23:03:18.395 [info] > git for-each-ref --format=%(refname)%00%(upstream:short)%00%(objectname)%00%(upstream:track)%00%(upstream:remotename)%00%(upstream:remoteref) refs/heads/main refs/remotes/main [1ms]
2025-05-17 23:03:18.409 [info] > git for-each-ref --sort -committerdate --format %(refname)%00%(objectname)%00%(*objectname) [2ms]
2025-05-17 23:03:18.421 [info] > git status -z -uall [20ms]
2025-05-17 23:03:23.530 [info] > git config --get commit.template [17ms]
2025-05-17 23:03:23.531 [info] > git for-each-ref --format=%(refname)%00%(upstream:short)%00%(objectname)%00%(upstream:track)%00%(upstream:remotename)%00%(upstream:remoteref) refs/heads/main refs/remotes/main [2ms]
2025-05-17 23:03:23.549 [info] > git for-each-ref --sort -committerdate --format %(refname)%00%(objectname)%00%(*objectname) [2ms]
2025-05-17 23:03:23.560 [info] > git status -z -uall [20ms]
2025-05-17 23:03:28.661 [info] > git config --get commit.template [9ms]
2025-05-17 23:03:28.668 [info] > git for-each-ref --format=%(refname)%00%(upstream:short)%00%(objectname)%00%(upstream:track)%00%(upstream:remotename)%00%(upstream:remoteref) refs/heads/main refs/remotes/main [2ms]
2025-05-17 23:03:28.680 [info] > git for-each-ref --sort -committerdate --format %(refname)%00%(objectname)%00%(*objectname) [1ms]
2025-05-17 23:03:28.693 [info] > git status -z -uall [20ms]
2025-05-17 23:03:33.782 [info] > git config --get commit.template [7ms]
2025-05-17 23:03:33.783 [info] > git for-each-ref --format=%(refname)%00%(upstream:short)%00%(objectname)%00%(upstream:track)%00%(upstream:remotename)%00%(upstream:remoteref) refs/heads/main refs/remotes/main [1ms]
2025-05-17 23:03:33.798 [info] > git for-each-ref --sort -committerdate --format %(refname)%00%(objectname)%00%(*objectname) [2ms]
2025-05-17 23:03:33.810 [info] > git status -z -uall [20ms]
2025-05-17 23:03:38.919 [info] > git config --get commit.template [16ms]
2025-05-17 23:03:38.921 [info] > git for-each-ref --format=%(refname)%00%(upstream:short)%00%(objectname)%00%(upstream:track)%00%(upstream:remotename)%00%(upstream:remoteref) refs/heads/main refs/remotes/main [3ms]
2025-05-17 23:03:38.948 [info] > git for-each-ref --sort -committerdate --format %(refname)%00%(objectname)%00%(*objectname) [2ms]
2025-05-17 23:03:38.958 [info] > git status -z -uall [20ms]
2025-05-17 23:03:44.055 [info] > git config --get commit.template [7ms]
2025-05-17 23:03:44.056 [info] > git for-each-ref --format=%(refname)%00%(upstream:short)%00%(objectname)%00%(upstream:track)%00%(upstream:remotename)%00%(upstream:remoteref) refs/heads/main refs/remotes/main [2ms]
2025-05-17 23:03:44.070 [info] > git for-each-ref --sort -committerdate --format %(refname)%00%(objectname)%00%(*objectname) [2ms]
2025-05-17 23:03:44.082 [info] > git status -z -uall [20ms]
2025-05-17 23:03:49.167 [info] > git config --get commit.template [6ms]
2025-05-17 23:03:49.168 [info] > git for-each-ref --format=%(refname)%00%(upstream:short)%00%(objectname)%00%(upstream:track)%00%(upstream:remotename)%00%(upstream:remoteref) refs/heads/main refs/remotes/main [1ms]
2025-05-17 23:03:49.182 [info] > git for-each-ref --sort -committerdate --format %(refname)%00%(objectname)%00%(*objectname) [3ms]
2025-05-17 23:03:49.192 [info] > git status -z -uall [19ms]
2025-05-17 23:03:54.310 [info] > git config --get commit.template [17ms]
2025-05-17 23:03:54.311 [info] > git for-each-ref --format=%(refname)%00%(upstream:short)%00%(objectname)%00%(upstream:track)%00%(upstream:remotename)%00%(upstream:remoteref) refs/heads/main refs/remotes/main [2ms]
2025-05-17 23:03:54.330 [info] > git for-each-ref --sort -committerdate --format %(refname)%00%(objectname)%00%(*objectname) [2ms]
2025-05-17 23:03:54.342 [info] > git status -z -uall [21ms]
2025-05-17 23:03:59.449 [info] > git config --get commit.template [10ms]
2025-05-17 23:03:59.449 [info] > git for-each-ref --format=%(refname)%00%(upstream:short)%00%(objectname)%00%(upstream:track)%00%(upstream:remotename)%00%(upstream:remoteref) refs/heads/main refs/remotes/main [1ms]
2025-05-17 23:03:59.466 [info] > git for-each-ref --sort -committerdate --format %(refname)%00%(objectname)%00%(*objectname) [2ms]
2025-05-17 23:03:59.485 [info] > git status -z -uall [27ms]
2025-05-17 23:04:04.577 [info] > git config --get commit.template [7ms]
2025-05-17 23:04:04.578 [info] > git for-each-ref --format=%(refname)%00%(upstream:short)%00%(objectname)%00%(upstream:track)%00%(upstream:remotename)%00%(upstream:remoteref) refs/heads/main refs/remotes/main [1ms]
2025-05-17 23:04:04.592 [info] > git for-each-ref --sort -committerdate --format %(refname)%00%(objectname)%00%(*objectname) [1ms]
2025-05-17 23:04:04.609 [info] > git status -z -uall [24ms]
2025-05-17 23:04:09.708 [info] > git config --get commit.template [7ms]
2025-05-17 23:04:09.709 [info] > git for-each-ref --format=%(refname)%00%(upstream:short)%00%(objectname)%00%(upstream:track)%00%(upstream:remotename)%00%(upstream:remoteref) refs/heads/main refs/remotes/main [2ms]
2025-05-17 23:04:09.727 [info] > git for-each-ref --sort -committerdate --format %(refname)%00%(objectname)%00%(*objectname) [2ms]
2025-05-17 23:04:09.740 [info] > git status -z -uall [23ms]
2025-05-17 23:04:14.828 [info] > git config --get commit.template [7ms]
2025-05-17 23:04:14.829 [info] > git for-each-ref --format=%(refname)%00%(upstream:short)%00%(objectname)%00%(upstream:track)%00%(upstream:remotename)%00%(upstream:remoteref) refs/heads/main refs/remotes/main [2ms]
2025-05-17 23:04:14.843 [info] > git for-each-ref --sort -committerdate --format %(refname)%00%(objectname)%00%(*objectname) [2ms]
2025-05-17 23:04:14.855 [info] > git status -z -uall [19ms]
2025-05-17 23:04:19.972 [info] > git config --get commit.template [19ms]
2025-05-17 23:04:19.975 [info] > git for-each-ref --format=%(refname)%00%(upstream:short)%00%(objectname)%00%(upstream:track)%00%(upstream:remotename)%00%(upstream:remoteref) refs/heads/main refs/remotes/main [3ms]
2025-05-17 23:04:20.003 [info] > git for-each-ref --sort -committerdate --format %(refname)%00%(objectname)%00%(*objectname) [3ms]
2025-05-17 23:04:20.029 [info] > git status -z -uall [41ms]
2025-05-17 23:04:25.143 [info] > git config --get commit.template [16ms]
2025-05-17 23:04:25.145 [info] > git for-each-ref --format=%(refname)%00%(upstream:short)%00%(objectname)%00%(upstream:track)%00%(upstream:remotename)%00%(upstream:remoteref) refs/heads/main refs/remotes/main [4ms]
2025-05-17 23:04:25.167 [info] > git for-each-ref --sort -committerdate --format %(refname)%00%(objectname)%00%(*objectname) [1ms]
2025-05-17 23:04:25.181 [info] > git status -z -uall [20ms]
2025-05-17 23:04:30.354 [info] > git config --get commit.template [15ms]
2025-05-17 23:04:30.356 [info] > git for-each-ref --format=%(refname)%00%(upstream:short)%00%(objectname)%00%(upstream:track)%00%(upstream:remotename)%00%(upstream:remoteref) refs/heads/main refs/remotes/main [4ms]
2025-05-17 23:04:30.390 [info] > git for-each-ref --sort -committerdate --format %(refname)%00%(objectname)%00%(*objectname) [4ms]
2025-05-17 23:04:30.419 [info] > git status -z -uall [47ms]
2025-05-17 23:04:35.526 [info] > git config --get commit.template [17ms]
2025-05-17 23:04:35.528 [info] > git for-each-ref --format=%(refname)%00%(upstream:short)%00%(objectname)%00%(upstream:track)%00%(upstream:remotename)%00%(upstream:remoteref) refs/heads/main refs/remotes/main [3ms]
2025-05-17 23:04:35.555 [info] > git for-each-ref --sort -committerdate --format %(refname)%00%(objectname)%00%(*objectname) [1ms]
2025-05-17 23:04:35.567 [info] > git status -z -uall [22ms]
2025-05-17 23:04:40.650 [info] > git config --get commit.template [6ms]
2025-05-17 23:04:40.651 [info] > git for-each-ref --format=%(refname)%00%(upstream:short)%00%(objectname)%00%(upstream:track)%00%(upstream:remotename)%00%(upstream:remoteref) refs/heads/main refs/remotes/main [1ms]
2025-05-17 23:04:40.664 [info] > git for-each-ref --sort -committerdate --format %(refname)%00%(objectname)%00%(*objectname) [2ms]
2025-05-17 23:04:40.676 [info] > git status -z -uall [19ms]
2025-05-17 23:04:45.777 [info] > git config --get commit.template [8ms]
2025-05-17 23:04:45.778 [info] > git for-each-ref --format=%(refname)%00%(upstream:short)%00%(objectname)%00%(upstream:track)%00%(upstream:remotename)%00%(upstream:remoteref) refs/heads/main refs/remotes/main [1ms]
2025-05-17 23:04:45.792 [info] > git for-each-ref --sort -committerdate --format %(refname)%00%(objectname)%00%(*objectname) [1ms]
2025-05-17 23:04:45.804 [info] > git status -z -uall [19ms]
2025-05-17 23:04:50.898 [info] > git config --get commit.template [8ms]
2025-05-17 23:04:50.899 [info] > git for-each-ref --format=%(refname)%00%(upstream:short)%00%(objectname)%00%(upstream:track)%00%(upstream:remotename)%00%(upstream:remoteref) refs/heads/main refs/remotes/main [2ms]
2025-05-17 23:04:50.915 [info] > git for-each-ref --sort -committerdate --format %(refname)%00%(objectname)%00%(*objectname) [1ms]
2025-05-17 23:04:50.931 [info] > git status -z -uall [24ms]
2025-05-17 23:04:56.044 [info] > git config --get commit.template [11ms]
2025-05-17 23:04:56.059 [info] > git for-each-ref --format=%(refname)%00%(upstream:short)%00%(objectname)%00%(upstream:track)%00%(upstream:remotename)%00%(upstream:remoteref) refs/heads/main refs/remotes/main [1ms]
2025-05-17 23:04:56.076 [info] > git for-each-ref --sort -committerdate --format %(refname)%00%(objectname)%00%(*objectname) [2ms]
2025-05-17 23:04:56.087 [info] > git status -z -uall [20ms]
2025-05-17 23:05:01.183 [info] > git config --get commit.template [8ms]
2025-05-17 23:05:01.184 [info] > git for-each-ref --format=%(refname)%00%(upstream:short)%00%(objectname)%00%(upstream:track)%00%(upstream:remotename)%00%(upstream:remoteref) refs/heads/main refs/remotes/main [2ms]
2025-05-17 23:05:01.200 [info] > git for-each-ref --sort -committerdate --format %(refname)%00%(objectname)%00%(*objectname) [2ms]
2025-05-17 23:05:01.218 [info] > git status -z -uall [27ms]
2025-05-17 23:05:06.305 [info] > git config --get commit.template [6ms]
2025-05-17 23:05:06.305 [info] > git for-each-ref --format=%(refname)%00%(upstream:short)%00%(objectname)%00%(upstream:track)%00%(upstream:remotename)%00%(upstream:remoteref) refs/heads/main refs/remotes/main [1ms]
2025-05-17 23:05:06.318 [info] > git for-each-ref --sort -committerdate --format %(refname)%00%(objectname)%00%(*objectname) [1ms]
2025-05-17 23:05:06.332 [info] > git status -z -uall [21ms]
2025-05-17 23:05:11.428 [info] > git config --get commit.template [10ms]
2025-05-17 23:05:11.429 [info] > git for-each-ref --format=%(refname)%00%(upstream:short)%00%(objectname)%00%(upstream:track)%00%(upstream:remotename)%00%(upstream:remoteref) refs/heads/main refs/remotes/main [2ms]
2025-05-17 23:05:11.447 [info] > git for-each-ref --sort -committerdate --format %(refname)%00%(objectname)%00%(*objectname) [2ms]
2025-05-17 23:05:11.460 [info] > git status -z -uall [23ms]
2025-05-17 23:05:16.567 [info] > git config --get commit.template [10ms]
2025-05-17 23:05:16.568 [info] > git for-each-ref --format=%(refname)%00%(upstream:short)%00%(objectname)%00%(upstream:track)%00%(upstream:remotename)%00%(upstream:remoteref) refs/heads/main refs/remotes/main [2ms]
2025-05-17 23:05:16.581 [info] > git for-each-ref --sort -committerdate --format %(refname)%00%(objectname)%00%(*objectname) [1ms]
2025-05-17 23:05:16.593 [info] > git status -z -uall [19ms]
2025-05-17 23:05:21.685 [info] > git config --get commit.template [8ms]
2025-05-17 23:05:21.686 [info] > git for-each-ref --format=%(refname)%00%(upstream:short)%00%(objectname)%00%(upstream:track)%00%(upstream:remotename)%00%(upstream:remoteref) refs/heads/main refs/remotes/main [2ms]
2025-05-17 23:05:21.702 [info] > git for-each-ref --sort -committerdate --format %(refname)%00%(objectname)%00%(*objectname) [2ms]
2025-05-17 23:05:21.715 [info] > git status -z -uall [20ms]
2025-05-17 23:05:27.351 [info] > git config --get commit.template [10ms]
2025-05-17 23:05:27.352 [info] > git for-each-ref --format=%(refname)%00%(upstream:short)%00%(objectname)%00%(upstream:track)%00%(upstream:remotename)%00%(upstream:remoteref) refs/heads/main refs/remotes/main [1ms]
2025-05-17 23:05:27.368 [info] > git for-each-ref --sort -committerdate --format %(refname)%00%(objectname)%00%(*objectname) [2ms]
2025-05-17 23:05:27.384 [info] > git status -z -uall [25ms]
2025-05-17 23:05:32.496 [info] > git config --get commit.template [17ms]
2025-05-17 23:05:32.498 [info] > git for-each-ref --format=%(refname)%00%(upstream:short)%00%(objectname)%00%(upstream:track)%00%(upstream:remotename)%00%(upstream:remoteref) refs/heads/main refs/remotes/main [3ms]
2025-05-17 23:05:32.515 [info] > git for-each-ref --sort -committerdate --format %(refname)%00%(objectname)%00%(*objectname) [1ms]
2025-05-17 23:05:32.526 [info] > git status -z -uall [18ms]
2025-05-17 23:05:37.634 [info] > git config --get commit.template [18ms]
2025-05-17 23:05:37.636 [info] > git for-each-ref --format=%(refname)%00%(upstream:short)%00%(objectname)%00%(upstream:track)%00%(upstream:remotename)%00%(upstream:remoteref) refs/heads/main refs/remotes/main [3ms]
2025-05-17 23:05:37.654 [info] > git for-each-ref --sort -committerdate --format %(refname)%00%(objectname)%00%(*objectname) [2ms]
2025-05-17 23:05:37.666 [info] > git status -z -uall [21ms]
2025-05-17 23:05:42.778 [info] > git config --get commit.template [18ms]
2025-05-17 23:05:42.780 [info] > git for-each-ref --format=%(refname)%00%(upstream:short)%00%(objectname)%00%(upstream:track)%00%(upstream:remotename)%00%(upstream:remoteref) refs/heads/main refs/remotes/main [3ms]
2025-05-17 23:05:42.805 [info] > git for-each-ref --sort -committerdate --format %(refname)%00%(objectname)%00%(*objectname) [1ms]
2025-05-17 23:05:42.818 [info] > git status -z -uall [22ms]
2025-05-17 23:05:47.904 [info] > git config --get commit.template [8ms]
2025-05-17 23:05:47.905 [info] > git for-each-ref --format=%(refname)%00%(upstream:short)%00%(objectname)%00%(upstream:track)%00%(upstream:remotename)%00%(upstream:remoteref) refs/heads/main refs/remotes/main [1ms]
2025-05-17 23:05:47.922 [info] > git for-each-ref --sort -committerdate --format %(refname)%00%(objectname)%00%(*objectname) [4ms]
2025-05-17 23:05:47.933 [info] > git status -z -uall [21ms]
2025-05-17 23:05:54.534 [info] > git config --get commit.template [10ms]
2025-05-17 23:05:54.545 [info] > git for-each-ref --format=%(refname)%00%(upstream:short)%00%(objectname)%00%(upstream:track)%00%(upstream:remotename)%00%(upstream:remoteref) refs/heads/main refs/remotes/main [1ms]
2025-05-17 23:05:54.562 [info] > git for-each-ref --sort -committerdate --format %(refname)%00%(objectname)%00%(*objectname) [2ms]
2025-05-17 23:05:54.571 [info] > git status -z -uall [19ms]
2025-05-17 23:05:59.674 [info] > git config --get commit.template [12ms]
2025-05-17 23:05:59.675 [info] > git for-each-ref --format=%(refname)%00%(upstream:short)%00%(objectname)%00%(upstream:track)%00%(upstream:remotename)%00%(upstream:remoteref) refs/heads/main refs/remotes/main [2ms]
2025-05-17 23:05:59.699 [info] > git for-each-ref --sort -committerdate --format %(refname)%00%(objectname)%00%(*objectname) [2ms]
2025-05-17 23:05:59.715 [info] > git status -z -uall [28ms]
2025-05-17 23:06:04.815 [info] > git config --get commit.template [8ms]
2025-05-17 23:06:04.816 [info] > git for-each-ref --format=%(refname)%00%(upstream:short)%00%(objectname)%00%(upstream:track)%00%(upstream:remotename)%00%(upstream:remoteref) refs/heads/main refs/remotes/main [1ms]
2025-05-17 23:06:04.835 [info] > git for-each-ref --sort -committerdate --format %(refname)%00%(objectname)%00%(*objectname) [2ms]
2025-05-17 23:06:04.852 [info] > git status -z -uall [27ms]
2025-05-17 23:06:09.947 [info] > git config --get commit.template [9ms]
2025-05-17 23:06:09.948 [info] > git for-each-ref --format=%(refname)%00%(upstream:short)%00%(objectname)%00%(upstream:track)%00%(upstream:remotename)%00%(upstream:remoteref) refs/heads/main refs/remotes/main [2ms]
2025-05-17 23:06:09.964 [info] > git for-each-ref --sort -committerdate --format %(refname)%00%(objectname)%00%(*objectname) [1ms]
2025-05-17 23:06:09.976 [info] > git status -z -uall [20ms]
2025-05-17 23:06:15.080 [info] > git config --get commit.template [10ms]
2025-05-17 23:06:15.081 [info] > git for-each-ref --format=%(refname)%00%(upstream:short)%00%(objectname)%00%(upstream:track)%00%(upstream:remotename)%00%(upstream:remoteref) refs/heads/main refs/remotes/main [2ms]
2025-05-17 23:06:15.096 [info] > git for-each-ref --sort -committerdate --format %(refname)%00%(objectname)%00%(*objectname) [2ms]
2025-05-17 23:06:15.111 [info] > git status -z -uall [23ms]
2025-05-17 23:06:20.318 [info] > git config --get commit.template [19ms]
2025-05-17 23:06:20.320 [info] > git for-each-ref --format=%(refname)%00%(upstream:short)%00%(objectname)%00%(upstream:track)%00%(upstream:remotename)%00%(upstream:remoteref) refs/heads/main refs/remotes/main [4ms]
2025-05-17 23:06:20.345 [info] > git for-each-ref --sort -committerdate --format %(refname)%00%(objectname)%00%(*objectname) [1ms]
2025-05-17 23:06:20.356 [info] > git status -z -uall [19ms]
2025-05-17 23:06:25.437 [info] > git config --get commit.template [7ms]
2025-05-17 23:06:25.438 [info] > git for-each-ref --format=%(refname)%00%(upstream:short)%00%(objectname)%00%(upstream:track)%00%(upstream:remotename)%00%(upstream:remoteref) refs/heads/main refs/remotes/main [1ms]
2025-05-17 23:06:25.453 [info] > git for-each-ref --sort -committerdate --format %(refname)%00%(objectname)%00%(*objectname) [2ms]
2025-05-17 23:06:25.464 [info] > git status -z -uall [19ms]
2025-05-17 23:06:30.555 [info] > git config --get commit.template [12ms]
2025-05-17 23:06:30.556 [info] > git for-each-ref --format=%(refname)%00%(upstream:short)%00%(objectname)%00%(upstream:track)%00%(upstream:remotename)%00%(upstream:remoteref) refs/heads/main refs/remotes/main [2ms]
2025-05-17 23:06:30.580 [info] > git for-each-ref --sort -committerdate --format %(refname)%00%(objectname)%00%(*objectname) [3ms]
2025-05-17 23:06:30.593 [info] > git status -z -uall [25ms]
2025-05-17 23:06:36.241 [info] > git config --get commit.template [11ms]
2025-05-17 23:06:36.242 [info] > git for-each-ref --format=%(refname)%00%(upstream:short)%00%(objectname)%00%(upstream:track)%00%(upstream:remotename)%00%(upstream:remoteref) refs/heads/main refs/remotes/main [2ms]
2025-05-17 23:06:36.257 [info] > git for-each-ref --sort -committerdate --format %(refname)%00%(objectname)%00%(*objectname) [2ms]
2025-05-17 23:06:36.269 [info] > git status -z -uall [19ms]
2025-05-17 23:06:41.350 [info] > git config --get commit.template [5ms]
2025-05-17 23:06:41.351 [info] > git for-each-ref --format=%(refname)%00%(upstream:short)%00%(objectname)%00%(upstream:track)%00%(upstream:remotename)%00%(upstream:remoteref) refs/heads/main refs/remotes/main [1ms]
2025-05-17 23:06:41.367 [info] > git for-each-ref --sort -committerdate --format %(refname)%00%(objectname)%00%(*objectname) [5ms]
2025-05-17 23:06:41.377 [info] > git status -z -uall [20ms]
2025-05-17 23:06:46.561 [info] > git config --get commit.template [17ms]
2025-05-17 23:06:46.563 [info] > git for-each-ref --format=%(refname)%00%(upstream:short)%00%(objectname)%00%(upstream:track)%00%(upstream:remotename)%00%(upstream:remoteref) refs/heads/main refs/remotes/main [3ms]
2025-05-17 23:06:46.598 [info] > git for-each-ref --sort -committerdate --format %(refname)%00%(objectname)%00%(*objectname) [3ms]
2025-05-17 23:06:46.613 [info] > git status -z -uall [34ms]
2025-05-17 23:06:51.702 [info] > git config --get commit.template [7ms]
2025-05-17 23:06:51.703 [info] > git for-each-ref --format=%(refname)%00%(upstream:short)%00%(objectname)%00%(upstream:track)%00%(upstream:remotename)%00%(upstream:remoteref) refs/heads/main refs/remotes/main [1ms]
2025-05-17 23:06:51.718 [info] > git for-each-ref --sort -committerdate --format %(refname)%00%(objectname)%00%(*objectname) [2ms]
2025-05-17 23:06:51.729 [info] > git status -z -uall [19ms]
2025-05-17 23:06:56.824 [info] > git config --get commit.template [6ms]
2025-05-17 23:06:56.824 [info] > git for-each-ref --format=%(refname)%00%(upstream:short)%00%(objectname)%00%(upstream:track)%00%(upstream:remotename)%00%(upstream:remoteref) refs/heads/main refs/remotes/main [1ms]
2025-05-17 23:06:56.839 [info] > git for-each-ref --sort -committerdate --format %(refname)%00%(objectname)%00%(*objectname) [1ms]
2025-05-17 23:06:56.856 [info] > git status -z -uall [25ms]
2025-05-17 23:07:02.049 [info] > git config --get commit.template [20ms]
2025-05-17 23:07:02.051 [info] > git for-each-ref --format=%(refname)%00%(upstream:short)%00%(objectname)%00%(upstream:track)%00%(upstream:remotename)%00%(upstream:remoteref) refs/heads/main refs/remotes/main [4ms]
2025-05-17 23:07:02.067 [info] > git for-each-ref --sort -committerdate --format %(refname)%00%(objectname)%00%(*objectname) [2ms]
2025-05-17 23:07:02.078 [info] > git status -z -uall [18ms]
2025-05-17 23:07:07.710 [info] > git config --get commit.template [17ms]
2025-05-17 23:07:07.712 [info] > git for-each-ref --format=%(refname)%00%(upstream:short)%00%(objectname)%00%(upstream:track)%00%(upstream:remotename)%00%(upstream:remoteref) refs/heads/main refs/remotes/main [4ms]
2025-05-17 23:07:07.749 [info] > git for-each-ref --sort -committerdate --format %(refname)%00%(objectname)%00%(*objectname) [4ms]
2025-05-17 23:07:07.779 [info] > git status -z -uall [49ms]
2025-05-17 23:07:12.877 [info] > git config --get commit.template [14ms]
2025-05-17 23:07:12.879 [info] > git for-each-ref --format=%(refname)%00%(upstream:short)%00%(objectname)%00%(upstream:track)%00%(upstream:remotename)%00%(upstream:remoteref) refs/heads/main refs/remotes/main [3ms]
2025-05-17 23:07:12.901 [info] > git for-each-ref --sort -committerdate --format %(refname)%00%(objectname)%00%(*objectname) [3ms]
2025-05-17 23:07:12.924 [info] > git status -z -uall [32ms]
2025-05-17 23:07:18.095 [info] > git config --get commit.template [8ms]
2025-05-17 23:07:18.096 [info] > git for-each-ref --format=%(refname)%00%(upstream:short)%00%(objectname)%00%(upstream:track)%00%(upstream:remotename)%00%(upstream:remoteref) refs/heads/main refs/remotes/main [2ms]
2025-05-17 23:07:18.110 [info] > git for-each-ref --sort -committerdate --format %(refname)%00%(objectname)%00%(*objectname) [1ms]
2025-05-17 23:07:18.122 [info] > git status -z -uall [19ms]
2025-05-17 23:07:23.207 [info] > git config --get commit.template [7ms]
2025-05-17 23:07:23.208 [info] > git for-each-ref --format=%(refname)%00%(upstream:short)%00%(objectname)%00%(upstream:track)%00%(upstream:remotename)%00%(upstream:remoteref) refs/heads/main refs/remotes/main [1ms]
2025-05-17 23:07:23.221 [info] > git for-each-ref --sort -committerdate --format %(refname)%00%(objectname)%00%(*objectname) [1ms]
2025-05-17 23:07:23.232 [info] > git status -z -uall [18ms]
2025-05-17 23:07:28.340 [info] > git config --get commit.template [19ms]
2025-05-17 23:07:28.341 [info] > git for-each-ref --format=%(refname)%00%(upstream:short)%00%(objectname)%00%(upstream:track)%00%(upstream:remotename)%00%(upstream:remoteref) refs/heads/main refs/remotes/main [2ms]
2025-05-17 23:07:28.354 [info] > git for-each-ref --sort -committerdate --format %(refname)%00%(objectname)%00%(*objectname) [2ms]
2025-05-17 23:07:28.367 [info] > git status -z -uall [20ms]
2025-05-17 23:07:33.530 [info] > git config --get commit.template [7ms]
2025-05-17 23:07:33.531 [info] > git for-each-ref --format=%(refname)%00%(upstream:short)%00%(objectname)%00%(upstream:track)%00%(upstream:remotename)%00%(upstream:remoteref) refs/heads/main refs/remotes/main [1ms]
2025-05-17 23:07:33.544 [info] > git for-each-ref --sort -committerdate --format %(refname)%00%(objectname)%00%(*objectname) [2ms]
2025-05-17 23:07:33.555 [info] > git status -z -uall [18ms]
2025-05-17 23:07:40.138 [info] > git config --get commit.template [8ms]
2025-05-17 23:07:40.139 [info] > git for-each-ref --format=%(refname)%00%(upstream:short)%00%(objectname)%00%(upstream:track)%00%(upstream:remotename)%00%(upstream:remoteref) refs/heads/main refs/remotes/main [1ms]
2025-05-17 23:07:40.152 [info] > git for-each-ref --sort -committerdate --format %(refname)%00%(objectname)%00%(*objectname) [1ms]
2025-05-17 23:07:40.163 [info] > git status -z -uall [18ms]
2025-05-17 23:07:45.269 [info] > git config --get commit.template [19ms]
2025-05-17 23:07:45.271 [info] > git for-each-ref --format=%(refname)%00%(upstream:short)%00%(objectname)%00%(upstream:track)%00%(upstream:remotename)%00%(upstream:remoteref) refs/heads/main refs/remotes/main [2ms]
2025-05-17 23:07:45.284 [info] > git for-each-ref --sort -committerdate --format %(refname)%00%(objectname)%00%(*objectname) [2ms]
2025-05-17 23:07:45.297 [info] > git status -z -uall [20ms]
2025-05-17 23:07:50.387 [info] > git config --get commit.template [8ms]
2025-05-17 23:07:50.388 [info] > git for-each-ref --format=%(refname)%00%(upstream:short)%00%(objectname)%00%(upstream:track)%00%(upstream:remotename)%00%(upstream:remoteref) refs/heads/main refs/remotes/main [2ms]
2025-05-17 23:07:50.405 [info] > git for-each-ref --sort -committerdate --format %(refname)%00%(objectname)%00%(*objectname) [2ms]
2025-05-17 23:07:50.419 [info] > git status -z -uall [23ms]
2025-05-17 23:07:55.514 [info] > git config --get commit.template [7ms]
2025-05-17 23:07:55.514 [info] > git for-each-ref --format=%(refname)%00%(upstream:short)%00%(objectname)%00%(upstream:track)%00%(upstream:remotename)%00%(upstream:remoteref) refs/heads/main refs/remotes/main [1ms]
2025-05-17 23:07:55.529 [info] > git for-each-ref --sort -committerdate --format %(refname)%00%(objectname)%00%(*objectname) [1ms]
2025-05-17 23:07:55.541 [info] > git status -z -uall [20ms]
2025-05-17 23:08:00.651 [info] > git config --get commit.template [19ms]
2025-05-17 23:08:00.654 [info] > git for-each-ref --format=%(refname)%00%(upstream:short)%00%(objectname)%00%(upstream:track)%00%(upstream:remotename)%00%(upstream:remoteref) refs/heads/main refs/remotes/main [4ms]
2025-05-17 23:08:00.682 [info] > git for-each-ref --sort -committerdate --format %(refname)%00%(objectname)%00%(*objectname) [2ms]
2025-05-17 23:08:00.697 [info] > git status -z -uall [26ms]
2025-05-17 23:08:06.346 [info] > git config --get commit.template [5ms]
2025-05-17 23:08:06.368 [info] > git for-each-ref --format=%(refname)%00%(upstream:short)%00%(objectname)%00%(upstream:track)%00%(upstream:remotename)%00%(upstream:remoteref) refs/heads/main refs/remotes/main [4ms]
2025-05-17 23:08:06.406 [info] > git for-each-ref --sort -committerdate --format %(refname)%00%(objectname)%00%(*objectname) [4ms]
2025-05-17 23:08:06.434 [info] > git status -z -uall [47ms]
2025-05-17 23:08:11.520 [info] > git config --get commit.template [7ms]
2025-05-17 23:08:11.521 [info] > git for-each-ref --format=%(refname)%00%(upstream:short)%00%(objectname)%00%(upstream:track)%00%(upstream:remotename)%00%(upstream:remoteref) refs/heads/main refs/remotes/main [1ms]
2025-05-17 23:08:11.533 [info] > git for-each-ref --sort -committerdate --format %(refname)%00%(objectname)%00%(*objectname) [1ms]
2025-05-17 23:08:11.546 [info] > git status -z -uall [19ms]
2025-05-17 23:08:16.633 [info] > git config --get commit.template [7ms]
2025-05-17 23:08:16.634 [info] > git for-each-ref --format=%(refname)%00%(upstream:short)%00%(objectname)%00%(upstream:track)%00%(upstream:remotename)%00%(upstream:remoteref) refs/heads/main refs/remotes/main [1ms]
2025-05-17 23:08:16.647 [info] > git for-each-ref --sort -committerdate --format %(refname)%00%(objectname)%00%(*objectname) [1ms]
2025-05-17 23:08:16.659 [info] > git status -z -uall [19ms]
2025-05-17 23:08:21.834 [info] > git config --get commit.template [9ms]
2025-05-17 23:08:21.835 [info] > git for-each-ref --format=%(refname)%00%(upstream:short)%00%(objectname)%00%(upstream:track)%00%(upstream:remotename)%00%(upstream:remoteref) refs/heads/main refs/remotes/main [1ms]
2025-05-17 23:08:21.850 [info] > git for-each-ref --sort -committerdate --format %(refname)%00%(objectname)%00%(*objectname) [1ms]
2025-05-17 23:08:21.862 [info] > git status -z -uall [20ms]
2025-05-17 23:08:26.944 [info] > git config --get commit.template [6ms]
2025-05-17 23:08:26.945 [info] > git for-each-ref --format=%(refname)%00%(upstream:short)%00%(objectname)%00%(upstream:track)%00%(upstream:remotename)%00%(upstream:remoteref) refs/heads/main refs/remotes/main [2ms]
2025-05-17 23:08:26.958 [info] > git for-each-ref --sort -committerdate --format %(refname)%00%(objectname)%00%(*objectname) [1ms]
2025-05-17 23:08:26.968 [info] > git status -z -uall [17ms]
2025-05-17 23:08:32.055 [info] > git config --get commit.template [8ms]
2025-05-17 23:08:32.056 [info] > git for-each-ref --format=%(refname)%00%(upstream:short)%00%(objectname)%00%(upstream:track)%00%(upstream:remotename)%00%(upstream:remoteref) refs/heads/main refs/remotes/main [2ms]
2025-05-17 23:08:32.072 [info] > git for-each-ref --sort -committerdate --format %(refname)%00%(objectname)%00%(*objectname) [2ms]
2025-05-17 23:08:32.085 [info] > git status -z -uall [21ms]
2025-05-17 23:08:38.698 [info] > git config --get commit.template [5ms]
2025-05-17 23:08:38.709 [info] > git for-each-ref --format=%(refname)%00%(upstream:short)%00%(objectname)%00%(upstream:track)%00%(upstream:remotename)%00%(upstream:remoteref) refs/heads/main refs/remotes/main [1ms]
2025-05-17 23:08:38.724 [info] > git for-each-ref --sort -committerdate --format %(refname)%00%(objectname)%00%(*objectname) [2ms]
2025-05-17 23:08:38.736 [info] > git status -z -uall [19ms]
2025-05-17 23:08:43.814 [info] > git config --get commit.template [2ms]
2025-05-17 23:08:43.829 [info] > git for-each-ref --format=%(refname)%00%(upstream:short)%00%(objectname)%00%(upstream:track)%00%(upstream:remotename)%00%(upstream:remoteref) refs/heads/main refs/remotes/main [9ms]
2025-05-17 23:08:43.845 [info] > git for-each-ref --sort -committerdate --format %(refname)%00%(objectname)%00%(*objectname) [1ms]
2025-05-17 23:08:43.856 [info] > git status -z -uall [19ms]
2025-05-17 23:08:48.943 [info] > git config --get commit.template [8ms]
2025-05-17 23:08:48.944 [info] > git for-each-ref --format=%(refname)%00%(upstream:short)%00%(objectname)%00%(upstream:track)%00%(upstream:remotename)%00%(upstream:remoteref) refs/heads/main refs/remotes/main [1ms]
2025-05-17 23:08:48.959 [info] > git for-each-ref --sort -committerdate --format %(refname)%00%(objectname)%00%(*objectname) [2ms]
2025-05-17 23:08:48.969 [info] > git status -z -uall [18ms]
2025-05-17 23:08:54.071 [info] > git config --get commit.template [7ms]
2025-05-17 23:08:54.072 [info] > git for-each-ref --format=%(refname)%00%(upstream:short)%00%(objectname)%00%(upstream:track)%00%(upstream:remotename)%00%(upstream:remoteref) refs/heads/main refs/remotes/main [1ms]
2025-05-17 23:08:54.086 [info] > git for-each-ref --sort -committerdate --format %(refname)%00%(objectname)%00%(*objectname) [1ms]
2025-05-17 23:08:54.098 [info] > git status -z -uall [19ms]
2025-05-17 23:08:59.184 [info] > git config --get commit.template [7ms]
2025-05-17 23:08:59.185 [info] > git for-each-ref --format=%(refname)%00%(upstream:short)%00%(objectname)%00%(upstream:track)%00%(upstream:remotename)%00%(upstream:remoteref) refs/heads/main refs/remotes/main [2ms]
2025-05-17 23:08:59.202 [info] > git for-each-ref --sort -committerdate --format %(refname)%00%(objectname)%00%(*objectname) [2ms]
2025-05-17 23:08:59.215 [info] > git status -z -uall [23ms]
2025-05-17 23:09:04.331 [info] > git config --get commit.template [17ms]
2025-05-17 23:09:04.333 [info] > git for-each-ref --format=%(refname)%00%(upstream:short)%00%(objectname)%00%(upstream:track)%00%(upstream:remotename)%00%(upstream:remoteref) refs/heads/main refs/remotes/main [4ms]
2025-05-17 23:09:04.355 [info] > git for-each-ref --sort -committerdate --format %(refname)%00%(objectname)%00%(*objectname) [1ms]
2025-05-17 23:09:04.367 [info] > git status -z -uall [19ms]
2025-05-17 23:09:09.455 [info] > git config --get commit.template [9ms]
2025-05-17 23:09:09.456 [info] > git for-each-ref --format=%(refname)%00%(upstream:short)%00%(objectname)%00%(upstream:track)%00%(upstream:remotename)%00%(upstream:remoteref) refs/heads/main refs/remotes/main [2ms]
2025-05-17 23:09:09.473 [info] > git for-each-ref --sort -committerdate --format %(refname)%00%(objectname)%00%(*objectname) [1ms]
2025-05-17 23:09:09.486 [info] > git status -z -uall [22ms]
2025-05-17 23:09:14.582 [info] > git config --get commit.template [7ms]
2025-05-17 23:09:14.583 [info] > git for-each-ref --format=%(refname)%00%(upstream:short)%00%(objectname)%00%(upstream:track)%00%(upstream:remotename)%00%(upstream:remoteref) refs/heads/main refs/remotes/main [2ms]
2025-05-17 23:09:14.600 [info] > git for-each-ref --sort -committerdate --format %(refname)%00%(objectname)%00%(*objectname) [2ms]
2025-05-17 23:09:14.619 [info] > git status -z -uall [28ms]
2025-05-17 23:09:19.721 [info] > git config --get commit.template [9ms]
2025-05-17 23:09:19.721 [info] > git for-each-ref --format=%(refname)%00%(upstream:short)%00%(objectname)%00%(upstream:track)%00%(upstream:remotename)%00%(upstream:remoteref) refs/heads/main refs/remotes/main [1ms]
2025-05-17 23:09:19.738 [info] > git for-each-ref --sort -committerdate --format %(refname)%00%(objectname)%00%(*objectname) [1ms]
2025-05-17 23:09:19.750 [info] > git status -z -uall [21ms]
2025-05-17 23:09:25.390 [info] > git config --get commit.template [8ms]
2025-05-17 23:09:25.391 [info] > git for-each-ref --format=%(refname)%00%(upstream:short)%00%(objectname)%00%(upstream:track)%00%(upstream:remotename)%00%(upstream:remoteref) refs/heads/main refs/remotes/main [2ms]
2025-05-17 23:09:25.407 [info] > git for-each-ref --sort -committerdate --format %(refname)%00%(objectname)%00%(*objectname) [1ms]
2025-05-17 23:09:25.424 [info] > git status -z -uall [25ms]
2025-05-17 23:09:30.520 [info] > git config --get commit.template [8ms]
2025-05-17 23:09:30.521 [info] > git for-each-ref --format=%(refname)%00%(upstream:short)%00%(objectname)%00%(upstream:track)%00%(upstream:remotename)%00%(upstream:remoteref) refs/heads/main refs/remotes/main [2ms]
2025-05-17 23:09:30.539 [info] > git for-each-ref --sort -committerdate --format %(refname)%00%(objectname)%00%(*objectname) [4ms]
2025-05-17 23:09:30.548 [info] > git status -z -uall [19ms]
2025-05-17 23:09:35.634 [info] > git config --get commit.template [7ms]
2025-05-17 23:09:35.635 [info] > git for-each-ref --format=%(refname)%00%(upstream:short)%00%(objectname)%00%(upstream:track)%00%(upstream:remotename)%00%(upstream:remoteref) refs/heads/main refs/remotes/main [1ms]
2025-05-17 23:09:35.649 [info] > git for-each-ref --sort -committerdate --format %(refname)%00%(objectname)%00%(*objectname) [2ms]
2025-05-17 23:09:35.666 [info] > git status -z -uall [25ms]
2025-05-17 23:09:40.768 [info] > git config --get commit.template [9ms]
2025-05-17 23:09:40.768 [info] > git for-each-ref --format=%(refname)%00%(upstream:short)%00%(objectname)%00%(upstream:track)%00%(upstream:remotename)%00%(upstream:remoteref) refs/heads/main refs/remotes/main [1ms]
2025-05-17 23:09:40.783 [info] > git for-each-ref --sort -committerdate --format %(refname)%00%(objectname)%00%(*objectname) [2ms]
2025-05-17 23:09:40.802 [info] > git status -z -uall [27ms]
2025-05-17 23:09:45.952 [info] > git config --get commit.template [7ms]
2025-05-17 23:09:45.953 [info] > git for-each-ref --format=%(refname)%00%(upstream:short)%00%(objectname)%00%(upstream:track)%00%(upstream:remotename)%00%(upstream:remoteref) refs/heads/main refs/remotes/main [2ms]
2025-05-17 23:09:45.965 [info] > git for-each-ref --sort -committerdate --format %(refname)%00%(objectname)%00%(*objectname) [1ms]
2025-05-17 23:09:45.978 [info] > git status -z -uall [20ms]
2025-05-17 23:09:51.074 [info] > git config --get commit.template [10ms]
2025-05-17 23:09:51.074 [info] > git for-each-ref --format=%(refname)%00%(upstream:short)%00%(objectname)%00%(upstream:track)%00%(upstream:remotename)%00%(upstream:remoteref) refs/heads/main refs/remotes/main [1ms]
2025-05-17 23:09:51.088 [info] > git for-each-ref --sort -committerdate --format %(refname)%00%(objectname)%00%(*objectname) [1ms]
2025-05-17 23:09:51.100 [info] > git status -z -uall [19ms]
2025-05-17 23:09:56.207 [info] > git config --get commit.template [19ms]
2025-05-17 23:09:56.209 [info] > git for-each-ref --format=%(refname)%00%(upstream:short)%00%(objectname)%00%(upstream:track)%00%(upstream:remotename)%00%(upstream:remoteref) refs/heads/main refs/remotes/main [4ms]
2025-05-17 23:09:56.246 [info] > git for-each-ref --sort -committerdate --format %(refname)%00%(objectname)%00%(*objectname) [4ms]
2025-05-17 23:09:56.276 [info] > git status -z -uall [50ms]
2025-05-17 23:10:01.384 [info] > git config --get commit.template [10ms]
2025-05-17 23:10:01.385 [info] > git for-each-ref --format=%(refname)%00%(upstream:short)%00%(objectname)%00%(upstream:track)%00%(upstream:remotename)%00%(upstream:remoteref) refs/heads/main refs/remotes/main [2ms]
2025-05-17 23:10:01.398 [info] > git for-each-ref --sort -committerdate --format %(refname)%00%(objectname)%00%(*objectname) [1ms]
2025-05-17 23:10:01.410 [info] > git status -z -uall [19ms]
2025-05-17 23:10:06.522 [info] > git config --get commit.template [20ms]
2025-05-17 23:10:06.523 [info] > git for-each-ref --format=%(refname)%00%(upstream:short)%00%(objectname)%00%(upstream:track)%00%(upstream:remotename)%00%(upstream:remoteref) refs/heads/main refs/remotes/main [4ms]
2025-05-17 23:10:06.553 [info] > git for-each-ref --sort -committerdate --format %(refname)%00%(objectname)%00%(*objectname) [4ms]
2025-05-17 23:10:06.563 [info] > git status -z -uall [23ms]
2025-05-17 23:10:11.671 [info] > git config --get commit.template [19ms]
2025-05-17 23:10:11.672 [info] > git for-each-ref --format=%(refname)%00%(upstream:short)%00%(objectname)%00%(upstream:track)%00%(upstream:remotename)%00%(upstream:remoteref) refs/heads/main refs/remotes/main [3ms]
2025-05-17 23:10:11.708 [info] > git for-each-ref --sort -committerdate --format %(refname)%00%(objectname)%00%(*objectname) [7ms]
2025-05-17 23:10:11.717 [info] > git status -z -uall [27ms]
2025-05-17 23:10:16.816 [info] > git config --get commit.template [8ms]
2025-05-17 23:10:16.817 [info] > git for-each-ref --format=%(refname)%00%(upstream:short)%00%(objectname)%00%(upstream:track)%00%(upstream:remotename)%00%(upstream:remoteref) refs/heads/main refs/remotes/main [1ms]
2025-05-17 23:10:16.832 [info] > git for-each-ref --sort -committerdate --format %(refname)%00%(objectname)%00%(*objectname) [1ms]
2025-05-17 23:10:16.849 [info] > git status -z -uall [25ms]
2025-05-17 23:10:21.945 [info] > git config --get commit.template [8ms]
2025-05-17 23:10:21.945 [info] > git for-each-ref --format=%(refname)%00%(upstream:short)%00%(objectname)%00%(upstream:track)%00%(upstream:remotename)%00%(upstream:remoteref) refs/heads/main refs/remotes/main [1ms]
2025-05-17 23:10:21.962 [info] > git for-each-ref --sort -committerdate --format %(refname)%00%(objectname)%00%(*objectname) [2ms]
2025-05-17 23:10:21.975 [info] > git status -z -uall [21ms]
2025-05-17 23:10:27.072 [info] > git config --get commit.template [8ms]
2025-05-17 23:10:27.073 [info] > git for-each-ref --format=%(refname)%00%(upstream:short)%00%(objectname)%00%(upstream:track)%00%(upstream:remotename)%00%(upstream:remoteref) refs/heads/main refs/remotes/main [2ms]
2025-05-17 23:10:27.087 [info] > git for-each-ref --sort -committerdate --format %(refname)%00%(objectname)%00%(*objectname) [2ms]
2025-05-17 23:10:27.104 [info] > git status -z -uall [25ms]
2025-05-17 23:10:32.218 [info] > git config --get commit.template [20ms]
2025-05-17 23:10:32.220 [info] > git for-each-ref --format=%(refname)%00%(upstream:short)%00%(objectname)%00%(upstream:track)%00%(upstream:remotename)%00%(upstream:remoteref) refs/heads/main refs/remotes/main [4ms]
2025-05-17 23:10:32.247 [info] > git for-each-ref --sort -committerdate --format %(refname)%00%(objectname)%00%(*objectname) [1ms]
2025-05-17 23:10:32.258 [info] > git status -z -uall [19ms]
2025-05-17 23:10:37.348 [info] > git config --get commit.template [7ms]
2025-05-17 23:10:37.349 [info] > git for-each-ref --format=%(refname)%00%(upstream:short)%00%(objectname)%00%(upstream:track)%00%(upstream:remotename)%00%(upstream:remoteref) refs/heads/main refs/remotes/main [2ms]
2025-05-17 23:10:37.361 [info] > git for-each-ref --sort -committerdate --format %(refname)%00%(objectname)%00%(*objectname) [2ms]
2025-05-17 23:10:37.379 [info] > git status -z -uall [25ms]
2025-05-17 23:10:43.017 [info] > git config --get commit.template [3ms]
2025-05-17 23:10:43.026 [info] > git for-each-ref --format=%(refname)%00%(upstream:short)%00%(objectname)%00%(upstream:track)%00%(upstream:remotename)%00%(upstream:remoteref) refs/heads/main refs/remotes/main [1ms]
2025-05-17 23:10:43.041 [info] > git for-each-ref --sort -committerdate --format %(refname)%00%(objectname)%00%(*objectname) [1ms]
2025-05-17 23:10:43.054 [info] > git status -z -uall [21ms]
2025-05-17 23:10:48.172 [info] > git config --get commit.template [16ms]
2025-05-17 23:10:48.174 [info] > git for-each-ref --format=%(refname)%00%(upstream:short)%00%(objectname)%00%(upstream:track)%00%(upstream:remotename)%00%(upstream:remoteref) refs/heads/main refs/remotes/main [3ms]
2025-05-17 23:10:48.207 [info] > git for-each-ref --sort -committerdate --format %(refname)%00%(objectname)%00%(*objectname) [4ms]
2025-05-17 23:10:48.236 [info] > git status -z -uall [46ms]
2025-05-17 23:10:53.341 [info] > git config --get commit.template [7ms]
2025-05-17 23:10:53.342 [info] > git for-each-ref --format=%(refname)%00%(upstream:short)%00%(objectname)%00%(upstream:track)%00%(upstream:remotename)%00%(upstream:remoteref) refs/heads/main refs/remotes/main [2ms]
2025-05-17 23:10:53.357 [info] > git for-each-ref --sort -committerdate --format %(refname)%00%(objectname)%00%(*objectname) [2ms]
2025-05-17 23:10:53.368 [info] > git status -z -uall [19ms]
2025-05-17 23:10:58.454 [info] > git config --get commit.template [7ms]
2025-05-17 23:10:58.455 [info] > git for-each-ref --format=%(refname)%00%(upstream:short)%00%(objectname)%00%(upstream:track)%00%(upstream:remotename)%00%(upstream:remoteref) refs/heads/main refs/remotes/main [1ms]
2025-05-17 23:10:58.470 [info] > git for-each-ref --sort -committerdate --format %(refname)%00%(objectname)%00%(*objectname) [2ms]
2025-05-17 23:10:58.481 [info] > git status -z -uall [18ms]
2025-05-17 23:11:03.582 [info] > git config --get commit.template [9ms]
2025-05-17 23:11:03.583 [info] > git for-each-ref --format=%(refname)%00%(upstream:short)%00%(objectname)%00%(upstream:track)%00%(upstream:remotename)%00%(upstream:remoteref) refs/heads/main refs/remotes/main [2ms]
2025-05-17 23:11:03.599 [info] > git for-each-ref --sort -committerdate --format %(refname)%00%(objectname)%00%(*objectname) [4ms]
2025-05-17 23:11:03.609 [info] > git status -z -uall [20ms]
2025-05-17 23:11:08.710 [info] > git config --get commit.template [10ms]
2025-05-17 23:11:08.731 [info] > git for-each-ref --format=%(refname)%00%(upstream:short)%00%(objectname)%00%(upstream:track)%00%(upstream:remotename)%00%(upstream:remoteref) refs/heads/main refs/remotes/main [4ms]
2025-05-17 23:11:08.758 [info] > git for-each-ref --sort -committerdate --format %(refname)%00%(objectname)%00%(*objectname) [2ms]
2025-05-17 23:11:08.768 [info] > git status -z -uall [20ms]
2025-05-17 23:11:13.869 [info] > git config --get commit.template [5ms]
2025-05-17 23:11:13.878 [info] > git for-each-ref --format=%(refname)%00%(upstream:short)%00%(objectname)%00%(upstream:track)%00%(upstream:remotename)%00%(upstream:remoteref) refs/heads/main refs/remotes/main [2ms]
2025-05-17 23:11:13.897 [info] > git for-each-ref --sort -committerdate --format %(refname)%00%(objectname)%00%(*objectname) [2ms]
2025-05-17 23:11:13.915 [info] > git status -z -uall [28ms]
2025-05-17 23:11:19.089 [info] > git config --get commit.template [10ms]
2025-05-17 23:11:19.090 [info] > git for-each-ref --format=%(refname)%00%(upstream:short)%00%(objectname)%00%(upstream:track)%00%(upstream:remotename)%00%(upstream:remoteref) refs/heads/main refs/remotes/main [2ms]
2025-05-17 23:11:19.105 [info] > git for-each-ref --sort -committerdate --format %(refname)%00%(objectname)%00%(*objectname) [1ms]
2025-05-17 23:11:19.121 [info] > git status -z -uall [24ms]
2025-05-17 23:11:25.704 [info] > git config --get commit.template [2ms]
2025-05-17 23:11:25.712 [info] > git for-each-ref --format=%(refname)%00%(upstream:short)%00%(objectname)%00%(upstream:track)%00%(upstream:remotename)%00%(upstream:remoteref) refs/heads/main refs/remotes/main [2ms]
2025-05-17 23:11:25.728 [info] > git for-each-ref --sort -committerdate --format %(refname)%00%(objectname)%00%(*objectname) [1ms]
2025-05-17 23:11:25.739 [info] > git status -z -uall [20ms]
2025-05-17 23:11:30.823 [info] > git config --get commit.template [7ms]
2025-05-17 23:11:30.823 [info] > git for-each-ref --format=%(refname)%00%(upstream:short)%00%(objectname)%00%(upstream:track)%00%(upstream:remotename)%00%(upstream:remoteref) refs/heads/main refs/remotes/main [1ms]
2025-05-17 23:11:30.837 [info] > git for-each-ref --sort -committerdate --format %(refname)%00%(objectname)%00%(*objectname) [1ms]
2025-05-17 23:11:30.849 [info] > git status -z -uall [19ms]
2025-05-17 23:11:35.949 [info] > git config --get commit.template [8ms]
2025-05-17 23:11:35.950 [info] > git for-each-ref --format=%(refname)%00%(upstream:short)%00%(objectname)%00%(upstream:track)%00%(upstream:remotename)%00%(upstream:remoteref) refs/heads/main refs/remotes/main [1ms]
2025-05-17 23:11:35.965 [info] > git for-each-ref --sort -committerdate --format %(refname)%00%(objectname)%00%(*objectname) [1ms]
2025-05-17 23:11:35.978 [info] > git status -z -uall [20ms]
2025-05-17 23:11:41.070 [info] > git config --get commit.template [8ms]
2025-05-17 23:11:41.071 [info] > git for-each-ref --format=%(refname)%00%(upstream:short)%00%(objectname)%00%(upstream:track)%00%(upstream:remotename)%00%(upstream:remoteref) refs/heads/main refs/remotes/main [2ms]
2025-05-17 23:11:41.088 [info] > git for-each-ref --sort -committerdate --format %(refname)%00%(objectname)%00%(*objectname) [2ms]
2025-05-17 23:11:41.102 [info] > git status -z -uall [23ms]
2025-05-17 23:11:46.208 [info] > git config --get commit.template [10ms]
2025-05-17 23:11:46.209 [info] > git for-each-ref --format=%(refname)%00%(upstream:short)%00%(objectname)%00%(upstream:track)%00%(upstream:remotename)%00%(upstream:remoteref) refs/heads/main refs/remotes/main [1ms]
2025-05-17 23:11:46.223 [info] > git for-each-ref --sort -committerdate --format %(refname)%00%(objectname)%00%(*objectname) [2ms]
2025-05-17 23:11:46.235 [info] > git status -z -uall [20ms]
2025-05-17 23:11:51.336 [info] > git config --get commit.template [7ms]
2025-05-17 23:11:51.337 [info] > git for-each-ref --format=%(refname)%00%(upstream:short)%00%(objectname)%00%(upstream:track)%00%(upstream:remotename)%00%(upstream:remoteref) refs/heads/main refs/remotes/main [1ms]
2025-05-17 23:11:51.352 [info] > git for-each-ref --sort -committerdate --format %(refname)%00%(objectname)%00%(*objectname) [2ms]
2025-05-17 23:11:51.365 [info] > git status -z -uall [21ms]
2025-05-17 23:11:56.464 [info] > git config --get commit.template [7ms]
2025-05-17 23:11:56.465 [info] > git for-each-ref --format=%(refname)%00%(upstream:short)%00%(objectname)%00%(upstream:track)%00%(upstream:remotename)%00%(upstream:remoteref) refs/heads/main refs/remotes/main [1ms]
2025-05-17 23:11:56.481 [info] > git for-each-ref --sort -committerdate --format %(refname)%00%(objectname)%00%(*objectname) [2ms]
2025-05-17 23:11:56.492 [info] > git status -z -uall [20ms]
2025-05-17 23:12:01.589 [info] > git config --get commit.template [7ms]
2025-05-17 23:12:01.589 [info] > git for-each-ref --format=%(refname)%00%(upstream:short)%00%(objectname)%00%(upstream:track)%00%(upstream:remotename)%00%(upstream:remoteref) refs/heads/main refs/remotes/main [1ms]
2025-05-17 23:12:01.607 [info] > git for-each-ref --sort -committerdate --format %(refname)%00%(objectname)%00%(*objectname) [4ms]
2025-05-17 23:12:01.616 [info] > git status -z -uall [19ms]
2025-05-17 23:12:06.713 [info] > git config --get commit.template [8ms]
2025-05-17 23:12:06.714 [info] > git for-each-ref --format=%(refname)%00%(upstream:short)%00%(objectname)%00%(upstream:track)%00%(upstream:remotename)%00%(upstream:remoteref) refs/heads/main refs/remotes/main [2ms]
2025-05-17 23:12:06.730 [info] > git for-each-ref --sort -committerdate --format %(refname)%00%(objectname)%00%(*objectname) [2ms]
2025-05-17 23:12:06.747 [info] > git status -z -uall [26ms]
2025-05-17 23:12:11.860 [info] > git config --get commit.template [17ms]
2025-05-17 23:12:11.862 [info] > git for-each-ref --format=%(refname)%00%(upstream:short)%00%(objectname)%00%(upstream:track)%00%(upstream:remotename)%00%(upstream:remoteref) refs/heads/main refs/remotes/main [3ms]
2025-05-17 23:12:11.895 [info] > git for-each-ref --sort -committerdate --format %(refname)%00%(objectname)%00%(*objectname) [3ms]
2025-05-17 23:12:11.912 [info] > git status -z -uall [33ms]
2025-05-17 23:12:17.001 [info] > git config --get commit.template [7ms]
2025-05-17 23:12:17.001 [info] > git for-each-ref --format=%(refname)%00%(upstream:short)%00%(objectname)%00%(upstream:track)%00%(upstream:remotename)%00%(upstream:remoteref) refs/heads/main refs/remotes/main [1ms]
2025-05-17 23:12:17.018 [info] > git for-each-ref --sort -committerdate --format %(refname)%00%(objectname)%00%(*objectname) [2ms]
2025-05-17 23:12:17.033 [info] > git status -z -uall [24ms]
2025-05-17 23:12:22.143 [info] > git config --get commit.template [18ms]
2025-05-17 23:12:22.146 [info] > git for-each-ref --format=%(refname)%00%(upstream:short)%00%(objectname)%00%(upstream:track)%00%(upstream:remotename)%00%(upstream:remoteref) refs/heads/main refs/remotes/main [4ms]
2025-05-17 23:12:22.182 [info] > git for-each-ref --sort -committerdate --format %(refname)%00%(objectname)%00%(*objectname) [5ms]
2025-05-17 23:12:22.201 [info] > git status -z -uall [39ms]
2025-05-17 23:12:27.284 [info] > git config --get commit.template [6ms]
2025-05-17 23:12:27.285 [info] > git for-each-ref --format=%(refname)%00%(upstream:short)%00%(objectname)%00%(upstream:track)%00%(upstream:remotename)%00%(upstream:remoteref) refs/heads/main refs/remotes/main [2ms]
2025-05-17 23:12:27.297 [info] > git for-each-ref --sort -committerdate --format %(refname)%00%(objectname)%00%(*objectname) [1ms]
2025-05-17 23:12:27.313 [info] > git status -z -uall [22ms]
2025-05-17 23:12:32.480 [info] > git config --get commit.template [8ms]
2025-05-17 23:12:32.481 [info] > git for-each-ref --format=%(refname)%00%(upstream:short)%00%(objectname)%00%(upstream:track)%00%(upstream:remotename)%00%(upstream:remoteref) refs/heads/main refs/remotes/main [2ms]
2025-05-17 23:12:32.497 [info] > git for-each-ref --sort -committerdate --format %(refname)%00%(objectname)%00%(*objectname) [2ms]
2025-05-17 23:12:32.509 [info] > git status -z -uall [21ms]
2025-05-17 23:12:37.590 [info] > git config --get commit.template [5ms]
2025-05-17 23:12:37.591 [info] > git for-each-ref --format=%(refname)%00%(upstream:short)%00%(objectname)%00%(upstream:track)%00%(upstream:remotename)%00%(upstream:remoteref) refs/heads/main refs/remotes/main [1ms]
2025-05-17 23:12:37.604 [info] > git for-each-ref --sort -committerdate --format %(refname)%00%(objectname)%00%(*objectname) [2ms]
2025-05-17 23:12:37.616 [info] > git status -z -uall [19ms]
2025-05-17 23:12:42.703 [info] > git config --get commit.template [6ms]
2025-05-17 23:12:42.704 [info] > git for-each-ref --format=%(refname)%00%(upstream:short)%00%(objectname)%00%(upstream:track)%00%(upstream:remotename)%00%(upstream:remoteref) refs/heads/main refs/remotes/main [1ms]
2025-05-17 23:12:42.718 [info] > git for-each-ref --sort -committerdate --format %(refname)%00%(objectname)%00%(*objectname) [1ms]
2025-05-17 23:12:42.731 [info] > git status -z -uall [20ms]
2025-05-17 23:12:47.817 [info] > git config --get commit.template [6ms]
2025-05-17 23:12:47.818 [info] > git for-each-ref --format=%(refname)%00%(upstream:short)%00%(objectname)%00%(upstream:track)%00%(upstream:remotename)%00%(upstream:remoteref) refs/heads/main refs/remotes/main [1ms]
2025-05-17 23:12:47.829 [info] > git for-each-ref --sort -committerdate --format %(refname)%00%(objectname)%00%(*objectname) [1ms]
2025-05-17 23:12:47.839 [info] > git status -z -uall [16ms]
2025-05-17 23:12:52.942 [info] > git config --get commit.template [15ms]
2025-05-17 23:12:52.943 [info] > git for-each-ref --format=%(refname)%00%(upstream:short)%00%(objectname)%00%(upstream:track)%00%(upstream:remotename)%00%(upstream:remoteref) refs/heads/main refs/remotes/main [1ms]
2025-05-17 23:12:52.959 [info] > git for-each-ref --sort -committerdate --format %(refname)%00%(objectname)%00%(*objectname) [2ms]
2025-05-17 23:12:52.971 [info] > git status -z -uall [20ms]
2025-05-17 23:12:58.064 [info] > git config --get commit.template [6ms]
2025-05-17 23:12:58.065 [info] > git for-each-ref --format=%(refname)%00%(upstream:short)%00%(objectname)%00%(upstream:track)%00%(upstream:remotename)%00%(upstream:remoteref) refs/heads/main refs/remotes/main [2ms]
2025-05-17 23:12:58.080 [info] > git for-each-ref --sort -committerdate --format %(refname)%00%(objectname)%00%(*objectname) [4ms]
2025-05-17 23:12:58.089 [info] > git status -z -uall [18ms]
2025-05-17 23:13:05.728 [info] > git config --get commit.template [16ms]
2025-05-17 23:13:05.729 [info] > git for-each-ref --format=%(refname)%00%(upstream:short)%00%(objectname)%00%(upstream:track)%00%(upstream:remotename)%00%(upstream:remoteref) refs/heads/main refs/remotes/main [1ms]
2025-05-17 23:13:05.744 [info] > git for-each-ref --sort -committerdate --format %(refname)%00%(objectname)%00%(*objectname) [2ms]
2025-05-17 23:13:05.756 [info] > git status -z -uall [20ms]
2025-05-17 23:13:10.867 [info] > git config --get commit.template [14ms]
2025-05-17 23:13:10.868 [info] > git for-each-ref --format=%(refname)%00%(upstream:short)%00%(objectname)%00%(upstream:track)%00%(upstream:remotename)%00%(upstream:remoteref) refs/heads/main refs/remotes/main [1ms]
2025-05-17 23:13:10.880 [info] > git for-each-ref --sort -committerdate --format %(refname)%00%(objectname)%00%(*objectname) [1ms]
2025-05-17 23:13:10.898 [info] > git status -z -uall [24ms]
2025-05-17 23:13:15.982 [info] > git config --get commit.template [6ms]
2025-05-17 23:13:15.983 [info] > git for-each-ref --format=%(refname)%00%(upstream:short)%00%(objectname)%00%(upstream:track)%00%(upstream:remotename)%00%(upstream:remoteref) refs/heads/main refs/remotes/main [2ms]
2025-05-17 23:13:15.995 [info] > git for-each-ref --sort -committerdate --format %(refname)%00%(objectname)%00%(*objectname) [1ms]
2025-05-17 23:13:16.011 [info] > git status -z -uall [23ms]
2025-05-17 23:13:21.111 [info] > git config --get commit.template [10ms]
2025-05-17 23:13:21.112 [info] > git for-each-ref --format=%(refname)%00%(upstream:short)%00%(objectname)%00%(upstream:track)%00%(upstream:remotename)%00%(upstream:remoteref) refs/heads/main refs/remotes/main [2ms]
2025-05-17 23:13:21.126 [info] > git for-each-ref --sort -committerdate --format %(refname)%00%(objectname)%00%(*objectname) [2ms]
2025-05-17 23:13:21.138 [info] > git status -z -uall [20ms]
2025-05-17 23:13:27.787 [info] > git config --get commit.template [4ms]
2025-05-17 23:13:27.798 [info] > git for-each-ref --format=%(refname)%00%(upstream:short)%00%(objectname)%00%(upstream:track)%00%(upstream:remotename)%00%(upstream:remoteref) refs/heads/main refs/remotes/main [1ms]
2025-05-17 23:13:27.812 [info] > git for-each-ref --sort -committerdate --format %(refname)%00%(objectname)%00%(*objectname) [2ms]
2025-05-17 23:13:27.831 [info] > git status -z -uall [26ms]
2025-05-17 23:13:33.014 [info] > git config --get commit.template [9ms]
2025-05-17 23:13:33.014 [info] > git for-each-ref --format=%(refname)%00%(upstream:short)%00%(objectname)%00%(upstream:track)%00%(upstream:remotename)%00%(upstream:remoteref) refs/heads/main refs/remotes/main [1ms]
2025-05-17 23:13:33.031 [info] > git for-each-ref --sort -committerdate --format %(refname)%00%(objectname)%00%(*objectname) [1ms]
2025-05-17 23:13:33.043 [info] > git status -z -uall [21ms]
2025-05-17 23:13:38.140 [info] > git config --get commit.template [10ms]
2025-05-17 23:13:38.141 [info] > git for-each-ref --format=%(refname)%00%(upstream:short)%00%(objectname)%00%(upstream:track)%00%(upstream:remotename)%00%(upstream:remoteref) refs/heads/main refs/remotes/main [1ms]
2025-05-17 23:13:38.155 [info] > git for-each-ref --sort -committerdate --format %(refname)%00%(objectname)%00%(*objectname) [1ms]
2025-05-17 23:13:38.167 [info] > git status -z -uall [19ms]
2025-05-17 23:13:43.271 [info] > git config --get commit.template [15ms]
2025-05-17 23:13:43.272 [info] > git for-each-ref --format=%(refname)%00%(upstream:short)%00%(objectname)%00%(upstream:track)%00%(upstream:remotename)%00%(upstream:remoteref) refs/heads/main refs/remotes/main [2ms]
2025-05-17 23:13:43.290 [info] > git for-each-ref --sort -committerdate --format %(refname)%00%(objectname)%00%(*objectname) [2ms]
2025-05-17 23:13:43.302 [info] > git status -z -uall [21ms]
2025-05-17 23:13:48.400 [info] > git config --get commit.template [7ms]
2025-05-17 23:13:48.401 [info] > git for-each-ref --format=%(refname)%00%(upstream:short)%00%(objectname)%00%(upstream:track)%00%(upstream:remotename)%00%(upstream:remoteref) refs/heads/main refs/remotes/main [1ms]
2025-05-17 23:13:48.416 [info] > git for-each-ref --sort -committerdate --format %(refname)%00%(objectname)%00%(*objectname) [2ms]
2025-05-17 23:13:48.429 [info] > git status -z -uall [21ms]
2025-05-17 23:13:53.512 [info] > git config --get commit.template [7ms]
2025-05-17 23:13:53.513 [info] > git for-each-ref --format=%(refname)%00%(upstream:short)%00%(objectname)%00%(upstream:track)%00%(upstream:remotename)%00%(upstream:remoteref) refs/heads/main refs/remotes/main [1ms]
2025-05-17 23:13:53.527 [info] > git for-each-ref --sort -committerdate --format %(refname)%00%(objectname)%00%(*objectname) [2ms]
2025-05-17 23:13:53.538 [info] > git status -z -uall [19ms]
2025-05-17 23:13:58.652 [info] > git config --get commit.template [20ms]
2025-05-17 23:13:58.653 [info] > git for-each-ref --format=%(refname)%00%(upstream:short)%00%(objectname)%00%(upstream:track)%00%(upstream:remotename)%00%(upstream:remoteref) refs/heads/main refs/remotes/main [3ms]
2025-05-17 23:13:58.667 [info] > git for-each-ref --sort -committerdate --format %(refname)%00%(objectname)%00%(*objectname) [2ms]
2025-05-17 23:13:58.678 [info] > git status -z -uall [18ms]
2025-05-17 23:14:03.770 [info] > git config --get commit.template [7ms]
2025-05-17 23:14:03.771 [info] > git for-each-ref --format=%(refname)%00%(upstream:short)%00%(objectname)%00%(upstream:track)%00%(upstream:remotename)%00%(upstream:remoteref) refs/heads/main refs/remotes/main [1ms]
2025-05-17 23:14:03.795 [info] > git for-each-ref --sort -committerdate --format %(refname)%00%(objectname)%00%(*objectname) [1ms]
2025-05-17 23:14:03.810 [info] > git status -z -uall [25ms]
2025-05-17 23:14:08.989 [info] > git config --get commit.template [13ms]
2025-05-17 23:14:08.990 [info] > git for-each-ref --format=%(refname)%00%(upstream:short)%00%(objectname)%00%(upstream:track)%00%(upstream:remotename)%00%(upstream:remoteref) refs/heads/main refs/remotes/main [2ms]
2025-05-17 23:14:09.010 [info] > git for-each-ref --sort -committerdate --format %(refname)%00%(objectname)%00%(*objectname) [2ms]
2025-05-17 23:14:09.023 [info] > git status -z -uall [23ms]
2025-05-17 23:14:14.098 [info] > git config --get commit.template [6ms]
2025-05-17 23:14:14.099 [info] > git for-each-ref --format=%(refname)%00%(upstream:short)%00%(objectname)%00%(upstream:track)%00%(upstream:remotename)%00%(upstream:remoteref) refs/heads/main refs/remotes/main [1ms]
2025-05-17 23:14:14.112 [info] > git for-each-ref --sort -committerdate --format %(refname)%00%(objectname)%00%(*objectname) [1ms]
2025-05-17 23:14:14.123 [info] > git status -z -uall [18ms]
2025-05-17 23:14:19.231 [info] > git config --get commit.template [17ms]
2025-05-17 23:14:19.233 [info] > git for-each-ref --format=%(refname)%00%(upstream:short)%00%(objectname)%00%(upstream:track)%00%(upstream:remotename)%00%(upstream:remoteref) refs/heads/main refs/remotes/main [4ms]
2025-05-17 23:14:19.268 [info] > git for-each-ref --sort -committerdate --format %(refname)%00%(objectname)%00%(*objectname) [5ms]
2025-05-17 23:14:19.300 [info] > git status -z -uall [51ms]
2025-05-17 23:14:24.417 [info] > git config --get commit.template [9ms]
2025-05-17 23:14:24.417 [info] > git for-each-ref --format=%(refname)%00%(upstream:short)%00%(objectname)%00%(upstream:track)%00%(upstream:remotename)%00%(upstream:remoteref) refs/heads/main refs/remotes/main [1ms]
2025-05-17 23:14:24.433 [info] > git for-each-ref --sort -committerdate --format %(refname)%00%(objectname)%00%(*objectname) [2ms]
2025-05-17 23:14:24.444 [info] > git status -z -uall [20ms]
2025-05-17 23:14:29.542 [info] > git config --get commit.template [8ms]
2025-05-17 23:14:29.542 [info] > git for-each-ref --format=%(refname)%00%(upstream:short)%00%(objectname)%00%(upstream:track)%00%(upstream:remotename)%00%(upstream:remoteref) refs/heads/main refs/remotes/main [1ms]
2025-05-17 23:14:29.557 [info] > git for-each-ref --sort -committerdate --format %(refname)%00%(objectname)%00%(*objectname) [2ms]
2025-05-17 23:14:29.569 [info] > git status -z -uall [20ms]
2025-05-17 23:14:34.661 [info] > git config --get commit.template [6ms]
2025-05-17 23:14:34.662 [info] > git for-each-ref --format=%(refname)%00%(upstream:short)%00%(objectname)%00%(upstream:track)%00%(upstream:remotename)%00%(upstream:remoteref) refs/heads/main refs/remotes/main [1ms]
2025-05-17 23:14:34.682 [info] > git for-each-ref --sort -committerdate --format %(refname)%00%(objectname)%00%(*objectname) [5ms]
2025-05-17 23:14:34.692 [info] > git status -z -uall [22ms]
2025-05-17 23:14:40.310 [info] > git config --get commit.template [18ms]
2025-05-17 23:14:40.312 [info] > git for-each-ref --format=%(refname)%00%(upstream:short)%00%(objectname)%00%(upstream:track)%00%(upstream:remotename)%00%(upstream:remoteref) refs/heads/main refs/remotes/main [3ms]
2025-05-17 23:14:40.341 [info] > git for-each-ref --sort -committerdate --format %(refname)%00%(objectname)%00%(*objectname) [4ms]
2025-05-17 23:14:40.350 [info] > git status -z -uall [21ms]
2025-05-17 23:14:45.443 [info] > git config --get commit.template [8ms]
2025-05-17 23:14:45.444 [info] > git for-each-ref --format=%(refname)%00%(upstream:short)%00%(objectname)%00%(upstream:track)%00%(upstream:remotename)%00%(upstream:remoteref) refs/heads/main refs/remotes/main [2ms]
2025-05-17 23:14:45.460 [info] > git for-each-ref --sort -committerdate --format %(refname)%00%(objectname)%00%(*objectname) [1ms]
2025-05-17 23:14:45.478 [info] > git status -z -uall [27ms]
2025-05-17 23:14:50.582 [info] > git config --get commit.template [15ms]
2025-05-17 23:14:50.583 [info] > git for-each-ref --format=%(refname)%00%(upstream:short)%00%(objectname)%00%(upstream:track)%00%(upstream:remotename)%00%(upstream:remoteref) refs/heads/main refs/remotes/main [1ms]
2025-05-17 23:14:50.596 [info] > git for-each-ref --sort -committerdate --format %(refname)%00%(objectname)%00%(*objectname) [1ms]
2025-05-17 23:14:50.613 [info] > git status -z -uall [24ms]
2025-05-17 23:14:55.695 [info] > git config --get commit.template [6ms]
2025-05-17 23:14:55.695 [info] > git for-each-ref --format=%(refname)%00%(upstream:short)%00%(objectname)%00%(upstream:track)%00%(upstream:remotename)%00%(upstream:remoteref) refs/heads/main refs/remotes/main [1ms]
2025-05-17 23:14:55.707 [info] > git for-each-ref --sort -committerdate --format %(refname)%00%(objectname)%00%(*objectname) [1ms]
2025-05-17 23:14:55.718 [info] > git status -z -uall [17ms]
2025-05-17 23:15:00.805 [info] > git config --get commit.template [6ms]
2025-05-17 23:15:00.806 [info] > git for-each-ref --format=%(refname)%00%(upstream:short)%00%(objectname)%00%(upstream:track)%00%(upstream:remotename)%00%(upstream:remoteref) refs/heads/main refs/remotes/main [1ms]
2025-05-17 23:15:00.820 [info] > git for-each-ref --sort -committerdate --format %(refname)%00%(objectname)%00%(*objectname) [1ms]
2025-05-17 23:15:00.832 [info] > git status -z -uall [20ms]
2025-05-17 23:15:05.926 [info] > git config --get commit.template [7ms]
2025-05-17 23:15:05.927 [info] > git for-each-ref --format=%(refname)%00%(upstream:short)%00%(objectname)%00%(upstream:track)%00%(upstream:remotename)%00%(upstream:remoteref) refs/heads/main refs/remotes/main [1ms]
2025-05-17 23:15:05.945 [info] > git for-each-ref --sort -committerdate --format %(refname)%00%(objectname)%00%(*objectname) [2ms]
2025-05-17 23:15:05.958 [info] > git status -z -uall [22ms]
2025-05-17 23:15:11.145 [info] > git config --get commit.template [18ms]
2025-05-17 23:15:11.147 [info] > git for-each-ref --format=%(refname)%00%(upstream:short)%00%(objectname)%00%(upstream:track)%00%(upstream:remotename)%00%(upstream:remoteref) refs/heads/main refs/remotes/main [3ms]
2025-05-17 23:15:11.183 [info] > git for-each-ref --sort -committerdate --format %(refname)%00%(objectname)%00%(*objectname) [4ms]
2025-05-17 23:15:11.216 [info] > git status -z -uall [52ms]
2025-05-17 23:15:16.313 [info] > git config --get commit.template [9ms]
2025-05-17 23:15:16.314 [info] > git for-each-ref --format=%(refname)%00%(upstream:short)%00%(objectname)%00%(upstream:track)%00%(upstream:remotename)%00%(upstream:remoteref) refs/heads/main refs/remotes/main [2ms]
2025-05-17 23:15:16.332 [info] > git for-each-ref --sort -committerdate --format %(refname)%00%(objectname)%00%(*objectname) [2ms]
2025-05-17 23:15:16.344 [info] > git status -z -uall [22ms]
2025-05-17 23:15:21.439 [info] > git config --get commit.template [8ms]
2025-05-17 23:15:21.440 [info] > git for-each-ref --format=%(refname)%00%(upstream:short)%00%(objectname)%00%(upstream:track)%00%(upstream:remotename)%00%(upstream:remoteref) refs/heads/main refs/remotes/main [1ms]
2025-05-17 23:15:21.458 [info] > git for-each-ref --sort -committerdate --format %(refname)%00%(objectname)%00%(*objectname) [2ms]
2025-05-17 23:15:21.470 [info] > git status -z -uall [22ms]
2025-05-17 23:15:26.577 [info] > git config --get commit.template [11ms]
2025-05-17 23:15:26.578 [info] > git for-each-ref --format=%(refname)%00%(upstream:short)%00%(objectname)%00%(upstream:track)%00%(upstream:remotename)%00%(upstream:remoteref) refs/heads/main refs/remotes/main [2ms]
2025-05-17 23:15:26.596 [info] > git for-each-ref --sort -committerdate --format %(refname)%00%(objectname)%00%(*objectname) [1ms]
2025-05-17 23:15:26.609 [info] > git status -z -uall [21ms]
2025-05-17 23:15:31.705 [info] > git config --get commit.template [7ms]
2025-05-17 23:15:31.706 [info] > git for-each-ref --format=%(refname)%00%(upstream:short)%00%(objectname)%00%(upstream:track)%00%(upstream:remotename)%00%(upstream:remoteref) refs/heads/main refs/remotes/main [1ms]
2025-05-17 23:15:31.720 [info] > git for-each-ref --sort -committerdate --format %(refname)%00%(objectname)%00%(*objectname) [2ms]
2025-05-17 23:15:31.732 [info] > git status -z -uall [20ms]
2025-05-17 23:15:36.836 [info] > git config --get commit.template [8ms]
2025-05-17 23:15:36.837 [info] > git for-each-ref --format=%(refname)%00%(upstream:short)%00%(objectname)%00%(upstream:track)%00%(upstream:remotename)%00%(upstream:remoteref) refs/heads/main refs/remotes/main [1ms]
2025-05-17 23:15:36.854 [info] > git for-each-ref --sort -committerdate --format %(refname)%00%(objectname)%00%(*objectname) [4ms]
2025-05-17 23:15:36.865 [info] > git status -z -uall [21ms]
2025-05-17 23:15:41.957 [info] > git config --get commit.template [7ms]
2025-05-17 23:15:41.958 [info] > git for-each-ref --format=%(refname)%00%(upstream:short)%00%(objectname)%00%(upstream:track)%00%(upstream:remotename)%00%(upstream:remoteref) refs/heads/main refs/remotes/main [2ms]
2025-05-17 23:15:41.972 [info] > git for-each-ref --sort -committerdate --format %(refname)%00%(objectname)%00%(*objectname) [2ms]
2025-05-17 23:15:41.991 [info] > git status -z -uall [27ms]
2025-05-17 23:15:48.585 [info] > git config --get commit.template [10ms]
2025-05-17 23:15:48.586 [info] > git for-each-ref --format=%(refname)%00%(upstream:short)%00%(objectname)%00%(upstream:track)%00%(upstream:remotename)%00%(upstream:remoteref) refs/heads/main refs/remotes/main [1ms]
2025-05-17 23:15:48.599 [info] > git for-each-ref --sort -committerdate --format %(refname)%00%(objectname)%00%(*objectname) [2ms]
2025-05-17 23:15:48.610 [info] > git status -z -uall [18ms]
2025-05-17 23:15:53.712 [info] > git config --get commit.template [12ms]
2025-05-17 23:15:53.714 [info] > git for-each-ref --format=%(refname)%00%(upstream:short)%00%(objectname)%00%(upstream:track)%00%(upstream:remotename)%00%(upstream:remoteref) refs/heads/main refs/remotes/main [3ms]
2025-05-17 23:15:53.734 [info] > git for-each-ref --sort -committerdate --format %(refname)%00%(objectname)%00%(*objectname) [2ms]
2025-05-17 23:15:53.748 [info] > git status -z -uall [23ms]
2025-05-17 23:15:58.853 [info] > git config --get commit.template [10ms]
2025-05-17 23:15:58.854 [info] > git for-each-ref --format=%(refname)%00%(upstream:short)%00%(objectname)%00%(upstream:track)%00%(upstream:remotename)%00%(upstream:remoteref) refs/heads/main refs/remotes/main [2ms]
2025-05-17 23:15:58.869 [info] > git for-each-ref --sort -committerdate --format %(refname)%00%(objectname)%00%(*objectname) [2ms]
2025-05-17 23:15:58.886 [info] > git status -z -uall [25ms]
2025-05-17 23:16:04.044 [info] > git config --get commit.template [7ms]
2025-05-17 23:16:04.045 [info] > git for-each-ref --format=%(refname)%00%(upstream:short)%00%(objectname)%00%(upstream:track)%00%(upstream:remotename)%00%(upstream:remoteref) refs/heads/main refs/remotes/main [1ms]
2025-05-17 23:16:04.060 [info] > git for-each-ref --sort -committerdate --format %(refname)%00%(objectname)%00%(*objectname) [2ms]
2025-05-17 23:16:04.072 [info] > git status -z -uall [20ms]
2025-05-17 23:16:09.174 [info] > git config --get commit.template [10ms]
2025-05-17 23:16:09.175 [info] > git for-each-ref --format=%(refname)%00%(upstream:short)%00%(objectname)%00%(upstream:track)%00%(upstream:remotename)%00%(upstream:remoteref) refs/heads/main refs/remotes/main [1ms]
2025-05-17 23:16:09.190 [info] > git for-each-ref --sort -committerdate --format %(refname)%00%(objectname)%00%(*objectname) [2ms]
2025-05-17 23:16:09.202 [info] > git status -z -uall [20ms]
2025-05-17 23:16:15.860 [info] > git config --get commit.template [19ms]
2025-05-17 23:16:15.861 [info] > git for-each-ref --format=%(refname)%00%(upstream:short)%00%(objectname)%00%(upstream:track)%00%(upstream:remotename)%00%(upstream:remoteref) refs/heads/main refs/remotes/main [3ms]
2025-05-17 23:16:15.874 [info] > git for-each-ref --sort -committerdate --format %(refname)%00%(objectname)%00%(*objectname) [1ms]
2025-05-17 23:16:15.886 [info] > git status -z -uall [19ms]
2025-05-17 23:16:20.999 [info] > git config --get commit.template [15ms]
2025-05-17 23:16:21.000 [info] > git for-each-ref --format=%(refname)%00%(upstream:short)%00%(objectname)%00%(upstream:track)%00%(upstream:remotename)%00%(upstream:remoteref) refs/heads/main refs/remotes/main [1ms]
2025-05-17 23:16:21.013 [info] > git for-each-ref --sort -committerdate --format %(refname)%00%(objectname)%00%(*objectname) [2ms]
2025-05-17 23:16:21.024 [info] > git status -z -uall [18ms]
2025-05-17 23:16:26.138 [info] > git config --get commit.template [20ms]
2025-05-17 23:16:26.139 [info] > git for-each-ref --format=%(refname)%00%(upstream:short)%00%(objectname)%00%(upstream:track)%00%(upstream:remotename)%00%(upstream:remoteref) refs/heads/main refs/remotes/main [3ms]
2025-05-17 23:16:26.177 [info] > git for-each-ref --sort -committerdate --format %(refname)%00%(objectname)%00%(*objectname) [4ms]
2025-05-17 23:16:26.205 [info] > git status -z -uall [48ms]
2025-05-17 23:16:31.338 [info] > git config --get commit.template [9ms]
2025-05-17 23:16:31.339 [info] > git for-each-ref --format=%(refname)%00%(upstream:short)%00%(objectname)%00%(upstream:track)%00%(upstream:remotename)%00%(upstream:remoteref) refs/heads/main refs/remotes/main [2ms]
2025-05-17 23:16:31.355 [info] > git for-each-ref --sort -committerdate --format %(refname)%00%(objectname)%00%(*objectname) [1ms]
2025-05-17 23:16:31.368 [info] > git status -z -uall [21ms]
2025-05-17 23:16:36.485 [info] > git config --get commit.template [19ms]
2025-05-17 23:16:36.488 [info] > git for-each-ref --format=%(refname)%00%(upstream:short)%00%(objectname)%00%(upstream:track)%00%(upstream:remotename)%00%(upstream:remoteref) refs/heads/main refs/remotes/main [3ms]
2025-05-17 23:16:36.524 [info] > git for-each-ref --sort -committerdate --format %(refname)%00%(objectname)%00%(*objectname) [4ms]
2025-05-17 23:16:36.547 [info] > git status -z -uall [42ms]
2025-05-17 23:16:41.641 [info] > git config --get commit.template [7ms]
2025-05-17 23:16:41.642 [info] > git for-each-ref --format=%(refname)%00%(upstream:short)%00%(objectname)%00%(upstream:track)%00%(upstream:remotename)%00%(upstream:remoteref) refs/heads/main refs/remotes/main [1ms]
2025-05-17 23:16:41.656 [info] > git for-each-ref --sort -committerdate --format %(refname)%00%(objectname)%00%(*objectname) [1ms]
2025-05-17 23:16:41.667 [info] > git status -z -uall [18ms]
2025-05-17 23:16:46.781 [info] > git config --get commit.template [18ms]
2025-05-17 23:16:46.782 [info] > git for-each-ref --format=%(refname)%00%(upstream:short)%00%(objectname)%00%(upstream:track)%00%(upstream:remotename)%00%(upstream:remoteref) refs/heads/main refs/remotes/main [3ms]
2025-05-17 23:16:46.813 [info] > git for-each-ref --sort -committerdate --format %(refname)%00%(objectname)%00%(*objectname) [2ms]
2025-05-17 23:16:46.828 [info] > git status -z -uall [27ms]
2025-05-17 23:16:51.933 [info] > git config --get commit.template [15ms]
2025-05-17 23:16:51.935 [info] > git for-each-ref --format=%(refname)%00%(upstream:short)%00%(objectname)%00%(upstream:track)%00%(upstream:remotename)%00%(upstream:remoteref) refs/heads/main refs/remotes/main [3ms]
2025-05-17 23:16:51.959 [info] > git for-each-ref --sort -committerdate --format %(refname)%00%(objectname)%00%(*objectname) [1ms]
2025-05-17 23:16:51.969 [info] > git status -z -uall [18ms]
2025-05-17 23:16:57.077 [info] > git config --get commit.template [19ms]
2025-05-17 23:16:57.079 [info] > git for-each-ref --format=%(refname)%00%(upstream:short)%00%(objectname)%00%(upstream:track)%00%(upstream:remotename)%00%(upstream:remoteref) refs/heads/main refs/remotes/main [3ms]
2025-05-17 23:16:57.116 [info] > git for-each-ref --sort -committerdate --format %(refname)%00%(objectname)%00%(*objectname) [4ms]
2025-05-17 23:16:57.147 [info] > git status -z -uall [51ms]
2025-05-17 23:17:02.274 [info] > git config --get commit.template [18ms]
2025-05-17 23:17:02.276 [info] > git for-each-ref --format=%(refname)%00%(upstream:short)%00%(objectname)%00%(upstream:track)%00%(upstream:remotename)%00%(upstream:remoteref) refs/heads/main refs/remotes/main [4ms]
2025-05-17 23:17:02.312 [info] > git for-each-ref --sort -committerdate --format %(refname)%00%(objectname)%00%(*objectname) [4ms]
2025-05-17 23:17:02.327 [info] > git status -z -uall [34ms]
2025-05-17 23:17:07.438 [info] > git config --get commit.template [10ms]
2025-05-17 23:17:07.438 [info] > git for-each-ref --format=%(refname)%00%(upstream:short)%00%(objectname)%00%(upstream:track)%00%(upstream:remotename)%00%(upstream:remoteref) refs/heads/main refs/remotes/main [1ms]
2025-05-17 23:17:07.456 [info] > git for-each-ref --sort -committerdate --format %(refname)%00%(objectname)%00%(*objectname) [2ms]
2025-05-17 23:17:07.467 [info] > git status -z -uall [20ms]
2025-05-17 23:17:12.579 [info] > git config --get commit.template [17ms]
2025-05-17 23:17:12.582 [info] > git for-each-ref --format=%(refname)%00%(upstream:short)%00%(objectname)%00%(upstream:track)%00%(upstream:remotename)%00%(upstream:remoteref) refs/heads/main refs/remotes/main [3ms]
2025-05-17 23:17:12.619 [info] > git for-each-ref --sort -committerdate --format %(refname)%00%(objectname)%00%(*objectname) [3ms]
2025-05-17 23:17:12.635 [info] > git status -z -uall [37ms]
2025-05-17 23:17:17.833 [info] > git config --get commit.template [16ms]
2025-05-17 23:17:17.834 [info] > git for-each-ref --format=%(refname)%00%(upstream:short)%00%(objectname)%00%(upstream:track)%00%(upstream:remotename)%00%(upstream:remoteref) refs/heads/main refs/remotes/main [2ms]
2025-05-17 23:17:17.852 [info] > git for-each-ref --sort -committerdate --format %(refname)%00%(objectname)%00%(*objectname) [2ms]
2025-05-17 23:17:17.864 [info] > git status -z -uall [21ms]
2025-05-17 23:17:22.967 [info] > git config --get commit.template [10ms]
2025-05-17 23:17:22.967 [info] > git for-each-ref --format=%(refname)%00%(upstream:short)%00%(objectname)%00%(upstream:track)%00%(upstream:remotename)%00%(upstream:remoteref) refs/heads/main refs/remotes/main [1ms]
2025-05-17 23:17:22.983 [info] > git for-each-ref --sort -committerdate --format %(refname)%00%(objectname)%00%(*objectname) [2ms]
2025-05-17 23:17:22.995 [info] > git status -z -uall [20ms]
2025-05-17 23:17:28.102 [info] > git config --get commit.template [19ms]
2025-05-17 23:17:28.104 [info] > git for-each-ref --format=%(refname)%00%(upstream:short)%00%(objectname)%00%(upstream:track)%00%(upstream:remotename)%00%(upstream:remoteref) refs/heads/main refs/remotes/main [3ms]
2025-05-17 23:17:28.130 [info] > git for-each-ref --sort -committerdate --format %(refname)%00%(objectname)%00%(*objectname) [1ms]
2025-05-17 23:17:28.143 [info] > git status -z -uall [24ms]
2025-05-17 23:17:33.258 [info] > git config --get commit.template [19ms]
2025-05-17 23:17:33.261 [info] > git for-each-ref --format=%(refname)%00%(upstream:short)%00%(objectname)%00%(upstream:track)%00%(upstream:remotename)%00%(upstream:remoteref) refs/heads/main refs/remotes/main [4ms]
2025-05-17 23:17:33.295 [info] > git for-each-ref --sort -committerdate --format %(refname)%00%(objectname)%00%(*objectname) [3ms]
2025-05-17 23:17:33.309 [info] > git status -z -uall [31ms]
2025-05-17 23:17:38.393 [info] > git config --get commit.template [6ms]
2025-05-17 23:17:38.394 [info] > git for-each-ref --format=%(refname)%00%(upstream:short)%00%(objectname)%00%(upstream:track)%00%(upstream:remotename)%00%(upstream:remoteref) refs/heads/main refs/remotes/main [2ms]
2025-05-17 23:17:38.407 [info] > git for-each-ref --sort -committerdate --format %(refname)%00%(objectname)%00%(*objectname) [1ms]
2025-05-17 23:17:38.418 [info] > git status -z -uall [18ms]
2025-05-17 23:17:43.519 [info] > git config --get commit.template [9ms]
2025-05-17 23:17:43.520 [info] > git for-each-ref --format=%(refname)%00%(upstream:short)%00%(objectname)%00%(upstream:track)%00%(upstream:remotename)%00%(upstream:remoteref) refs/heads/main refs/remotes/main [2ms]
2025-05-17 23:17:43.535 [info] > git for-each-ref --sort -committerdate --format %(refname)%00%(objectname)%00%(*objectname) [2ms]
2025-05-17 23:17:43.550 [info] > git status -z -uall [23ms]
2025-05-17 23:17:48.634 [info] > git config --get commit.template [6ms]
2025-05-17 23:17:48.634 [info] > git for-each-ref --format=%(refname)%00%(upstream:short)%00%(objectname)%00%(upstream:track)%00%(upstream:remotename)%00%(upstream:remoteref) refs/heads/main refs/remotes/main [1ms]
2025-05-17 23:17:48.651 [info] > git for-each-ref --sort -committerdate --format %(refname)%00%(objectname)%00%(*objectname) [5ms]
2025-05-17 23:17:48.660 [info] > git status -z -uall [20ms]
2025-05-17 23:17:55.305 [info] > git config --get commit.template [2ms]
2025-05-17 23:17:55.314 [info] > git for-each-ref --format=%(refname)%00%(upstream:short)%00%(objectname)%00%(upstream:track)%00%(upstream:remotename)%00%(upstream:remoteref) refs/heads/main refs/remotes/main [1ms]
2025-05-17 23:17:55.331 [info] > git for-each-ref --sort -committerdate --format %(refname)%00%(objectname)%00%(*objectname) [2ms]
2025-05-17 23:17:55.343 [info] > git status -z -uall [21ms]
2025-05-17 23:18:00.449 [info] > git config --get commit.template [11ms]
2025-05-17 23:18:00.450 [info] > git for-each-ref --format=%(refname)%00%(upstream:short)%00%(objectname)%00%(upstream:track)%00%(upstream:remotename)%00%(upstream:remoteref) refs/heads/main refs/remotes/main [1ms]
2025-05-17 23:18:00.467 [info] > git for-each-ref --sort -committerdate --format %(refname)%00%(objectname)%00%(*objectname) [2ms]
2025-05-17 23:18:00.483 [info] > git status -z -uall [25ms]
2025-05-17 23:18:05.570 [info] > git config --get commit.template [8ms]
2025-05-17 23:18:05.571 [info] > git for-each-ref --format=%(refname)%00%(upstream:short)%00%(objectname)%00%(upstream:track)%00%(upstream:remotename)%00%(upstream:remoteref) refs/heads/main refs/remotes/main [1ms]
2025-05-17 23:18:05.586 [info] > git for-each-ref --sort -committerdate --format %(refname)%00%(objectname)%00%(*objectname) [2ms]
2025-05-17 23:18:05.601 [info] > git status -z -uall [23ms]
2025-05-17 23:18:10.713 [info] > git config --get commit.template [20ms]
2025-05-17 23:18:10.715 [info] > git for-each-ref --format=%(refname)%00%(upstream:short)%00%(objectname)%00%(upstream:track)%00%(upstream:remotename)%00%(upstream:remoteref) refs/heads/main refs/remotes/main [4ms]
2025-05-17 23:18:10.754 [info] > git for-each-ref --sort -committerdate --format %(refname)%00%(objectname)%00%(*objectname) [4ms]
2025-05-17 23:18:10.773 [info] > git status -z -uall [39ms]
2025-05-17 23:18:15.887 [info] > git config --get commit.template [9ms]
2025-05-17 23:18:15.888 [info] > git for-each-ref --format=%(refname)%00%(upstream:short)%00%(objectname)%00%(upstream:track)%00%(upstream:remotename)%00%(upstream:remoteref) refs/heads/main refs/remotes/main [1ms]
2025-05-17 23:18:15.902 [info] > git for-each-ref --sort -committerdate --format %(refname)%00%(objectname)%00%(*objectname) [2ms]
2025-05-17 23:18:15.916 [info] > git status -z -uall [22ms]
2025-05-17 23:18:21.109 [info] > git config --get commit.template [7ms]
2025-05-17 23:18:21.109 [info] > git for-each-ref --format=%(refname)%00%(upstream:short)%00%(objectname)%00%(upstream:track)%00%(upstream:remotename)%00%(upstream:remoteref) refs/heads/main refs/remotes/main [1ms]
2025-05-17 23:18:21.124 [info] > git for-each-ref --sort -committerdate --format %(refname)%00%(objectname)%00%(*objectname) [2ms]
2025-05-17 23:18:21.136 [info] > git status -z -uall [20ms]
2025-05-17 23:18:26.237 [info] > git config --get commit.template [9ms]
2025-05-17 23:18:26.238 [info] > git for-each-ref --format=%(refname)%00%(upstream:short)%00%(objectname)%00%(upstream:track)%00%(upstream:remotename)%00%(upstream:remoteref) refs/heads/main refs/remotes/main [1ms]
2025-05-17 23:18:26.253 [info] > git for-each-ref --sort -committerdate --format %(refname)%00%(objectname)%00%(*objectname) [1ms]
2025-05-17 23:18:26.265 [info] > git status -z -uall [19ms]
2025-05-17 23:18:31.344 [info] > git config --get commit.template [6ms]
2025-05-17 23:18:31.345 [info] > git for-each-ref --format=%(refname)%00%(upstream:short)%00%(objectname)%00%(upstream:track)%00%(upstream:remotename)%00%(upstream:remoteref) refs/heads/main refs/remotes/main [1ms]
2025-05-17 23:18:31.358 [info] > git for-each-ref --sort -committerdate --format %(refname)%00%(objectname)%00%(*objectname) [1ms]
2025-05-17 23:18:31.368 [info] > git status -z -uall [17ms]
2025-05-17 23:18:36.473 [info] > git config --get commit.template [16ms]
2025-05-17 23:18:36.475 [info] > git for-each-ref --format=%(refname)%00%(upstream:short)%00%(objectname)%00%(upstream:track)%00%(upstream:remotename)%00%(upstream:remoteref) refs/heads/main refs/remotes/main [2ms]
2025-05-17 23:18:36.500 [info] > git for-each-ref --sort -committerdate --format %(refname)%00%(objectname)%00%(*objectname) [2ms]
2025-05-17 23:18:36.511 [info] > git status -z -uall [22ms]
2025-05-17 23:18:41.623 [info] > git config --get commit.template [21ms]
2025-05-17 23:18:41.626 [info] > git for-each-ref --format=%(refname)%00%(upstream:short)%00%(objectname)%00%(upstream:track)%00%(upstream:remotename)%00%(upstream:remoteref) refs/heads/main refs/remotes/main [4ms]
2025-05-17 23:18:41.647 [info] > git for-each-ref --sort -committerdate --format %(refname)%00%(objectname)%00%(*objectname) [1ms]
2025-05-17 23:18:41.665 [info] > git status -z -uall [27ms]
2025-05-17 23:18:46.858 [info] > git config --get commit.template [17ms]
2025-05-17 23:18:46.860 [info] > git for-each-ref --format=%(refname)%00%(upstream:short)%00%(objectname)%00%(upstream:track)%00%(upstream:remotename)%00%(upstream:remoteref) refs/heads/main refs/remotes/main [3ms]
2025-05-17 23:18:46.888 [info] > git for-each-ref --sort -committerdate --format %(refname)%00%(objectname)%00%(*objectname) [1ms]
2025-05-17 23:18:46.899 [info] > git status -z -uall [24ms]
2025-05-17 23:18:51.989 [info] > git config --get commit.template [6ms]
2025-05-17 23:18:51.990 [info] > git for-each-ref --format=%(refname)%00%(upstream:short)%00%(objectname)%00%(upstream:track)%00%(upstream:remotename)%00%(upstream:remoteref) refs/heads/main refs/remotes/main [1ms]
2025-05-17 23:18:52.002 [info] > git for-each-ref --sort -committerdate --format %(refname)%00%(objectname)%00%(*objectname) [1ms]
2025-05-17 23:18:52.014 [info] > git status -z -uall [17ms]
2025-05-17 23:18:57.108 [info] > git config --get commit.template [7ms]
2025-05-17 23:18:57.109 [info] > git for-each-ref --format=%(refname)%00%(upstream:short)%00%(objectname)%00%(upstream:track)%00%(upstream:remotename)%00%(upstream:remoteref) refs/heads/main refs/remotes/main [2ms]
2025-05-17 23:18:57.125 [info] > git for-each-ref --sort -committerdate --format %(refname)%00%(objectname)%00%(*objectname) [1ms]
2025-05-17 23:18:57.141 [info] > git status -z -uall [24ms]
2025-05-17 23:19:02.237 [info] > git config --get commit.template [8ms]
2025-05-17 23:19:02.238 [info] > git for-each-ref --format=%(refname)%00%(upstream:short)%00%(objectname)%00%(upstream:track)%00%(upstream:remotename)%00%(upstream:remoteref) refs/heads/main refs/remotes/main [2ms]
2025-05-17 23:19:02.258 [info] > git for-each-ref --sort -committerdate --format %(refname)%00%(objectname)%00%(*objectname) [3ms]
2025-05-17 23:19:02.271 [info] > git status -z -uall [24ms]
2025-05-17 23:19:07.370 [info] > git config --get commit.template [8ms]
2025-05-17 23:19:07.371 [info] > git for-each-ref --format=%(refname)%00%(upstream:short)%00%(objectname)%00%(upstream:track)%00%(upstream:remotename)%00%(upstream:remoteref) refs/heads/main refs/remotes/main [1ms]
2025-05-17 23:19:07.387 [info] > git for-each-ref --sort -committerdate --format %(refname)%00%(objectname)%00%(*objectname) [1ms]
2025-05-17 23:19:07.402 [info] > git status -z -uall [24ms]
2025-05-17 23:19:12.512 [info] > git config --get commit.template [18ms]
2025-05-17 23:19:12.514 [info] > git for-each-ref --format=%(refname)%00%(upstream:short)%00%(objectname)%00%(upstream:track)%00%(upstream:remotename)%00%(upstream:remoteref) refs/heads/main refs/remotes/main [3ms]
2025-05-17 23:19:12.556 [info] > git for-each-ref --sort -committerdate --format %(refname)%00%(objectname)%00%(*objectname) [9ms]
2025-05-17 23:19:12.570 [info] > git status -z -uall [39ms]
2025-05-17 23:19:17.663 [info] > git config --get commit.template [7ms]
2025-05-17 23:19:17.664 [info] > git for-each-ref --format=%(refname)%00%(upstream:short)%00%(objectname)%00%(upstream:track)%00%(upstream:remotename)%00%(upstream:remoteref) refs/heads/main refs/remotes/main [2ms]
2025-05-17 23:19:17.679 [info] > git for-each-ref --sort -committerdate --format %(refname)%00%(objectname)%00%(*objectname) [2ms]
2025-05-17 23:19:17.695 [info] > git status -z -uall [24ms]
2025-05-17 23:19:22.805 [info] > git config --get commit.template [15ms]
2025-05-17 23:19:22.807 [info] > git for-each-ref --format=%(refname)%00%(upstream:short)%00%(objectname)%00%(upstream:track)%00%(upstream:remotename)%00%(upstream:remoteref) refs/heads/main refs/remotes/main [4ms]
2025-05-17 23:19:22.827 [info] > git for-each-ref --sort -committerdate --format %(refname)%00%(objectname)%00%(*objectname) [1ms]
2025-05-17 23:19:22.843 [info] > git status -z -uall [22ms]
2025-05-17 23:19:27.929 [info] > git config --get commit.template [7ms]
2025-05-17 23:19:27.930 [info] > git for-each-ref --format=%(refname)%00%(upstream:short)%00%(objectname)%00%(upstream:track)%00%(upstream:remotename)%00%(upstream:remoteref) refs/heads/main refs/remotes/main [2ms]
2025-05-17 23:19:27.946 [info] > git for-each-ref --sort -committerdate --format %(refname)%00%(objectname)%00%(*objectname) [2ms]
2025-05-17 23:19:27.960 [info] > git status -z -uall [23ms]
2025-05-17 23:19:33.038 [info] > git config --get commit.template [1ms]
2025-05-17 23:19:33.045 [info] > git for-each-ref --format=%(refname)%00%(upstream:short)%00%(objectname)%00%(upstream:track)%00%(upstream:remotename)%00%(upstream:remoteref) refs/heads/main refs/remotes/main [1ms]
2025-05-17 23:19:33.059 [info] > git for-each-ref --sort -committerdate --format %(refname)%00%(objectname)%00%(*objectname) [1ms]
2025-05-17 23:19:33.076 [info] > git status -z -uall [24ms]
2025-05-17 23:19:38.160 [info] > git config --get commit.template [6ms]
2025-05-17 23:19:38.161 [info] > git for-each-ref --format=%(refname)%00%(upstream:short)%00%(objectname)%00%(upstream:track)%00%(upstream:remotename)%00%(upstream:remoteref) refs/heads/main refs/remotes/main [2ms]
2025-05-17 23:19:38.174 [info] > git for-each-ref --sort -committerdate --format %(refname)%00%(objectname)%00%(*objectname) [1ms]
2025-05-17 23:19:38.185 [info] > git status -z -uall [19ms]
2025-05-17 23:19:43.284 [info] > git config --get commit.template [9ms]
2025-05-17 23:19:43.285 [info] > git for-each-ref --format=%(refname)%00%(upstream:short)%00%(objectname)%00%(upstream:track)%00%(upstream:remotename)%00%(upstream:remoteref) refs/heads/main refs/remotes/main [2ms]
2025-05-17 23:19:43.301 [info] > git for-each-ref --sort -committerdate --format %(refname)%00%(objectname)%00%(*objectname) [1ms]
2025-05-17 23:19:43.315 [info] > git status -z -uall [23ms]
2025-05-17 23:19:48.501 [info] > git config --get commit.template [8ms]
2025-05-17 23:19:48.501 [info] > git for-each-ref --format=%(refname)%00%(upstream:short)%00%(objectname)%00%(upstream:track)%00%(upstream:remotename)%00%(upstream:remoteref) refs/heads/main refs/remotes/main [1ms]
2025-05-17 23:19:48.517 [info] > git for-each-ref --sort -committerdate --format %(refname)%00%(objectname)%00%(*objectname) [2ms]
2025-05-17 23:19:48.528 [info] > git status -z -uall [20ms]
2025-05-17 23:19:53.606 [info] > git config --get commit.template [6ms]
2025-05-17 23:19:53.607 [info] > git for-each-ref --format=%(refname)%00%(upstream:short)%00%(objectname)%00%(upstream:track)%00%(upstream:remotename)%00%(upstream:remoteref) refs/heads/main refs/remotes/main [1ms]
2025-05-17 23:19:53.619 [info] > git for-each-ref --sort -committerdate --format %(refname)%00%(objectname)%00%(*objectname) [1ms]
2025-05-17 23:19:53.631 [info] > git status -z -uall [19ms]
2025-05-17 23:19:58.727 [info] > git config --get commit.template [9ms]
2025-05-17 23:19:58.728 [info] > git for-each-ref --format=%(refname)%00%(upstream:short)%00%(objectname)%00%(upstream:track)%00%(upstream:remotename)%00%(upstream:remoteref) refs/heads/main refs/remotes/main [1ms]
2025-05-17 23:19:58.743 [info] > git for-each-ref --sort -committerdate --format %(refname)%00%(objectname)%00%(*objectname) [2ms]
2025-05-17 23:19:58.754 [info] > git status -z -uall [19ms]
2025-05-17 23:20:03.845 [info] > git config --get commit.template [7ms]
2025-05-17 23:20:03.846 [info] > git for-each-ref --format=%(refname)%00%(upstream:short)%00%(objectname)%00%(upstream:track)%00%(upstream:remotename)%00%(upstream:remoteref) refs/heads/main refs/remotes/main [1ms]
2025-05-17 23:20:03.859 [info] > git for-each-ref --sort -committerdate --format %(refname)%00%(objectname)%00%(*objectname) [2ms]
2025-05-17 23:20:03.870 [info] > git status -z -uall [18ms]
2025-05-17 23:20:08.959 [info] > git config --get commit.template [4ms]
2025-05-17 23:20:08.966 [info] > git for-each-ref --format=%(refname)%00%(upstream:short)%00%(objectname)%00%(upstream:track)%00%(upstream:remotename)%00%(upstream:remoteref) refs/heads/main refs/remotes/main [1ms]
2025-05-17 23:20:08.980 [info] > git for-each-ref --sort -committerdate --format %(refname)%00%(objectname)%00%(*objectname) [1ms]
2025-05-17 23:20:08.991 [info] > git status -z -uall [18ms]
2025-05-17 23:20:14.101 [info] > git config --get commit.template [15ms]
2025-05-17 23:20:14.102 [info] > git for-each-ref --format=%(refname)%00%(upstream:short)%00%(objectname)%00%(upstream:track)%00%(upstream:remotename)%00%(upstream:remoteref) refs/heads/main refs/remotes/main [2ms]
2025-05-17 23:20:14.114 [info] > git for-each-ref --sort -committerdate --format %(refname)%00%(objectname)%00%(*objectname) [1ms]
2025-05-17 23:20:14.125 [info] > git status -z -uall [18ms]
2025-05-17 23:20:19.209 [info] > git config --get commit.template [6ms]
2025-05-17 23:20:19.210 [info] > git for-each-ref --format=%(refname)%00%(upstream:short)%00%(objectname)%00%(upstream:track)%00%(upstream:remotename)%00%(upstream:remoteref) refs/heads/main refs/remotes/main [1ms]
2025-05-17 23:20:19.224 [info] > git for-each-ref --sort -committerdate --format %(refname)%00%(objectname)%00%(*objectname) [2ms]
2025-05-17 23:20:19.234 [info] > git status -z -uall [18ms]
2025-05-17 23:20:24.330 [info] > git config --get commit.template [7ms]
2025-05-17 23:20:24.330 [info] > git for-each-ref --format=%(refname)%00%(upstream:short)%00%(objectname)%00%(upstream:track)%00%(upstream:remotename)%00%(upstream:remoteref) refs/heads/main refs/remotes/main [1ms]
2025-05-17 23:20:24.347 [info] > git for-each-ref --sort -committerdate --format %(refname)%00%(objectname)%00%(*objectname) [4ms]
2025-05-17 23:20:24.357 [info] > git status -z -uall [20ms]
2025-05-17 23:20:29.463 [info] > git config --get commit.template [13ms]
2025-05-17 23:20:29.478 [info] > git for-each-ref --format=%(refname)%00%(upstream:short)%00%(objectname)%00%(upstream:track)%00%(upstream:remotename)%00%(upstream:remoteref) refs/heads/main refs/remotes/main [3ms]
2025-05-17 23:20:29.506 [info] > git for-each-ref --sort -committerdate --format %(refname)%00%(objectname)%00%(*objectname) [3ms]
2025-05-17 23:20:29.519 [info] > git status -z -uall [28ms]
2025-05-17 23:20:34.611 [info] > git config --get commit.template [7ms]
2025-05-17 23:20:34.612 [info] > git for-each-ref --format=%(refname)%00%(upstream:short)%00%(objectname)%00%(upstream:track)%00%(upstream:remotename)%00%(upstream:remoteref) refs/heads/main refs/remotes/main [2ms]
2025-05-17 23:20:34.628 [info] > git for-each-ref --sort -committerdate --format %(refname)%00%(objectname)%00%(*objectname) [1ms]
2025-05-17 23:20:34.644 [info] > git status -z -uall [24ms]
2025-05-17 23:20:39.758 [info] > git config --get commit.template [15ms]
2025-05-17 23:20:39.759 [info] > git for-each-ref --format=%(refname)%00%(upstream:short)%00%(objectname)%00%(upstream:track)%00%(upstream:remotename)%00%(upstream:remoteref) refs/heads/main refs/remotes/main [1ms]
2025-05-17 23:20:39.774 [info] > git for-each-ref --sort -committerdate --format %(refname)%00%(objectname)%00%(*objectname) [2ms]
2025-05-17 23:20:39.789 [info] > git status -z -uall [23ms]
2025-05-17 23:20:44.877 [info] > git config --get commit.template [7ms]
2025-05-17 23:20:44.878 [info] > git for-each-ref --format=%(refname)%00%(upstream:short)%00%(objectname)%00%(upstream:track)%00%(upstream:remotename)%00%(upstream:remoteref) refs/heads/main refs/remotes/main [1ms]
2025-05-17 23:20:44.895 [info] > git for-each-ref --sort -committerdate --format %(refname)%00%(objectname)%00%(*objectname) [2ms]
2025-05-17 23:20:44.907 [info] > git status -z -uall [21ms]
2025-05-17 23:20:50.020 [info] > git config --get commit.template [18ms]
2025-05-17 23:20:50.022 [info] > git for-each-ref --format=%(refname)%00%(upstream:short)%00%(objectname)%00%(upstream:track)%00%(upstream:remotename)%00%(upstream:remoteref) refs/heads/main refs/remotes/main [3ms]
2025-05-17 23:20:50.054 [info] > git for-each-ref --sort -committerdate --format %(refname)%00%(objectname)%00%(*objectname) [2ms]
2025-05-17 23:20:50.069 [info] > git status -z -uall [30ms]
2025-05-17 23:20:55.156 [info] > git config --get commit.template [8ms]
2025-05-17 23:20:55.156 [info] > git for-each-ref --format=%(refname)%00%(upstream:short)%00%(objectname)%00%(upstream:track)%00%(upstream:remotename)%00%(upstream:remoteref) refs/heads/main refs/remotes/main [1ms]
2025-05-17 23:20:55.171 [info] > git for-each-ref --sort -committerdate --format %(refname)%00%(objectname)%00%(*objectname) [1ms]
2025-05-17 23:20:55.182 [info] > git status -z -uall [19ms]
2025-05-17 23:21:00.772 [info] > git config --get commit.template [2ms]
2025-05-17 23:21:00.785 [info] > git for-each-ref --format=%(refname)%00%(upstream:short)%00%(objectname)%00%(upstream:track)%00%(upstream:remotename)%00%(upstream:remoteref) refs/heads/main refs/remotes/main [1ms]
2025-05-17 23:21:00.810 [info] > git for-each-ref --sort -committerdate --format %(refname)%00%(objectname)%00%(*objectname) [2ms]
2025-05-17 23:21:00.826 [info] > git status -z -uall [28ms]
2025-05-17 23:21:06.022 [info] > git config --get commit.template [19ms]
2025-05-17 23:21:06.023 [info] > git for-each-ref --format=%(refname)%00%(upstream:short)%00%(objectname)%00%(upstream:track)%00%(upstream:remotename)%00%(upstream:remoteref) refs/heads/main refs/remotes/main [3ms]
2025-05-17 23:21:06.056 [info] > git for-each-ref --sort -committerdate --format %(refname)%00%(objectname)%00%(*objectname) [2ms]
2025-05-17 23:21:06.067 [info] > git status -z -uall [23ms]
2025-05-17 23:21:11.155 [info] > git config --get commit.template [7ms]
2025-05-17 23:21:11.156 [info] > git for-each-ref --format=%(refname)%00%(upstream:short)%00%(objectname)%00%(upstream:track)%00%(upstream:remotename)%00%(upstream:remoteref) refs/heads/main refs/remotes/main [1ms]
2025-05-17 23:21:11.172 [info] > git for-each-ref --sort -committerdate --format %(refname)%00%(objectname)%00%(*objectname) [2ms]
2025-05-17 23:21:11.186 [info] > git status -z -uall [23ms]
2025-05-17 23:21:16.290 [info] > git config --get commit.template [16ms]
2025-05-17 23:21:16.290 [info] > git for-each-ref --format=%(refname)%00%(upstream:short)%00%(objectname)%00%(upstream:track)%00%(upstream:remotename)%00%(upstream:remoteref) refs/heads/main refs/remotes/main [1ms]
2025-05-17 23:21:16.304 [info] > git for-each-ref --sort -committerdate --format %(refname)%00%(objectname)%00%(*objectname) [1ms]
2025-05-17 23:21:16.315 [info] > git status -z -uall [18ms]
2025-05-17 23:21:21.427 [info] > git config --get commit.template [17ms]
2025-05-17 23:21:21.430 [info] > git for-each-ref --format=%(refname)%00%(upstream:short)%00%(objectname)%00%(upstream:track)%00%(upstream:remotename)%00%(upstream:remoteref) refs/heads/main refs/remotes/main [4ms]
2025-05-17 23:21:21.458 [info] > git for-each-ref --sort -committerdate --format %(refname)%00%(objectname)%00%(*objectname) [2ms]
2025-05-17 23:21:21.468 [info] > git status -z -uall [21ms]
2025-05-17 23:21:26.584 [info] > git config --get commit.template [22ms]
2025-05-17 23:21:26.586 [info] > git for-each-ref --format=%(refname)%00%(upstream:short)%00%(objectname)%00%(upstream:track)%00%(upstream:remotename)%00%(upstream:remoteref) refs/heads/main refs/remotes/main [4ms]
2025-05-17 23:21:26.614 [info] > git for-each-ref --sort -committerdate --format %(refname)%00%(objectname)%00%(*objectname) [6ms]
2025-05-17 23:21:26.624 [info] > git status -z -uall [22ms]
2025-05-17 23:21:31.784 [info] > git config --get commit.template [7ms]
2025-05-17 23:21:31.785 [info] > git for-each-ref --format=%(refname)%00%(upstream:short)%00%(objectname)%00%(upstream:track)%00%(upstream:remotename)%00%(upstream:remoteref) refs/heads/main refs/remotes/main [2ms]
2025-05-17 23:21:31.800 [info] > git for-each-ref --sort -committerdate --format %(refname)%00%(objectname)%00%(*objectname) [1ms]
2025-05-17 23:21:31.813 [info] > git status -z -uall [21ms]
2025-05-17 23:21:36.917 [info] > git config --get commit.template [10ms]
2025-05-17 23:21:36.918 [info] > git for-each-ref --format=%(refname)%00%(upstream:short)%00%(objectname)%00%(upstream:track)%00%(upstream:remotename)%00%(upstream:remoteref) refs/heads/main refs/remotes/main [1ms]
2025-05-17 23:21:36.933 [info] > git for-each-ref --sort -committerdate --format %(refname)%00%(objectname)%00%(*objectname) [2ms]
2025-05-17 23:21:36.945 [info] > git status -z -uall [20ms]
2025-05-17 23:21:42.052 [info] > git config --get commit.template [15ms]
2025-05-17 23:21:42.052 [info] > git for-each-ref --format=%(refname)%00%(upstream:short)%00%(objectname)%00%(upstream:track)%00%(upstream:remotename)%00%(upstream:remoteref) refs/heads/main refs/remotes/main [1ms]
2025-05-17 23:21:42.067 [info] > git for-each-ref --sort -committerdate --format %(refname)%00%(objectname)%00%(*objectname) [2ms]
2025-05-17 23:21:42.077 [info] > git status -z -uall [18ms]
2025-05-17 23:21:47.181 [info] > git config --get commit.template [10ms]
2025-05-17 23:21:47.182 [info] > git for-each-ref --format=%(refname)%00%(upstream:short)%00%(objectname)%00%(upstream:track)%00%(upstream:remotename)%00%(upstream:remoteref) refs/heads/main refs/remotes/main [2ms]
2025-05-17 23:21:47.196 [info] > git for-each-ref --sort -committerdate --format %(refname)%00%(objectname)%00%(*objectname) [2ms]
2025-05-17 23:21:47.207 [info] > git status -z -uall [19ms]
2025-05-17 23:21:52.320 [info] > git config --get commit.template [18ms]
2025-05-17 23:21:52.323 [info] > git for-each-ref --format=%(refname)%00%(upstream:short)%00%(objectname)%00%(upstream:track)%00%(upstream:remotename)%00%(upstream:remoteref) refs/heads/main refs/remotes/main [3ms]
2025-05-17 23:21:52.357 [info] > git for-each-ref --sort -committerdate --format %(refname)%00%(objectname)%00%(*objectname) [3ms]
2025-05-17 23:21:52.370 [info] > git status -z -uall [31ms]
2025-05-17 23:21:57.470 [info] > git config --get commit.template [9ms]
2025-05-17 23:21:57.470 [info] > git for-each-ref --format=%(refname)%00%(upstream:short)%00%(objectname)%00%(upstream:track)%00%(upstream:remotename)%00%(upstream:remoteref) refs/heads/main refs/remotes/main [1ms]
2025-05-17 23:21:57.488 [info] > git for-each-ref --sort -committerdate --format %(refname)%00%(objectname)%00%(*objectname) [3ms]
2025-05-17 23:21:57.498 [info] > git status -z -uall [20ms]
2025-05-17 23:22:02.597 [info] > git config --get commit.template [7ms]
2025-05-17 23:22:02.606 [info] > git for-each-ref --format=%(refname)%00%(upstream:short)%00%(objectname)%00%(upstream:track)%00%(upstream:remotename)%00%(upstream:remoteref) refs/heads/main refs/remotes/main [2ms]
2025-05-17 23:22:02.621 [info] > git for-each-ref --sort -committerdate --format %(refname)%00%(objectname)%00%(*objectname) [2ms]
2025-05-17 23:22:02.633 [info] > git status -z -uall [20ms]
2025-05-17 23:22:07.731 [info] > git config --get commit.template [8ms]
2025-05-17 23:22:07.732 [info] > git for-each-ref --format=%(refname)%00%(upstream:short)%00%(objectname)%00%(upstream:track)%00%(upstream:remotename)%00%(upstream:remoteref) refs/heads/main refs/remotes/main [2ms]
2025-05-17 23:22:07.749 [info] > git for-each-ref --sort -committerdate --format %(refname)%00%(objectname)%00%(*objectname) [2ms]
2025-05-17 23:22:07.761 [info] > git status -z -uall [21ms]
2025-05-17 23:22:12.848 [info] > git config --get commit.template [6ms]
2025-05-17 23:22:12.849 [info] > git for-each-ref --format=%(refname)%00%(upstream:short)%00%(objectname)%00%(upstream:track)%00%(upstream:remotename)%00%(upstream:remoteref) refs/heads/main refs/remotes/main [1ms]
2025-05-17 23:22:12.865 [info] > git for-each-ref --sort -committerdate --format %(refname)%00%(objectname)%00%(*objectname) [3ms]
2025-05-17 23:22:12.873 [info] > git status -z -uall [18ms]
2025-05-17 23:22:18.472 [info] > git config --get commit.template [3ms]
2025-05-17 23:22:18.492 [info] > git for-each-ref --format=%(refname)%00%(upstream:short)%00%(objectname)%00%(upstream:track)%00%(upstream:remotename)%00%(upstream:remoteref) refs/heads/main refs/remotes/main [3ms]
2025-05-17 23:22:18.528 [info] > git for-each-ref --sort -committerdate --format %(refname)%00%(objectname)%00%(*objectname) [4ms]
2025-05-17 23:22:18.561 [info] > git status -z -uall [52ms]
2025-05-17 23:22:23.662 [info] > git config --get commit.template [7ms]
2025-05-17 23:22:23.663 [info] > git for-each-ref --format=%(refname)%00%(upstream:short)%00%(objectname)%00%(upstream:track)%00%(upstream:remotename)%00%(upstream:remoteref) refs/heads/main refs/remotes/main [1ms]
2025-05-17 23:22:23.678 [info] > git for-each-ref --sort -committerdate --format %(refname)%00%(objectname)%00%(*objectname) [1ms]
2025-05-17 23:22:23.694 [info] > git status -z -uall [24ms]
2025-05-17 23:22:28.778 [info] > git config --get commit.template [7ms]
2025-05-17 23:22:28.779 [info] > git for-each-ref --format=%(refname)%00%(upstream:short)%00%(objectname)%00%(upstream:track)%00%(upstream:remotename)%00%(upstream:remoteref) refs/heads/main refs/remotes/main [1ms]
2025-05-17 23:22:28.794 [info] > git for-each-ref --sort -committerdate --format %(refname)%00%(objectname)%00%(*objectname) [2ms]
2025-05-17 23:22:28.804 [info] > git status -z -uall [19ms]
2025-05-17 23:22:33.896 [info] > git config --get commit.template [8ms]
2025-05-17 23:22:33.897 [info] > git for-each-ref --format=%(refname)%00%(upstream:short)%00%(objectname)%00%(upstream:track)%00%(upstream:remotename)%00%(upstream:remoteref) refs/heads/main refs/remotes/main [2ms]
2025-05-17 23:22:33.913 [info] > git for-each-ref --sort -committerdate --format %(refname)%00%(objectname)%00%(*objectname) [2ms]
2025-05-17 23:22:33.926 [info] > git status -z -uall [21ms]
2025-05-17 23:22:39.028 [info] > git config --get commit.template [9ms]
2025-05-17 23:22:39.029 [info] > git for-each-ref --format=%(refname)%00%(upstream:short)%00%(objectname)%00%(upstream:track)%00%(upstream:remotename)%00%(upstream:remoteref) refs/heads/main refs/remotes/main [1ms]
2025-05-17 23:22:39.048 [info] > git for-each-ref --sort -committerdate --format %(refname)%00%(objectname)%00%(*objectname) [2ms]
2025-05-17 23:22:39.059 [info] > git status -z -uall [20ms]
2025-05-17 23:22:44.157 [info] > git config --get commit.template [6ms]
2025-05-17 23:22:44.157 [info] > git for-each-ref --format=%(refname)%00%(upstream:short)%00%(objectname)%00%(upstream:track)%00%(upstream:remotename)%00%(upstream:remoteref) refs/heads/main refs/remotes/main [1ms]
2025-05-17 23:22:44.169 [info] > git for-each-ref --sort -committerdate --format %(refname)%00%(objectname)%00%(*objectname) [1ms]
2025-05-17 23:22:44.180 [info] > git status -z -uall [17ms]
2025-05-17 23:22:50.804 [info] > git config --get commit.template [13ms]
2025-05-17 23:22:50.805 [info] > git for-each-ref --format=%(refname)%00%(upstream:short)%00%(objectname)%00%(upstream:track)%00%(upstream:remotename)%00%(upstream:remoteref) refs/heads/main refs/remotes/main [2ms]
2025-05-17 23:22:50.822 [info] > git for-each-ref --sort -committerdate --format %(refname)%00%(objectname)%00%(*objectname) [2ms]
2025-05-17 23:22:50.833 [info] > git status -z -uall [20ms]
2025-05-17 23:22:55.933 [info] > git config --get commit.template [8ms]
2025-05-17 23:22:55.934 [info] > git for-each-ref --format=%(refname)%00%(upstream:short)%00%(objectname)%00%(upstream:track)%00%(upstream:remotename)%00%(upstream:remoteref) refs/heads/main refs/remotes/main [2ms]
2025-05-17 23:22:55.950 [info] > git for-each-ref --sort -committerdate --format %(refname)%00%(objectname)%00%(*objectname) [1ms]
2025-05-17 23:22:55.963 [info] > git status -z -uall [21ms]
2025-05-17 23:23:01.042 [info] > git config --get commit.template [1ms]
2025-05-17 23:23:01.050 [info] > git for-each-ref --format=%(refname)%00%(upstream:short)%00%(objectname)%00%(upstream:track)%00%(upstream:remotename)%00%(upstream:remoteref) refs/heads/main refs/remotes/main [1ms]
2025-05-17 23:23:01.066 [info] > git for-each-ref --sort -committerdate --format %(refname)%00%(objectname)%00%(*objectname) [2ms]
2025-05-17 23:23:01.076 [info] > git status -z -uall [18ms]
2025-05-17 23:23:06.176 [info] > git config --get commit.template [7ms]
2025-05-17 23:23:06.177 [info] > git for-each-ref --format=%(refname)%00%(upstream:short)%00%(objectname)%00%(upstream:track)%00%(upstream:remotename)%00%(upstream:remoteref) refs/heads/main refs/remotes/main [1ms]
2025-05-17 23:23:06.192 [info] > git for-each-ref --sort -committerdate --format %(refname)%00%(objectname)%00%(*objectname) [2ms]
2025-05-17 23:23:06.204 [info] > git status -z -uall [20ms]
2025-05-17 23:23:11.289 [info] > git config --get commit.template [7ms]
2025-05-17 23:23:11.298 [info] > git for-each-ref --format=%(refname)%00%(upstream:short)%00%(objectname)%00%(upstream:track)%00%(upstream:remotename)%00%(upstream:remoteref) refs/heads/main refs/remotes/main [2ms]
2025-05-17 23:23:11.315 [info] > git for-each-ref --sort -committerdate --format %(refname)%00%(objectname)%00%(*objectname) [2ms]
2025-05-17 23:23:11.328 [info] > git status -z -uall [22ms]
2025-05-17 23:23:16.958 [info] > git config --get commit.template [2ms]
2025-05-17 23:23:16.968 [info] > git for-each-ref --format=%(refname)%00%(upstream:short)%00%(objectname)%00%(upstream:track)%00%(upstream:remotename)%00%(upstream:remoteref) refs/heads/main refs/remotes/main [2ms]
2025-05-17 23:23:16.984 [info] > git for-each-ref --sort -committerdate --format %(refname)%00%(objectname)%00%(*objectname) [1ms]
2025-05-17 23:23:16.997 [info] > git status -z -uall [21ms]
2025-05-17 23:23:22.090 [info] > git config --get commit.template [7ms]
2025-05-17 23:23:22.091 [info] > git for-each-ref --format=%(refname)%00%(upstream:short)%00%(objectname)%00%(upstream:track)%00%(upstream:remotename)%00%(upstream:remoteref) refs/heads/main refs/remotes/main [2ms]
2025-05-17 23:23:22.106 [info] > git for-each-ref --sort -committerdate --format %(refname)%00%(objectname)%00%(*objectname) [2ms]
2025-05-17 23:23:22.119 [info] > git status -z -uall [21ms]
2025-05-17 23:23:27.219 [info] > git config --get commit.template [8ms]
2025-05-17 23:23:27.219 [info] > git for-each-ref --format=%(refname)%00%(upstream:short)%00%(objectname)%00%(upstream:track)%00%(upstream:remotename)%00%(upstream:remoteref) refs/heads/main refs/remotes/main [1ms]
2025-05-17 23:23:27.237 [info] > git for-each-ref --sort -committerdate --format %(refname)%00%(objectname)%00%(*objectname) [2ms]
2025-05-17 23:23:27.251 [info] > git status -z -uall [24ms]
2025-05-17 23:23:32.358 [info] > git config --get commit.template [10ms]
2025-05-17 23:23:32.359 [info] > git for-each-ref --format=%(refname)%00%(upstream:short)%00%(objectname)%00%(upstream:track)%00%(upstream:remotename)%00%(upstream:remoteref) refs/heads/main refs/remotes/main [1ms]
2025-05-17 23:23:32.374 [info] > git for-each-ref --sort -committerdate --format %(refname)%00%(objectname)%00%(*objectname) [2ms]
2025-05-17 23:23:32.387 [info] > git status -z -uall [21ms]
2025-05-17 23:23:37.478 [info] > git config --get commit.template [8ms]
2025-05-17 23:23:37.478 [info] > git for-each-ref --format=%(refname)%00%(upstream:short)%00%(objectname)%00%(upstream:track)%00%(upstream:remotename)%00%(upstream:remoteref) refs/heads/main refs/remotes/main [1ms]
2025-05-17 23:23:37.496 [info] > git for-each-ref --sort -committerdate --format %(refname)%00%(objectname)%00%(*objectname) [3ms]
2025-05-17 23:23:37.505 [info] > git status -z -uall [20ms]
2025-05-17 23:23:42.611 [info] > git config --get commit.template [10ms]
2025-05-17 23:23:42.612 [info] > git for-each-ref --format=%(refname)%00%(upstream:short)%00%(objectname)%00%(upstream:track)%00%(upstream:remotename)%00%(upstream:remoteref) refs/heads/main refs/remotes/main [1ms]
2025-05-17 23:23:42.626 [info] > git for-each-ref --sort -committerdate --format %(refname)%00%(objectname)%00%(*objectname) [2ms]
2025-05-17 23:23:42.637 [info] > git status -z -uall [19ms]
2025-05-17 23:23:47.723 [info] > git config --get commit.template [7ms]
2025-05-17 23:23:47.723 [info] > git for-each-ref --format=%(refname)%00%(upstream:short)%00%(objectname)%00%(upstream:track)%00%(upstream:remotename)%00%(upstream:remoteref) refs/heads/main refs/remotes/main [1ms]
2025-05-17 23:23:47.737 [info] > git for-each-ref --sort -committerdate --format %(refname)%00%(objectname)%00%(*objectname) [1ms]
2025-05-17 23:23:47.753 [info] > git status -z -uall [23ms]
2025-05-17 23:23:53.362 [info] > git config --get commit.template [8ms]
2025-05-17 23:23:53.363 [info] > git for-each-ref --format=%(refname)%00%(upstream:short)%00%(objectname)%00%(upstream:track)%00%(upstream:remotename)%00%(upstream:remoteref) refs/heads/main refs/remotes/main [1ms]
2025-05-17 23:23:53.380 [info] > git for-each-ref --sort -committerdate --format %(refname)%00%(objectname)%00%(*objectname) [1ms]
2025-05-17 23:23:53.397 [info] > git status -z -uall [26ms]
2025-05-17 23:23:58.510 [info] > git config --get commit.template [17ms]
2025-05-17 23:23:58.511 [info] > git for-each-ref --format=%(refname)%00%(upstream:short)%00%(objectname)%00%(upstream:track)%00%(upstream:remotename)%00%(upstream:remoteref) refs/heads/main refs/remotes/main [3ms]
2025-05-17 23:23:58.524 [info] > git for-each-ref --sort -committerdate --format %(refname)%00%(objectname)%00%(*objectname) [1ms]
2025-05-17 23:23:58.539 [info] > git status -z -uall [22ms]
2025-05-17 23:24:03.632 [info] > git config --get commit.template [7ms]
2025-05-17 23:24:03.633 [info] > git for-each-ref --format=%(refname)%00%(upstream:short)%00%(objectname)%00%(upstream:track)%00%(upstream:remotename)%00%(upstream:remoteref) refs/heads/main refs/remotes/main [2ms]
2025-05-17 23:24:03.657 [info] > git for-each-ref --sort -committerdate --format %(refname)%00%(objectname)%00%(*objectname) [10ms]
2025-05-17 23:24:03.661 [info] > git status -z -uall [21ms]
2025-05-17 23:24:08.778 [info] > git config --get commit.template [18ms]
2025-05-17 23:24:08.780 [info] > git for-each-ref --format=%(refname)%00%(upstream:short)%00%(objectname)%00%(upstream:track)%00%(upstream:remotename)%00%(upstream:remoteref) refs/heads/main refs/remotes/main [4ms]
2025-05-17 23:24:08.816 [info] > git for-each-ref --sort -committerdate --format %(refname)%00%(objectname)%00%(*objectname) [3ms]
2025-05-17 23:24:08.842 [info] > git status -z -uall [45ms]
2025-05-17 23:24:13.946 [info] > git config --get commit.template [8ms]
2025-05-17 23:24:13.947 [info] > git for-each-ref --format=%(refname)%00%(upstream:short)%00%(objectname)%00%(upstream:track)%00%(upstream:remotename)%00%(upstream:remoteref) refs/heads/main refs/remotes/main [1ms]
2025-05-17 23:24:13.961 [info] > git for-each-ref --sort -committerdate --format %(refname)%00%(objectname)%00%(*objectname) [1ms]
2025-05-17 23:24:13.972 [info] > git status -z -uall [18ms]
2025-05-17 23:24:19.083 [info] > git config --get commit.template [19ms]
2025-05-17 23:24:19.083 [info] > git for-each-ref --format=%(refname)%00%(upstream:short)%00%(objectname)%00%(upstream:track)%00%(upstream:remotename)%00%(upstream:remoteref) refs/heads/main refs/remotes/main [2ms]
2025-05-17 23:24:19.096 [info] > git for-each-ref --sort -committerdate --format %(refname)%00%(objectname)%00%(*objectname) [2ms]
2025-05-17 23:24:19.108 [info] > git status -z -uall [19ms]
2025-05-17 23:24:25.712 [info] > git config --get commit.template [3ms]
2025-05-17 23:24:25.731 [info] > git for-each-ref --format=%(refname)%00%(upstream:short)%00%(objectname)%00%(upstream:track)%00%(upstream:remotename)%00%(upstream:remoteref) refs/heads/main refs/remotes/main [4ms]
2025-05-17 23:24:25.757 [info] > git for-each-ref --sort -committerdate --format %(refname)%00%(objectname)%00%(*objectname) [1ms]
2025-05-17 23:24:25.769 [info] > git status -z -uall [22ms]
2025-05-17 23:24:30.872 [info] > git config --get commit.template [3ms]
2025-05-17 23:24:30.880 [info] > git for-each-ref --format=%(refname)%00%(upstream:short)%00%(objectname)%00%(upstream:track)%00%(upstream:remotename)%00%(upstream:remoteref) refs/heads/main refs/remotes/main [2ms]
2025-05-17 23:24:30.898 [info] > git for-each-ref --sort -committerdate --format %(refname)%00%(objectname)%00%(*objectname) [2ms]
2025-05-17 23:24:30.914 [info] > git status -z -uall [24ms]
2025-05-17 23:24:36.091 [info] > git config --get commit.template [18ms]
2025-05-17 23:24:36.093 [info] > git for-each-ref --format=%(refname)%00%(upstream:short)%00%(objectname)%00%(upstream:track)%00%(upstream:remotename)%00%(upstream:remoteref) refs/heads/main refs/remotes/main [3ms]
2025-05-17 23:24:36.129 [info] > git for-each-ref --sort -committerdate --format %(refname)%00%(objectname)%00%(*objectname) [5ms]
2025-05-17 23:24:36.142 [info] > git status -z -uall [32ms]
2025-05-17 23:24:41.224 [info] > git config --get commit.template [6ms]
2025-05-17 23:24:41.225 [info] > git for-each-ref --format=%(refname)%00%(upstream:short)%00%(objectname)%00%(upstream:track)%00%(upstream:remotename)%00%(upstream:remoteref) refs/heads/main refs/remotes/main [1ms]
2025-05-17 23:24:41.237 [info] > git for-each-ref --sort -committerdate --format %(refname)%00%(objectname)%00%(*objectname) [2ms]
2025-05-17 23:24:41.248 [info] > git status -z -uall [18ms]
2025-05-17 23:24:46.337 [info] > git config --get commit.template [8ms]
2025-05-17 23:24:46.338 [info] > git for-each-ref --format=%(refname)%00%(upstream:short)%00%(objectname)%00%(upstream:track)%00%(upstream:remotename)%00%(upstream:remoteref) refs/heads/main refs/remotes/main [1ms]
2025-05-17 23:24:46.354 [info] > git for-each-ref --sort -committerdate --format %(refname)%00%(objectname)%00%(*objectname) [2ms]
2025-05-17 23:24:46.371 [info] > git status -z -uall [25ms]
2025-05-17 23:24:51.543 [info] > git config --get commit.template [12ms]
2025-05-17 23:24:51.543 [info] > git for-each-ref --format=%(refname)%00%(upstream:short)%00%(objectname)%00%(upstream:track)%00%(upstream:remotename)%00%(upstream:remoteref) refs/heads/main refs/remotes/main [1ms]
2025-05-17 23:24:51.557 [info] > git for-each-ref --sort -committerdate --format %(refname)%00%(objectname)%00%(*objectname) [2ms]
2025-05-17 23:24:51.568 [info] > git status -z -uall [18ms]
2025-05-17 23:24:56.663 [info] > git config --get commit.template [6ms]
2025-05-17 23:24:56.670 [info] > git for-each-ref --format=%(refname)%00%(upstream:short)%00%(objectname)%00%(upstream:track)%00%(upstream:remotename)%00%(upstream:remoteref) refs/heads/main refs/remotes/main [1ms]
2025-05-17 23:24:56.684 [info] > git for-each-ref --sort -committerdate --format %(refname)%00%(objectname)%00%(*objectname) [1ms]
2025-05-17 23:24:56.696 [info] > git status -z -uall [19ms]
2025-05-17 23:25:01.796 [info] > git config --get commit.template [10ms]
2025-05-17 23:25:01.796 [info] > git for-each-ref --format=%(refname)%00%(upstream:short)%00%(objectname)%00%(upstream:track)%00%(upstream:remotename)%00%(upstream:remoteref) refs/heads/main refs/remotes/main [1ms]
2025-05-17 23:25:01.813 [info] > git for-each-ref --sort -committerdate --format %(refname)%00%(objectname)%00%(*objectname) [2ms]
2025-05-17 23:25:01.824 [info] > git status -z -uall [20ms]
2025-05-17 23:25:06.927 [info] > git config --get commit.template [11ms]
2025-05-17 23:25:06.928 [info] > git for-each-ref --format=%(refname)%00%(upstream:short)%00%(objectname)%00%(upstream:track)%00%(upstream:remotename)%00%(upstream:remoteref) refs/heads/main refs/remotes/main [1ms]
2025-05-17 23:25:06.944 [info] > git for-each-ref --sort -committerdate --format %(refname)%00%(objectname)%00%(*objectname) [2ms]
2025-05-17 23:25:06.955 [info] > git status -z -uall [19ms]
2025-05-17 23:25:12.061 [info] > git config --get commit.template [17ms]
2025-05-17 23:25:12.076 [info] > git for-each-ref --format=%(refname)%00%(upstream:short)%00%(objectname)%00%(upstream:track)%00%(upstream:remotename)%00%(upstream:remoteref) refs/heads/main refs/remotes/main [16ms]
2025-05-17 23:25:12.110 [info] > git for-each-ref --sort -committerdate --format %(refname)%00%(objectname)%00%(*objectname) [3ms]
2025-05-17 23:25:12.125 [info] > git status -z -uall [30ms]
2025-05-17 23:25:17.308 [info] > git config --get commit.template [17ms]
2025-05-17 23:25:17.309 [info] > git for-each-ref --format=%(refname)%00%(upstream:short)%00%(objectname)%00%(upstream:track)%00%(upstream:remotename)%00%(upstream:remoteref) refs/heads/main refs/remotes/main [3ms]
2025-05-17 23:25:17.343 [info] > git for-each-ref --sort -committerdate --format %(refname)%00%(objectname)%00%(*objectname) [3ms]
2025-05-17 23:25:17.355 [info] > git status -z -uall [30ms]
2025-05-17 23:25:22.466 [info] > git config --get commit.template [18ms]
2025-05-17 23:25:22.474 [info] > git for-each-ref --format=%(refname)%00%(upstream:short)%00%(objectname)%00%(upstream:track)%00%(upstream:remotename)%00%(upstream:remoteref) refs/heads/main refs/remotes/main [10ms]
2025-05-17 23:25:22.505 [info] > git for-each-ref --sort -committerdate --format %(refname)%00%(objectname)%00%(*objectname) [3ms]
2025-05-17 23:25:22.528 [info] > git status -z -uall [39ms]
2025-05-17 23:25:27.623 [info] > git config --get commit.template [9ms]
2025-05-17 23:25:27.623 [info] > git for-each-ref --format=%(refname)%00%(upstream:short)%00%(objectname)%00%(upstream:track)%00%(upstream:remotename)%00%(upstream:remoteref) refs/heads/main refs/remotes/main [1ms]
2025-05-17 23:25:27.639 [info] > git for-each-ref --sort -committerdate --format %(refname)%00%(objectname)%00%(*objectname) [1ms]
2025-05-17 23:25:27.651 [info] > git status -z -uall [20ms]
2025-05-17 23:25:32.753 [info] > git config --get commit.template [10ms]
2025-05-17 23:25:32.754 [info] > git for-each-ref --format=%(refname)%00%(upstream:short)%00%(objectname)%00%(upstream:track)%00%(upstream:remotename)%00%(upstream:remoteref) refs/heads/main refs/remotes/main [2ms]
2025-05-17 23:25:32.768 [info] > git for-each-ref --sort -committerdate --format %(refname)%00%(objectname)%00%(*objectname) [1ms]
2025-05-17 23:25:32.780 [info] > git status -z -uall [20ms]
2025-05-17 23:25:37.865 [info] > git config --get commit.template [7ms]
2025-05-17 23:25:37.865 [info] > git for-each-ref --format=%(refname)%00%(upstream:short)%00%(objectname)%00%(upstream:track)%00%(upstream:remotename)%00%(upstream:remoteref) refs/heads/main refs/remotes/main [1ms]
2025-05-17 23:25:37.878 [info] > git for-each-ref --sort -committerdate --format %(refname)%00%(objectname)%00%(*objectname) [1ms]
2025-05-17 23:25:37.891 [info] > git status -z -uall [20ms]
2025-05-17 23:25:42.978 [info] > git config --get commit.template [7ms]
2025-05-17 23:25:42.978 [info] > git for-each-ref --format=%(refname)%00%(upstream:short)%00%(objectname)%00%(upstream:track)%00%(upstream:remotename)%00%(upstream:remoteref) refs/heads/main refs/remotes/main [1ms]
2025-05-17 23:25:42.991 [info] > git for-each-ref --sort -committerdate --format %(refname)%00%(objectname)%00%(*objectname) [1ms]
2025-05-17 23:25:43.002 [info] > git status -z -uall [18ms]
2025-05-17 23:25:48.091 [info] > git config --get commit.template [8ms]
2025-05-17 23:25:48.092 [info] > git for-each-ref --format=%(refname)%00%(upstream:short)%00%(objectname)%00%(upstream:track)%00%(upstream:remotename)%00%(upstream:remoteref) refs/heads/main refs/remotes/main [1ms]
2025-05-17 23:25:48.111 [info] > git for-each-ref --sort -committerdate --format %(refname)%00%(objectname)%00%(*objectname) [6ms]
2025-05-17 23:25:48.121 [info] > git status -z -uall [23ms]
2025-05-17 23:25:53.274 [info] > git config --get commit.template [7ms]
2025-05-17 23:25:53.274 [info] > git for-each-ref --format=%(refname)%00%(upstream:short)%00%(objectname)%00%(upstream:track)%00%(upstream:remotename)%00%(upstream:remoteref) refs/heads/main refs/remotes/main [1ms]
2025-05-17 23:25:53.288 [info] > git for-each-ref --sort -committerdate --format %(refname)%00%(objectname)%00%(*objectname) [2ms]
2025-05-17 23:25:53.299 [info] > git status -z -uall [19ms]
2025-05-17 23:25:58.385 [info] > git config --get commit.template [6ms]
2025-05-17 23:25:58.386 [info] > git for-each-ref --format=%(refname)%00%(upstream:short)%00%(objectname)%00%(upstream:track)%00%(upstream:remotename)%00%(upstream:remoteref) refs/heads/main refs/remotes/main [1ms]
2025-05-17 23:25:58.401 [info] > git for-each-ref --sort -committerdate --format %(refname)%00%(objectname)%00%(*objectname) [2ms]
2025-05-17 23:25:58.412 [info] > git status -z -uall [19ms]
2025-05-17 23:26:03.516 [info] > git config --get commit.template [17ms]
2025-05-17 23:26:03.518 [info] > git for-each-ref --format=%(refname)%00%(upstream:short)%00%(objectname)%00%(upstream:track)%00%(upstream:remotename)%00%(upstream:remoteref) refs/heads/main refs/remotes/main [3ms]
2025-05-17 23:26:03.553 [info] > git for-each-ref --sort -committerdate --format %(refname)%00%(objectname)%00%(*objectname) [3ms]
2025-05-17 23:26:03.578 [info] > git status -z -uall [44ms]
2025-05-17 23:26:08.678 [info] > git config --get commit.template [7ms]
2025-05-17 23:26:08.679 [info] > git for-each-ref --format=%(refname)%00%(upstream:short)%00%(objectname)%00%(upstream:track)%00%(upstream:remotename)%00%(upstream:remoteref) refs/heads/main refs/remotes/main [2ms]
2025-05-17 23:26:08.692 [info] > git for-each-ref --sort -committerdate --format %(refname)%00%(objectname)%00%(*objectname) [1ms]
2025-05-17 23:26:08.702 [info] > git status -z -uall [17ms]
2025-05-17 23:26:14.282 [info] > git config --get commit.template [1ms]
2025-05-17 23:26:14.290 [info] > git for-each-ref --format=%(refname)%00%(upstream:short)%00%(objectname)%00%(upstream:track)%00%(upstream:remotename)%00%(upstream:remoteref) refs/heads/main refs/remotes/main [2ms]
2025-05-17 23:26:14.305 [info] > git for-each-ref --sort -committerdate --format %(refname)%00%(objectname)%00%(*objectname) [2ms]
2025-05-17 23:26:14.316 [info] > git status -z -uall [19ms]
2025-05-17 23:26:19.428 [info] > git config --get commit.template [19ms]
2025-05-17 23:26:19.431 [info] > git for-each-ref --format=%(refname)%00%(upstream:short)%00%(objectname)%00%(upstream:track)%00%(upstream:remotename)%00%(upstream:remoteref) refs/heads/main refs/remotes/main [4ms]
2025-05-17 23:26:19.446 [info] > git for-each-ref --sort -committerdate --format %(refname)%00%(objectname)%00%(*objectname) [2ms]
2025-05-17 23:26:19.457 [info] > git status -z -uall [19ms]
2025-05-17 23:26:24.542 [info] > git config --get commit.template [7ms]
2025-05-17 23:26:24.542 [info] > git for-each-ref --format=%(refname)%00%(upstream:short)%00%(objectname)%00%(upstream:track)%00%(upstream:remotename)%00%(upstream:remoteref) refs/heads/main refs/remotes/main [1ms]
2025-05-17 23:26:24.555 [info] > git for-each-ref --sort -committerdate --format %(refname)%00%(objectname)%00%(*objectname) [2ms]
2025-05-17 23:26:24.566 [info] > git status -z -uall [18ms]
2025-05-17 23:26:29.676 [info] > git config --get commit.template [19ms]
2025-05-17 23:26:29.678 [info] > git for-each-ref --format=%(refname)%00%(upstream:short)%00%(objectname)%00%(upstream:track)%00%(upstream:remotename)%00%(upstream:remoteref) refs/heads/main refs/remotes/main [3ms]
2025-05-17 23:26:29.713 [info] > git for-each-ref --sort -committerdate --format %(refname)%00%(objectname)%00%(*objectname) [3ms]
2025-05-17 23:26:29.732 [info] > git status -z -uall [37ms]
2025-05-17 23:26:34.827 [info] > git config --get commit.template [6ms]
2025-05-17 23:26:34.828 [info] > git for-each-ref --format=%(refname)%00%(upstream:short)%00%(objectname)%00%(upstream:track)%00%(upstream:remotename)%00%(upstream:remoteref) refs/heads/main refs/remotes/main [1ms]
2025-05-17 23:26:34.843 [info] > git for-each-ref --sort -committerdate --format %(refname)%00%(objectname)%00%(*objectname) [4ms]
2025-05-17 23:26:34.856 [info] > git status -z -uall [23ms]
2025-05-17 23:26:39.960 [info] > git config --get commit.template [10ms]
2025-05-17 23:26:39.961 [info] > git for-each-ref --format=%(refname)%00%(upstream:short)%00%(objectname)%00%(upstream:track)%00%(upstream:remotename)%00%(upstream:remoteref) refs/heads/main refs/remotes/main [2ms]
2025-05-17 23:26:39.977 [info] > git for-each-ref --sort -committerdate --format %(refname)%00%(objectname)%00%(*objectname) [2ms]
2025-05-17 23:26:39.989 [info] > git status -z -uall [20ms]
2025-05-17 23:26:45.104 [info] > git config --get commit.template [16ms]
2025-05-17 23:26:45.106 [info] > git for-each-ref --format=%(refname)%00%(upstream:short)%00%(objectname)%00%(upstream:track)%00%(upstream:remotename)%00%(upstream:remoteref) refs/heads/main refs/remotes/main [3ms]
2025-05-17 23:26:45.143 [info] > git for-each-ref --sort -committerdate --format %(refname)%00%(objectname)%00%(*objectname) [4ms]
2025-05-17 23:26:45.183 [info] > git status -z -uall [60ms]
2025-05-17 23:26:50.354 [info] > git config --get commit.template [6ms]
2025-05-17 23:26:50.355 [info] > git for-each-ref --format=%(refname)%00%(upstream:short)%00%(objectname)%00%(upstream:track)%00%(upstream:remotename)%00%(upstream:remoteref) refs/heads/main refs/remotes/main [1ms]
2025-05-17 23:26:50.370 [info] > git for-each-ref --sort -committerdate --format %(refname)%00%(objectname)%00%(*objectname) [1ms]
2025-05-17 23:26:50.383 [info] > git status -z -uall [21ms]
2025-05-17 23:26:55.489 [info] > git config --get commit.template [20ms]
2025-05-17 23:26:55.492 [info] > git for-each-ref --format=%(refname)%00%(upstream:short)%00%(objectname)%00%(upstream:track)%00%(upstream:remotename)%00%(upstream:remoteref) refs/heads/main refs/remotes/main [5ms]
2025-05-17 23:26:55.526 [info] > git for-each-ref --sort -committerdate --format %(refname)%00%(objectname)%00%(*objectname) [3ms]
2025-05-17 23:26:55.550 [info] > git status -z -uall [41ms]
2025-05-17 23:27:00.657 [info] > git config --get commit.template [6ms]
2025-05-17 23:27:00.658 [info] > git for-each-ref --format=%(refname)%00%(upstream:short)%00%(objectname)%00%(upstream:track)%00%(upstream:remotename)%00%(upstream:remoteref) refs/heads/main refs/remotes/main [1ms]
2025-05-17 23:27:00.671 [info] > git for-each-ref --sort -committerdate --format %(refname)%00%(objectname)%00%(*objectname) [1ms]
2025-05-17 23:27:00.682 [info] > git status -z -uall [18ms]
2025-05-17 23:27:05.764 [info] > git config --get commit.template [6ms]
2025-05-17 23:27:05.769 [info] > git for-each-ref --format=%(refname)%00%(upstream:short)%00%(objectname)%00%(upstream:track)%00%(upstream:remotename)%00%(upstream:remoteref) refs/heads/main refs/remotes/main [0ms]
2025-05-17 23:27:05.781 [info] > git for-each-ref --sort -committerdate --format %(refname)%00%(objectname)%00%(*objectname) [1ms]
2025-05-17 23:27:05.792 [info] > git status -z -uall [17ms]
2025-05-17 23:27:10.901 [info] > git config --get commit.template [18ms]
2025-05-17 23:27:10.904 [info] > git for-each-ref --format=%(refname)%00%(upstream:short)%00%(objectname)%00%(upstream:track)%00%(upstream:remotename)%00%(upstream:remoteref) refs/heads/main refs/remotes/main [4ms]
2025-05-17 23:27:10.932 [info] > git for-each-ref --sort -committerdate --format %(refname)%00%(objectname)%00%(*objectname) [2ms]
2025-05-17 23:27:10.948 [info] > git status -z -uall [27ms]
2025-05-17 23:27:16.565 [info] > git config --get commit.template [2ms]
2025-05-17 23:27:16.573 [info] > git for-each-ref --format=%(refname)%00%(upstream:short)%00%(objectname)%00%(upstream:track)%00%(upstream:remotename)%00%(upstream:remoteref) refs/heads/main refs/remotes/main [1ms]
2025-05-17 23:27:16.587 [info] > git for-each-ref --sort -committerdate --format %(refname)%00%(objectname)%00%(*objectname) [1ms]
2025-05-17 23:27:16.599 [info] > git status -z -uall [19ms]
2025-05-17 23:27:21.709 [info] > git config --get commit.template [16ms]
2025-05-17 23:27:21.710 [info] > git for-each-ref --format=%(refname)%00%(upstream:short)%00%(objectname)%00%(upstream:track)%00%(upstream:remotename)%00%(upstream:remoteref) refs/heads/main refs/remotes/main [2ms]
2025-05-17 23:27:21.725 [info] > git for-each-ref --sort -committerdate --format %(refname)%00%(objectname)%00%(*objectname) [2ms]
2025-05-17 23:27:21.736 [info] > git status -z -uall [19ms]
2025-05-17 23:27:26.826 [info] > git config --get commit.template [7ms]
2025-05-17 23:27:26.826 [info] > git for-each-ref --format=%(refname)%00%(upstream:short)%00%(objectname)%00%(upstream:track)%00%(upstream:remotename)%00%(upstream:remoteref) refs/heads/main refs/remotes/main [1ms]
2025-05-17 23:27:26.843 [info] > git for-each-ref --sort -committerdate --format %(refname)%00%(objectname)%00%(*objectname) [2ms]
2025-05-17 23:27:26.855 [info] > git status -z -uall [21ms]
2025-05-17 23:27:31.954 [info] > git config --get commit.template [8ms]
2025-05-17 23:27:31.955 [info] > git for-each-ref --format=%(refname)%00%(upstream:short)%00%(objectname)%00%(upstream:track)%00%(upstream:remotename)%00%(upstream:remoteref) refs/heads/main refs/remotes/main [1ms]
2025-05-17 23:27:31.970 [info] > git for-each-ref --sort -committerdate --format %(refname)%00%(objectname)%00%(*objectname) [1ms]
2025-05-17 23:27:31.984 [info] > git status -z -uall [22ms]
2025-05-17 23:27:37.103 [info] > git config --get commit.template [16ms]
2025-05-17 23:27:37.104 [info] > git for-each-ref --format=%(refname)%00%(upstream:short)%00%(objectname)%00%(upstream:track)%00%(upstream:remotename)%00%(upstream:remoteref) refs/heads/main refs/remotes/main [2ms]
2025-05-17 23:27:37.124 [info] > git for-each-ref --sort -committerdate --format %(refname)%00%(objectname)%00%(*objectname) [2ms]
2025-05-17 23:27:37.136 [info] > git status -z -uall [22ms]
2025-05-17 23:27:42.250 [info] > git config --get commit.template [16ms]
2025-05-17 23:27:42.252 [info] > git for-each-ref --format=%(refname)%00%(upstream:short)%00%(objectname)%00%(upstream:track)%00%(upstream:remotename)%00%(upstream:remoteref) refs/heads/main refs/remotes/main [4ms]
2025-05-17 23:27:42.282 [info] > git for-each-ref --sort -committerdate --format %(refname)%00%(objectname)%00%(*objectname) [1ms]
2025-05-17 23:27:42.293 [info] > git status -z -uall [24ms]
2025-05-17 23:27:47.376 [info] > git config --get commit.template [6ms]
2025-05-17 23:27:47.377 [info] > git for-each-ref --format=%(refname)%00%(upstream:short)%00%(objectname)%00%(upstream:track)%00%(upstream:remotename)%00%(upstream:remoteref) refs/heads/main refs/remotes/main [1ms]
2025-05-17 23:27:47.390 [info] > git for-each-ref --sort -committerdate --format %(refname)%00%(objectname)%00%(*objectname) [2ms]
2025-05-17 23:27:47.400 [info] > git status -z -uall [17ms]
2025-05-17 23:27:52.986 [info] > git config --get commit.template [2ms]
2025-05-17 23:27:52.996 [info] > git for-each-ref --format=%(refname)%00%(upstream:short)%00%(objectname)%00%(upstream:track)%00%(upstream:remotename)%00%(upstream:remoteref) refs/heads/main refs/remotes/main [1ms]
2025-05-17 23:27:53.013 [info] > git for-each-ref --sort -committerdate --format %(refname)%00%(objectname)%00%(*objectname) [2ms]
2025-05-17 23:27:53.024 [info] > git status -z -uall [20ms]
2025-05-17 23:27:58.140 [info] > git config --get commit.template [9ms]
2025-05-17 23:27:58.141 [info] > git for-each-ref --format=%(refname)%00%(upstream:short)%00%(objectname)%00%(upstream:track)%00%(upstream:remotename)%00%(upstream:remoteref) refs/heads/main refs/remotes/main [2ms]
2025-05-17 23:27:58.158 [info] > git for-each-ref --sort -committerdate --format %(refname)%00%(objectname)%00%(*objectname) [1ms]
2025-05-17 23:27:58.171 [info] > git status -z -uall [22ms]
2025-05-17 23:28:03.314 [info] > git config --get commit.template [6ms]
2025-05-17 23:28:03.315 [info] > git for-each-ref --format=%(refname)%00%(upstream:short)%00%(objectname)%00%(upstream:track)%00%(upstream:remotename)%00%(upstream:remoteref) refs/heads/main refs/remotes/main [1ms]
2025-05-17 23:28:03.327 [info] > git for-each-ref --sort -committerdate --format %(refname)%00%(objectname)%00%(*objectname) [1ms]
2025-05-17 23:28:03.338 [info] > git status -z -uall [18ms]
2025-05-17 23:28:08.437 [info] > git config --get commit.template [8ms]
2025-05-17 23:28:08.437 [info] > git for-each-ref --format=%(refname)%00%(upstream:short)%00%(objectname)%00%(upstream:track)%00%(upstream:remotename)%00%(upstream:remoteref) refs/heads/main refs/remotes/main [1ms]
2025-05-17 23:28:08.454 [info] > git for-each-ref --sort -committerdate --format %(refname)%00%(objectname)%00%(*objectname) [2ms]
2025-05-17 23:28:08.463 [info] > git status -z -uall [18ms]
2025-05-17 23:28:15.063 [info] > git config --get commit.template [18ms]
2025-05-17 23:28:15.066 [info] > git for-each-ref --format=%(refname)%00%(upstream:short)%00%(objectname)%00%(upstream:track)%00%(upstream:remotename)%00%(upstream:remoteref) refs/heads/main refs/remotes/main [4ms]
2025-05-17 23:28:15.103 [info] > git for-each-ref --sort -committerdate --format %(refname)%00%(objectname)%00%(*objectname) [4ms]
2025-05-17 23:28:15.135 [info] > git status -z -uall [52ms]
2025-05-17 23:28:20.298 [info] > git config --get commit.template [7ms]
2025-05-17 23:28:20.299 [info] > git for-each-ref --format=%(refname)%00%(upstream:short)%00%(objectname)%00%(upstream:track)%00%(upstream:remotename)%00%(upstream:remoteref) refs/heads/main refs/remotes/main [2ms]
2025-05-17 23:28:20.312 [info] > git for-each-ref --sort -committerdate --format %(refname)%00%(objectname)%00%(*objectname) [2ms]
2025-05-17 23:28:20.323 [info] > git status -z -uall [17ms]
2025-05-17 23:28:25.414 [info] > git config --get commit.template [10ms]
2025-05-17 23:28:25.415 [info] > git for-each-ref --format=%(refname)%00%(upstream:short)%00%(objectname)%00%(upstream:track)%00%(upstream:remotename)%00%(upstream:remoteref) refs/heads/main refs/remotes/main [2ms]
2025-05-17 23:28:25.429 [info] > git for-each-ref --sort -committerdate --format %(refname)%00%(objectname)%00%(*objectname) [1ms]
2025-05-17 23:28:25.441 [info] > git status -z -uall [20ms]
2025-05-17 23:28:30.524 [info] > git config --get commit.template [6ms]
2025-05-17 23:28:30.524 [info] > git for-each-ref --format=%(refname)%00%(upstream:short)%00%(objectname)%00%(upstream:track)%00%(upstream:remotename)%00%(upstream:remoteref) refs/heads/main refs/remotes/main [1ms]
2025-05-17 23:28:30.537 [info] > git for-each-ref --sort -committerdate --format %(refname)%00%(objectname)%00%(*objectname) [2ms]
2025-05-17 23:28:30.548 [info] > git status -z -uall [18ms]
2025-05-17 23:28:35.635 [info] > git config --get commit.template [6ms]
2025-05-17 23:28:35.635 [info] > git for-each-ref --format=%(refname)%00%(upstream:short)%00%(objectname)%00%(upstream:track)%00%(upstream:remotename)%00%(upstream:remoteref) refs/heads/main refs/remotes/main [1ms]
2025-05-17 23:28:35.649 [info] > git for-each-ref --sort -committerdate --format %(refname)%00%(objectname)%00%(*objectname) [1ms]
2025-05-17 23:28:35.661 [info] > git status -z -uall [19ms]
2025-05-17 23:28:40.743 [info] > git config --get commit.template [6ms]
2025-05-17 23:28:40.744 [info] > git for-each-ref --format=%(refname)%00%(upstream:short)%00%(objectname)%00%(upstream:track)%00%(upstream:remotename)%00%(upstream:remoteref) refs/heads/main refs/remotes/main [1ms]
2025-05-17 23:28:40.756 [info] > git for-each-ref --sort -committerdate --format %(refname)%00%(objectname)%00%(*objectname) [1ms]
2025-05-17 23:28:40.769 [info] > git status -z -uall [19ms]
2025-05-17 23:28:47.390 [info] > git config --get commit.template [5ms]
2025-05-17 23:28:47.398 [info] > git for-each-ref --format=%(refname)%00%(upstream:short)%00%(objectname)%00%(upstream:track)%00%(upstream:remotename)%00%(upstream:remoteref) refs/heads/main refs/remotes/main [1ms]
2025-05-17 23:28:47.413 [info] > git for-each-ref --sort -committerdate --format %(refname)%00%(objectname)%00%(*objectname) [2ms]
2025-05-17 23:28:47.425 [info] > git status -z -uall [20ms]
2025-05-17 23:28:52.557 [info] > git config --get commit.template [20ms]
2025-05-17 23:28:52.559 [info] > git for-each-ref --format=%(refname)%00%(upstream:short)%00%(objectname)%00%(upstream:track)%00%(upstream:remotename)%00%(upstream:remoteref) refs/heads/main refs/remotes/main [4ms]
2025-05-17 23:28:52.595 [info] > git for-each-ref --sort -committerdate --format %(refname)%00%(objectname)%00%(*objectname) [4ms]
2025-05-17 23:28:52.629 [info] > git status -z -uall [53ms]
2025-05-17 23:28:57.718 [info] > git config --get commit.template [8ms]
2025-05-17 23:28:57.719 [info] > git for-each-ref --format=%(refname)%00%(upstream:short)%00%(objectname)%00%(upstream:track)%00%(upstream:remotename)%00%(upstream:remoteref) refs/heads/main refs/remotes/main [1ms]
2025-05-17 23:28:57.733 [info] > git for-each-ref --sort -committerdate --format %(refname)%00%(objectname)%00%(*objectname) [1ms]
2025-05-17 23:28:57.744 [info] > git status -z -uall [18ms]
2025-05-17 23:29:02.852 [info] > git config --get commit.template [15ms]
2025-05-17 23:29:02.853 [info] > git for-each-ref --format=%(refname)%00%(upstream:short)%00%(objectname)%00%(upstream:track)%00%(upstream:remotename)%00%(upstream:remoteref) refs/heads/main refs/remotes/main [1ms]
2025-05-17 23:29:02.867 [info] > git for-each-ref --sort -committerdate --format %(refname)%00%(objectname)%00%(*objectname) [2ms]
2025-05-17 23:29:02.878 [info] > git status -z -uall [18ms]
2025-05-17 23:29:07.968 [info] > git config --get commit.template [8ms]
2025-05-17 23:29:07.968 [info] > git for-each-ref --format=%(refname)%00%(upstream:short)%00%(objectname)%00%(upstream:track)%00%(upstream:remotename)%00%(upstream:remoteref) refs/heads/main refs/remotes/main [1ms]
2025-05-17 23:29:07.984 [info] > git for-each-ref --sort -committerdate --format %(refname)%00%(objectname)%00%(*objectname) [2ms]
2025-05-17 23:29:07.995 [info] > git status -z -uall [19ms]
2025-05-17 23:29:13.083 [info] > git config --get commit.template [8ms]
2025-05-17 23:29:13.084 [info] > git for-each-ref --format=%(refname)%00%(upstream:short)%00%(objectname)%00%(upstream:track)%00%(upstream:remotename)%00%(upstream:remoteref) refs/heads/main refs/remotes/main [2ms]
2025-05-17 23:29:13.101 [info] > git for-each-ref --sort -committerdate --format %(refname)%00%(objectname)%00%(*objectname) [2ms]
2025-05-17 23:29:13.112 [info] > git status -z -uall [20ms]
2025-05-17 23:29:18.199 [info] > git config --get commit.template [7ms]
2025-05-17 23:29:18.200 [info] > git for-each-ref --format=%(refname)%00%(upstream:short)%00%(objectname)%00%(upstream:track)%00%(upstream:remotename)%00%(upstream:remoteref) refs/heads/main refs/remotes/main [1ms]
2025-05-17 23:29:18.217 [info] > git for-each-ref --sort -committerdate --format %(refname)%00%(objectname)%00%(*objectname) [2ms]
2025-05-17 23:29:18.227 [info] > git status -z -uall [19ms]
2025-05-17 23:29:23.332 [info] > git config --get commit.template [3ms]
2025-05-17 23:29:23.355 [info] > git for-each-ref --format=%(refname)%00%(upstream:short)%00%(objectname)%00%(upstream:track)%00%(upstream:remotename)%00%(upstream:remoteref) refs/heads/main refs/remotes/main [7ms]
2025-05-17 23:29:23.373 [info] > git for-each-ref --sort -committerdate --format %(refname)%00%(objectname)%00%(*objectname) [3ms]
2025-05-17 23:29:23.383 [info] > git status -z -uall [20ms]
2025-05-17 23:29:28.535 [info] > git config --get commit.template [6ms]
2025-05-17 23:29:28.536 [info] > git for-each-ref --format=%(refname)%00%(upstream:short)%00%(objectname)%00%(upstream:track)%00%(upstream:remotename)%00%(upstream:remoteref) refs/heads/main refs/remotes/main [1ms]
2025-05-17 23:29:28.550 [info] > git for-each-ref --sort -committerdate --format %(refname)%00%(objectname)%00%(*objectname) [2ms]
2025-05-17 23:29:28.562 [info] > git status -z -uall [20ms]
2025-05-17 23:29:33.668 [info] > git config --get commit.template [15ms]
2025-05-17 23:29:33.669 [info] > git for-each-ref --format=%(refname)%00%(upstream:short)%00%(objectname)%00%(upstream:track)%00%(upstream:remotename)%00%(upstream:remoteref) refs/heads/main refs/remotes/main [1ms]
2025-05-17 23:29:33.683 [info] > git for-each-ref --sort -committerdate --format %(refname)%00%(objectname)%00%(*objectname) [1ms]
2025-05-17 23:29:33.695 [info] > git status -z -uall [20ms]
2025-05-17 23:29:38.782 [info] > git config --get commit.template [6ms]
2025-05-17 23:29:38.783 [info] > git for-each-ref --format=%(refname)%00%(upstream:short)%00%(objectname)%00%(upstream:track)%00%(upstream:remotename)%00%(upstream:remoteref) refs/heads/main refs/remotes/main [1ms]
2025-05-17 23:29:38.796 [info] > git for-each-ref --sort -committerdate --format %(refname)%00%(objectname)%00%(*objectname) [1ms]
2025-05-17 23:29:38.806 [info] > git status -z -uall [17ms]
2025-05-17 23:29:43.922 [info] > git config --get commit.template [19ms]
2025-05-17 23:29:43.924 [info] > git for-each-ref --format=%(refname)%00%(upstream:short)%00%(objectname)%00%(upstream:track)%00%(upstream:remotename)%00%(upstream:remoteref) refs/heads/main refs/remotes/main [4ms]
2025-05-17 23:29:43.940 [info] > git for-each-ref --sort -committerdate --format %(refname)%00%(objectname)%00%(*objectname) [2ms]
2025-05-17 23:29:43.950 [info] > git status -z -uall [19ms]
2025-05-17 23:29:49.036 [info] > git config --get commit.template [7ms]
2025-05-17 23:29:49.036 [info] > git for-each-ref --format=%(refname)%00%(upstream:short)%00%(objectname)%00%(upstream:track)%00%(upstream:remotename)%00%(upstream:remoteref) refs/heads/main refs/remotes/main [1ms]
2025-05-17 23:29:49.049 [info] > git for-each-ref --sort -committerdate --format %(refname)%00%(objectname)%00%(*objectname) [1ms]
2025-05-17 23:29:49.060 [info] > git status -z -uall [18ms]
2025-05-17 23:29:54.153 [info] > git config --get commit.template [7ms]
2025-05-17 23:29:54.154 [info] > git for-each-ref --format=%(refname)%00%(upstream:short)%00%(objectname)%00%(upstream:track)%00%(upstream:remotename)%00%(upstream:remoteref) refs/heads/main refs/remotes/main [2ms]
2025-05-17 23:29:54.173 [info] > git for-each-ref --sort -committerdate --format %(refname)%00%(objectname)%00%(*objectname) [2ms]
2025-05-17 23:29:54.184 [info] > git status -z -uall [20ms]
2025-05-17 23:29:59.263 [info] > git config --get commit.template [3ms]
2025-05-17 23:29:59.270 [info] > git for-each-ref --format=%(refname)%00%(upstream:short)%00%(objectname)%00%(upstream:track)%00%(upstream:remotename)%00%(upstream:remoteref) refs/heads/main refs/remotes/main [1ms]
2025-05-17 23:29:59.282 [info] > git for-each-ref --sort -committerdate --format %(refname)%00%(objectname)%00%(*objectname) [1ms]
2025-05-17 23:29:59.293 [info] > git status -z -uall [17ms]
2025-05-17 23:30:04.377 [info] > git config --get commit.template [6ms]
2025-05-17 23:30:04.378 [info] > git for-each-ref --format=%(refname)%00%(upstream:short)%00%(objectname)%00%(upstream:track)%00%(upstream:remotename)%00%(upstream:remoteref) refs/heads/main refs/remotes/main [1ms]
2025-05-17 23:30:04.391 [info] > git for-each-ref --sort -committerdate --format %(refname)%00%(objectname)%00%(*objectname) [2ms]
2025-05-17 23:30:04.407 [info] > git status -z -uall [23ms]
2025-05-17 23:30:09.494 [info] > git config --get commit.template [7ms]
2025-05-17 23:30:09.494 [info] > git for-each-ref --format=%(refname)%00%(upstream:short)%00%(objectname)%00%(upstream:track)%00%(upstream:remotename)%00%(upstream:remoteref) refs/heads/main refs/remotes/main [1ms]
2025-05-17 23:30:09.507 [info] > git for-each-ref --sort -committerdate --format %(refname)%00%(objectname)%00%(*objectname) [1ms]
2025-05-17 23:30:09.523 [info] > git status -z -uall [23ms]
2025-05-17 23:30:14.617 [info] > git config --get commit.template [7ms]
2025-05-17 23:30:14.618 [info] > git for-each-ref --format=%(refname)%00%(upstream:short)%00%(objectname)%00%(upstream:track)%00%(upstream:remotename)%00%(upstream:remoteref) refs/heads/main refs/remotes/main [2ms]
2025-05-17 23:30:14.633 [info] > git for-each-ref --sort -committerdate --format %(refname)%00%(objectname)%00%(*objectname) [1ms]
2025-05-17 23:30:14.650 [info] > git status -z -uall [25ms]
2025-05-17 23:30:19.736 [info] > git config --get commit.template [7ms]
2025-05-17 23:30:19.736 [info] > git for-each-ref --format=%(refname)%00%(upstream:short)%00%(objectname)%00%(upstream:track)%00%(upstream:remotename)%00%(upstream:remoteref) refs/heads/main refs/remotes/main [1ms]
2025-05-17 23:30:19.749 [info] > git for-each-ref --sort -committerdate --format %(refname)%00%(objectname)%00%(*objectname) [1ms]
2025-05-17 23:30:19.764 [info] > git status -z -uall [22ms]
2025-05-17 23:30:24.867 [info] > git config --get commit.template [10ms]
2025-05-17 23:30:24.868 [info] > git for-each-ref --format=%(refname)%00%(upstream:short)%00%(objectname)%00%(upstream:track)%00%(upstream:remotename)%00%(upstream:remoteref) refs/heads/main refs/remotes/main [2ms]
2025-05-17 23:30:24.882 [info] > git for-each-ref --sort -committerdate --format %(refname)%00%(objectname)%00%(*objectname) [2ms]
2025-05-17 23:30:24.899 [info] > git status -z -uall [25ms]
2025-05-17 23:30:30.084 [info] > git config --get commit.template [11ms]
2025-05-17 23:30:30.085 [info] > git for-each-ref --format=%(refname)%00%(upstream:short)%00%(objectname)%00%(upstream:track)%00%(upstream:remotename)%00%(upstream:remoteref) refs/heads/main refs/remotes/main [2ms]
2025-05-17 23:30:30.100 [info] > git for-each-ref --sort -committerdate --format %(refname)%00%(objectname)%00%(*objectname) [2ms]
2025-05-17 23:30:30.112 [info] > git status -z -uall [20ms]
2025-05-17 23:30:35.210 [info] > git config --get commit.template [9ms]
2025-05-17 23:30:35.211 [info] > git for-each-ref --format=%(refname)%00%(upstream:short)%00%(objectname)%00%(upstream:track)%00%(upstream:remotename)%00%(upstream:remoteref) refs/heads/main refs/remotes/main [1ms]
2025-05-17 23:30:35.228 [info] > git for-each-ref --sort -committerdate --format %(refname)%00%(objectname)%00%(*objectname) [2ms]
2025-05-17 23:30:35.239 [info] > git status -z -uall [20ms]
2025-05-17 23:30:40.333 [info] > git config --get commit.template [7ms]
2025-05-17 23:30:40.334 [info] > git for-each-ref --format=%(refname)%00%(upstream:short)%00%(objectname)%00%(upstream:track)%00%(upstream:remotename)%00%(upstream:remoteref) refs/heads/main refs/remotes/main [1ms]
2025-05-17 23:30:40.349 [info] > git for-each-ref --sort -committerdate --format %(refname)%00%(objectname)%00%(*objectname) [2ms]
2025-05-17 23:30:40.360 [info] > git status -z -uall [19ms]
2025-05-17 23:30:45.475 [info] > git config --get commit.template [21ms]
2025-05-17 23:30:45.477 [info] > git for-each-ref --format=%(refname)%00%(upstream:short)%00%(objectname)%00%(upstream:track)%00%(upstream:remotename)%00%(upstream:remoteref) refs/heads/main refs/remotes/main [3ms]
2025-05-17 23:30:45.516 [info] > git for-each-ref --sort -committerdate --format %(refname)%00%(objectname)%00%(*objectname) [5ms]
2025-05-17 23:30:45.545 [info] > git status -z -uall [51ms]
2025-05-17 23:30:50.633 [info] > git config --get commit.template [7ms]
2025-05-17 23:30:50.633 [info] > git for-each-ref --format=%(refname)%00%(upstream:short)%00%(objectname)%00%(upstream:track)%00%(upstream:remotename)%00%(upstream:remoteref) refs/heads/main refs/remotes/main [1ms]
2025-05-17 23:30:50.651 [info] > git for-each-ref --sort -committerdate --format %(refname)%00%(objectname)%00%(*objectname) [2ms]
2025-05-17 23:30:50.664 [info] > git status -z -uall [23ms]
2025-05-17 23:30:55.821 [info] > git config --get commit.template [6ms]
2025-05-17 23:30:55.822 [info] > git for-each-ref --format=%(refname)%00%(upstream:short)%00%(objectname)%00%(upstream:track)%00%(upstream:remotename)%00%(upstream:remoteref) refs/heads/main refs/remotes/main [1ms]
2025-05-17 23:30:55.838 [info] > git for-each-ref --sort -committerdate --format %(refname)%00%(objectname)%00%(*objectname) [2ms]
2025-05-17 23:30:55.849 [info] > git status -z -uall [20ms]
2025-05-17 23:31:00.940 [info] > git config --get commit.template [8ms]
2025-05-17 23:31:00.941 [info] > git for-each-ref --format=%(refname)%00%(upstream:short)%00%(objectname)%00%(upstream:track)%00%(upstream:remotename)%00%(upstream:remoteref) refs/heads/main refs/remotes/main [1ms]
2025-05-17 23:31:00.959 [info] > git for-each-ref --sort -committerdate --format %(refname)%00%(objectname)%00%(*objectname) [2ms]
2025-05-17 23:31:00.970 [info] > git status -z -uall [21ms]
2025-05-17 23:31:06.080 [info] > git config --get commit.template [20ms]
2025-05-17 23:31:06.081 [info] > git for-each-ref --format=%(refname)%00%(upstream:short)%00%(objectname)%00%(upstream:track)%00%(upstream:remotename)%00%(upstream:remoteref) refs/heads/main refs/remotes/main [3ms]
2025-05-17 23:31:06.094 [info] > git for-each-ref --sort -committerdate --format %(refname)%00%(objectname)%00%(*objectname) [1ms]
2025-05-17 23:31:06.106 [info] > git status -z -uall [19ms]
2025-05-17 23:31:11.216 [info] > git config --get commit.template [10ms]
2025-05-17 23:31:11.216 [info] > git for-each-ref --format=%(refname)%00%(upstream:short)%00%(objectname)%00%(upstream:track)%00%(upstream:remotename)%00%(upstream:remoteref) refs/heads/main refs/remotes/main [1ms]
2025-05-17 23:31:11.232 [info] > git for-each-ref --sort -committerdate --format %(refname)%00%(objectname)%00%(*objectname) [2ms]
2025-05-17 23:31:11.243 [info] > git status -z -uall [19ms]
2025-05-17 23:31:16.336 [info] > git config --get commit.template [7ms]
2025-05-17 23:31:16.337 [info] > git for-each-ref --format=%(refname)%00%(upstream:short)%00%(objectname)%00%(upstream:track)%00%(upstream:remotename)%00%(upstream:remoteref) refs/heads/main refs/remotes/main [2ms]
2025-05-17 23:31:16.358 [info] > git for-each-ref --sort -committerdate --format %(refname)%00%(objectname)%00%(*objectname) [4ms]
2025-05-17 23:31:16.369 [info] > git status -z -uall [23ms]
2025-05-17 23:31:21.959 [info] > git config --get commit.template [10ms]
2025-05-17 23:31:21.971 [info] > git for-each-ref --format=%(refname)%00%(upstream:short)%00%(objectname)%00%(upstream:track)%00%(upstream:remotename)%00%(upstream:remoteref) refs/heads/main refs/remotes/main [1ms]
2025-05-17 23:31:21.988 [info] > git for-each-ref --sort -committerdate --format %(refname)%00%(objectname)%00%(*objectname) [1ms]
2025-05-17 23:31:22.000 [info] > git status -z -uall [20ms]
2025-05-17 23:31:27.084 [info] > git config --get commit.template [6ms]
2025-05-17 23:31:27.085 [info] > git for-each-ref --format=%(refname)%00%(upstream:short)%00%(objectname)%00%(upstream:track)%00%(upstream:remotename)%00%(upstream:remoteref) refs/heads/main refs/remotes/main [1ms]
2025-05-17 23:31:27.097 [info] > git for-each-ref --sort -committerdate --format %(refname)%00%(objectname)%00%(*objectname) [1ms]
2025-05-17 23:31:27.113 [info] > git status -z -uall [23ms]
2025-05-17 23:31:32.219 [info] > git config --get commit.template [10ms]
2025-05-17 23:31:32.220 [info] > git for-each-ref --format=%(refname)%00%(upstream:short)%00%(objectname)%00%(upstream:track)%00%(upstream:remotename)%00%(upstream:remoteref) refs/heads/main refs/remotes/main [1ms]
2025-05-17 23:31:32.235 [info] > git for-each-ref --sort -committerdate --format %(refname)%00%(objectname)%00%(*objectname) [1ms]
2025-05-17 23:31:32.246 [info] > git status -z -uall [19ms]
2025-05-17 23:31:37.962 [info] > git config --get commit.template [10ms]
2025-05-17 23:31:37.963 [info] > git for-each-ref --format=%(refname)%00%(upstream:short)%00%(objectname)%00%(upstream:track)%00%(upstream:remotename)%00%(upstream:remoteref) refs/heads/main refs/remotes/main [2ms]
2025-05-17 23:31:37.980 [info] > git for-each-ref --sort -committerdate --format %(refname)%00%(objectname)%00%(*objectname) [1ms]
2025-05-17 23:31:37.991 [info] > git status -z -uall [20ms]
2025-05-17 23:31:43.099 [info] > git config --get commit.template [9ms]
2025-05-17 23:31:43.100 [info] > git for-each-ref --format=%(refname)%00%(upstream:short)%00%(objectname)%00%(upstream:track)%00%(upstream:remotename)%00%(upstream:remoteref) refs/heads/main refs/remotes/main [1ms]
2025-05-17 23:31:43.115 [info] > git for-each-ref --sort -committerdate --format %(refname)%00%(objectname)%00%(*objectname) [2ms]
2025-05-17 23:31:43.128 [info] > git status -z -uall [21ms]
2025-05-17 23:31:48.205 [info] > git config --get commit.template [6ms]
2025-05-17 23:31:48.206 [info] > git for-each-ref --format=%(refname)%00%(upstream:short)%00%(objectname)%00%(upstream:track)%00%(upstream:remotename)%00%(upstream:remoteref) refs/heads/main refs/remotes/main [1ms]
2025-05-17 23:31:48.220 [info] > git for-each-ref --sort -committerdate --format %(refname)%00%(objectname)%00%(*objectname) [1ms]
2025-05-17 23:31:48.232 [info] > git status -z -uall [20ms]
2025-05-17 23:31:53.343 [info] > git config --get commit.template [19ms]
2025-05-17 23:31:53.345 [info] > git for-each-ref --format=%(refname)%00%(upstream:short)%00%(objectname)%00%(upstream:track)%00%(upstream:remotename)%00%(upstream:remoteref) refs/heads/main refs/remotes/main [4ms]
2025-05-17 23:31:53.371 [info] > git for-each-ref --sort -committerdate --format %(refname)%00%(objectname)%00%(*objectname) [1ms]
2025-05-17 23:31:53.389 [info] > git status -z -uall [26ms]
2025-05-17 23:31:58.538 [info] > git config --get commit.template [6ms]
2025-05-17 23:31:58.539 [info] > git for-each-ref --format=%(refname)%00%(upstream:short)%00%(objectname)%00%(upstream:track)%00%(upstream:remotename)%00%(upstream:remoteref) refs/heads/main refs/remotes/main [1ms]
2025-05-17 23:31:58.552 [info] > git for-each-ref --sort -committerdate --format %(refname)%00%(objectname)%00%(*objectname) [1ms]
2025-05-17 23:31:58.564 [info] > git status -z -uall [19ms]
2025-05-17 23:32:03.642 [info] > git config --get commit.template [4ms]
2025-05-17 23:32:03.649 [info] > git for-each-ref --format=%(refname)%00%(upstream:short)%00%(objectname)%00%(upstream:track)%00%(upstream:remotename)%00%(upstream:remoteref) refs/heads/main refs/remotes/main [1ms]
2025-05-17 23:32:03.662 [info] > git for-each-ref --sort -committerdate --format %(refname)%00%(objectname)%00%(*objectname) [1ms]
2025-05-17 23:32:03.673 [info] > git status -z -uall [18ms]
2025-05-17 23:32:08.775 [info] > git config --get commit.template [9ms]
2025-05-17 23:32:08.776 [info] > git for-each-ref --format=%(refname)%00%(upstream:short)%00%(objectname)%00%(upstream:track)%00%(upstream:remotename)%00%(upstream:remoteref) refs/heads/main refs/remotes/main [1ms]
2025-05-17 23:32:08.790 [info] > git for-each-ref --sort -committerdate --format %(refname)%00%(objectname)%00%(*objectname) [2ms]
2025-05-17 23:32:08.802 [info] > git status -z -uall [20ms]
2025-05-17 23:32:13.918 [info] > git config --get commit.template [20ms]
2025-05-17 23:32:13.920 [info] > git for-each-ref --format=%(refname)%00%(upstream:short)%00%(objectname)%00%(upstream:track)%00%(upstream:remotename)%00%(upstream:remoteref) refs/heads/main refs/remotes/main [4ms]
2025-05-17 23:32:13.950 [info] > git for-each-ref --sort -committerdate --format %(refname)%00%(objectname)%00%(*objectname) [2ms]
2025-05-17 23:32:13.960 [info] > git status -z -uall [21ms]
2025-05-17 23:32:19.047 [info] > git config --get commit.template [9ms]
2025-05-17 23:32:19.047 [info] > git for-each-ref --format=%(refname)%00%(upstream:short)%00%(objectname)%00%(upstream:track)%00%(upstream:remotename)%00%(upstream:remoteref) refs/heads/main refs/remotes/main [2ms]
2025-05-17 23:32:19.065 [info] > git for-each-ref --sort -committerdate --format %(refname)%00%(objectname)%00%(*objectname) [2ms]
2025-05-17 23:32:19.079 [info] > git status -z -uall [23ms]
2025-05-17 23:32:25.692 [info] > git config --get commit.template [8ms]
2025-05-17 23:32:25.693 [info] > git for-each-ref --format=%(refname)%00%(upstream:short)%00%(objectname)%00%(upstream:track)%00%(upstream:remotename)%00%(upstream:remoteref) refs/heads/main refs/remotes/main [1ms]
2025-05-17 23:32:25.707 [info] > git for-each-ref --sort -committerdate --format %(refname)%00%(objectname)%00%(*objectname) [1ms]
2025-05-17 23:32:25.718 [info] > git status -z -uall [18ms]
2025-05-17 23:32:30.819 [info] > git config --get commit.template [14ms]
2025-05-17 23:32:30.820 [info] > git for-each-ref --format=%(refname)%00%(upstream:short)%00%(objectname)%00%(upstream:track)%00%(upstream:remotename)%00%(upstream:remoteref) refs/heads/main refs/remotes/main [1ms]
2025-05-17 23:32:30.835 [info] > git for-each-ref --sort -committerdate --format %(refname)%00%(objectname)%00%(*objectname) [3ms]
2025-05-17 23:32:30.844 [info] > git status -z -uall [18ms]
2025-05-17 23:32:35.929 [info] > git config --get commit.template [9ms]
2025-05-17 23:32:35.930 [info] > git for-each-ref --format=%(refname)%00%(upstream:short)%00%(objectname)%00%(upstream:track)%00%(upstream:remotename)%00%(upstream:remoteref) refs/heads/main refs/remotes/main [2ms]
2025-05-17 23:32:35.949 [info] > git for-each-ref --sort -committerdate --format %(refname)%00%(objectname)%00%(*objectname) [2ms]
2025-05-17 23:32:35.961 [info] > git status -z -uall [22ms]
2025-05-17 23:32:41.059 [info] > git config --get commit.template [7ms]
2025-05-17 23:32:41.060 [info] > git for-each-ref --format=%(refname)%00%(upstream:short)%00%(objectname)%00%(upstream:track)%00%(upstream:remotename)%00%(upstream:remoteref) refs/heads/main refs/remotes/main [1ms]
2025-05-17 23:32:41.075 [info] > git for-each-ref --sort -committerdate --format %(refname)%00%(objectname)%00%(*objectname) [1ms]
2025-05-17 23:32:41.087 [info] > git status -z -uall [20ms]
2025-05-17 23:32:46.177 [info] > git config --get commit.template [9ms]
2025-05-17 23:32:46.178 [info] > git for-each-ref --format=%(refname)%00%(upstream:short)%00%(objectname)%00%(upstream:track)%00%(upstream:remotename)%00%(upstream:remoteref) refs/heads/main refs/remotes/main [2ms]
2025-05-17 23:32:46.194 [info] > git for-each-ref --sort -committerdate --format %(refname)%00%(objectname)%00%(*objectname) [1ms]
2025-05-17 23:32:46.206 [info] > git status -z -uall [20ms]
2025-05-17 23:32:51.835 [info] > git config --get commit.template [1ms]
2025-05-17 23:32:51.843 [info] > git for-each-ref --format=%(refname)%00%(upstream:short)%00%(objectname)%00%(upstream:track)%00%(upstream:remotename)%00%(upstream:remoteref) refs/heads/main refs/remotes/main [1ms]
2025-05-17 23:32:51.862 [info] > git for-each-ref --sort -committerdate --format %(refname)%00%(objectname)%00%(*objectname) [4ms]
2025-05-17 23:32:51.872 [info] > git status -z -uall [21ms]
2025-05-17 23:32:56.993 [info] > git config --get commit.template [22ms]
2025-05-17 23:32:56.995 [info] > git for-each-ref --format=%(refname)%00%(upstream:short)%00%(objectname)%00%(upstream:track)%00%(upstream:remotename)%00%(upstream:remoteref) refs/heads/main refs/remotes/main [4ms]
2025-05-17 23:32:57.029 [info] > git for-each-ref --sort -committerdate --format %(refname)%00%(objectname)%00%(*objectname) [6ms]
2025-05-17 23:32:57.038 [info] > git status -z -uall [28ms]
2025-05-17 23:33:02.125 [info] > git config --get commit.template [7ms]
2025-05-17 23:33:02.126 [info] > git for-each-ref --format=%(refname)%00%(upstream:short)%00%(objectname)%00%(upstream:track)%00%(upstream:remotename)%00%(upstream:remoteref) refs/heads/main refs/remotes/main [1ms]
2025-05-17 23:33:02.143 [info] > git for-each-ref --sort -committerdate --format %(refname)%00%(objectname)%00%(*objectname) [2ms]
2025-05-17 23:33:02.158 [info] > git status -z -uall [24ms]
2025-05-17 23:33:07.262 [info] > git config --get commit.template [9ms]
2025-05-17 23:33:07.263 [info] > git for-each-ref --format=%(refname)%00%(upstream:short)%00%(objectname)%00%(upstream:track)%00%(upstream:remotename)%00%(upstream:remoteref) refs/heads/main refs/remotes/main [1ms]
2025-05-17 23:33:07.281 [info] > git for-each-ref --sort -committerdate --format %(refname)%00%(objectname)%00%(*objectname) [2ms]
2025-05-17 23:33:07.298 [info] > git status -z -uall [27ms]
2025-05-17 23:33:12.480 [info] > git config --get commit.template [9ms]
2025-05-17 23:33:12.481 [info] > git for-each-ref --format=%(refname)%00%(upstream:short)%00%(objectname)%00%(upstream:track)%00%(upstream:remotename)%00%(upstream:remoteref) refs/heads/main refs/remotes/main [1ms]
2025-05-17 23:33:12.494 [info] > git for-each-ref --sort -committerdate --format %(refname)%00%(objectname)%00%(*objectname) [2ms]
2025-05-17 23:33:12.504 [info] > git status -z -uall [17ms]
2025-05-17 23:33:17.592 [info] > git config --get commit.template [8ms]
2025-05-17 23:33:17.593 [info] > git for-each-ref --format=%(refname)%00%(upstream:short)%00%(objectname)%00%(upstream:track)%00%(upstream:remotename)%00%(upstream:remoteref) refs/heads/main refs/remotes/main [2ms]
2025-05-17 23:33:17.610 [info] > git for-each-ref --sort -committerdate --format %(refname)%00%(objectname)%00%(*objectname) [2ms]
2025-05-17 23:33:17.622 [info] > git status -z -uall [21ms]
2025-05-17 23:33:22.714 [info] > git config --get commit.template [7ms]
2025-05-17 23:33:22.715 [info] > git for-each-ref --format=%(refname)%00%(upstream:short)%00%(objectname)%00%(upstream:track)%00%(upstream:remotename)%00%(upstream:remoteref) refs/heads/main refs/remotes/main [1ms]
2025-05-17 23:33:22.729 [info] > git for-each-ref --sort -committerdate --format %(refname)%00%(objectname)%00%(*objectname) [2ms]
2025-05-17 23:33:22.740 [info] > git status -z -uall [18ms]
2025-05-17 23:33:27.852 [info] > git config --get commit.template [14ms]
2025-05-17 23:33:27.854 [info] > git for-each-ref --format=%(refname)%00%(upstream:short)%00%(objectname)%00%(upstream:track)%00%(upstream:remotename)%00%(upstream:remoteref) refs/heads/main refs/remotes/main [3ms]
2025-05-17 23:33:27.882 [info] > git for-each-ref --sort -committerdate --format %(refname)%00%(objectname)%00%(*objectname) [3ms]
2025-05-17 23:33:27.895 [info] > git status -z -uall [28ms]
2025-05-17 23:33:33.005 [info] > git config --get commit.template [17ms]
2025-05-17 23:33:33.008 [info] > git for-each-ref --format=%(refname)%00%(upstream:short)%00%(objectname)%00%(upstream:track)%00%(upstream:remotename)%00%(upstream:remoteref) refs/heads/main refs/remotes/main [4ms]
2025-05-17 23:33:33.043 [info] > git for-each-ref --sort -committerdate --format %(refname)%00%(objectname)%00%(*objectname) [5ms]
2025-05-17 23:33:33.053 [info] > git status -z -uall [29ms]
2025-05-17 23:33:38.137 [info] > git config --get commit.template [6ms]
2025-05-17 23:33:38.138 [info] > git for-each-ref --format=%(refname)%00%(upstream:short)%00%(objectname)%00%(upstream:track)%00%(upstream:remotename)%00%(upstream:remoteref) refs/heads/main refs/remotes/main [1ms]
2025-05-17 23:33:38.150 [info] > git for-each-ref --sort -committerdate --format %(refname)%00%(objectname)%00%(*objectname) [1ms]
2025-05-17 23:33:38.160 [info] > git status -z -uall [16ms]
2025-05-17 23:33:43.262 [info] > git config --get commit.template [10ms]
2025-05-17 23:33:43.263 [info] > git for-each-ref --format=%(refname)%00%(upstream:short)%00%(objectname)%00%(upstream:track)%00%(upstream:remotename)%00%(upstream:remoteref) refs/heads/main refs/remotes/main [2ms]
2025-05-17 23:33:43.278 [info] > git for-each-ref --sort -committerdate --format %(refname)%00%(objectname)%00%(*objectname) [2ms]
2025-05-17 23:33:43.289 [info] > git status -z -uall [19ms]
2025-05-17 23:33:48.381 [info] > git config --get commit.template [13ms]
2025-05-17 23:33:48.382 [info] > git for-each-ref --format=%(refname)%00%(upstream:short)%00%(objectname)%00%(upstream:track)%00%(upstream:remotename)%00%(upstream:remoteref) refs/heads/main refs/remotes/main [1ms]
2025-05-17 23:33:48.396 [info] > git for-each-ref --sort -committerdate --format %(refname)%00%(objectname)%00%(*objectname) [2ms]
2025-05-17 23:33:48.406 [info] > git status -z -uall [18ms]
2025-05-17 23:33:53.518 [info] > git config --get commit.template [18ms]
2025-05-17 23:33:53.520 [info] > git for-each-ref --format=%(refname)%00%(upstream:short)%00%(objectname)%00%(upstream:track)%00%(upstream:remotename)%00%(upstream:remoteref) refs/heads/main refs/remotes/main [3ms]
2025-05-17 23:33:53.548 [info] > git for-each-ref --sort -committerdate --format %(refname)%00%(objectname)%00%(*objectname) [3ms]
2025-05-17 23:33:53.563 [info] > git status -z -uall [30ms]
2025-05-17 23:33:58.664 [info] > git config --get commit.template [10ms]
2025-05-17 23:33:58.665 [info] > git for-each-ref --format=%(refname)%00%(upstream:short)%00%(objectname)%00%(upstream:track)%00%(upstream:remotename)%00%(upstream:remoteref) refs/heads/main refs/remotes/main [2ms]
2025-05-17 23:33:58.680 [info] > git for-each-ref --sort -committerdate --format %(refname)%00%(objectname)%00%(*objectname) [2ms]
2025-05-17 23:33:58.697 [info] > git status -z -uall [25ms]
2025-05-17 23:34:03.811 [info] > git config --get commit.template [11ms]
2025-05-17 23:34:03.812 [info] > git for-each-ref --format=%(refname)%00%(upstream:short)%00%(objectname)%00%(upstream:track)%00%(upstream:remotename)%00%(upstream:remoteref) refs/heads/main refs/remotes/main [1ms]
2025-05-17 23:34:03.827 [info] > git for-each-ref --sort -committerdate --format %(refname)%00%(objectname)%00%(*objectname) [2ms]
2025-05-17 23:34:03.841 [info] > git status -z -uall [22ms]
2025-05-17 23:34:09.500 [info] > git config --get commit.template [17ms]
2025-05-17 23:34:09.501 [info] > git for-each-ref --format=%(refname)%00%(upstream:short)%00%(objectname)%00%(upstream:track)%00%(upstream:remotename)%00%(upstream:remoteref) refs/heads/main refs/remotes/main [2ms]
2025-05-17 23:34:09.527 [info] > git for-each-ref --sort -committerdate --format %(refname)%00%(objectname)%00%(*objectname) [1ms]
2025-05-17 23:34:09.538 [info] > git status -z -uall [24ms]
2025-05-17 23:34:14.631 [info] > git for-each-ref --format=%(refname)%00%(upstream:short)%00%(objectname)%00%(upstream:track)%00%(upstream:remotename)%00%(upstream:remoteref) refs/heads/main refs/remotes/main [4ms]
2025-05-17 23:34:14.631 [info] > git config --get commit.template [12ms]
2025-05-17 23:34:14.646 [info] > git for-each-ref --sort -committerdate --format %(refname)%00%(objectname)%00%(*objectname) [1ms]
2025-05-17 23:34:14.658 [info] > git status -z -uall [20ms]
2025-05-17 23:34:19.745 [info] > git config --get commit.template [6ms]
2025-05-17 23:34:19.745 [info] > git for-each-ref --format=%(refname)%00%(upstream:short)%00%(objectname)%00%(upstream:track)%00%(upstream:remotename)%00%(upstream:remoteref) refs/heads/main refs/remotes/main [1ms]
2025-05-17 23:34:19.758 [info] > git for-each-ref --sort -committerdate --format %(refname)%00%(objectname)%00%(*objectname) [1ms]
2025-05-17 23:34:19.769 [info] > git status -z -uall [18ms]
2025-05-17 23:34:24.874 [info] > git config --get commit.template [10ms]
2025-05-17 23:34:24.875 [info] > git for-each-ref --format=%(refname)%00%(upstream:short)%00%(objectname)%00%(upstream:track)%00%(upstream:remotename)%00%(upstream:remoteref) refs/heads/main refs/remotes/main [1ms]
2025-05-17 23:34:24.890 [info] > git for-each-ref --sort -committerdate --format %(refname)%00%(objectname)%00%(*objectname) [2ms]
2025-05-17 23:34:24.901 [info] > git status -z -uall [19ms]
2025-05-17 23:34:29.991 [info] > git config --get commit.template [2ms]
2025-05-17 23:34:30.000 [info] > git for-each-ref --format=%(refname)%00%(upstream:short)%00%(objectname)%00%(upstream:track)%00%(upstream:remotename)%00%(upstream:remoteref) refs/heads/main refs/remotes/main [1ms]
2025-05-17 23:34:30.016 [info] > git for-each-ref --sort -committerdate --format %(refname)%00%(objectname)%00%(*objectname) [1ms]
2025-05-17 23:34:30.028 [info] > git status -z -uall [20ms]
2025-05-17 23:34:35.140 [info] > git config --get commit.template [19ms]
2025-05-17 23:34:35.141 [info] > git for-each-ref --format=%(refname)%00%(upstream:short)%00%(objectname)%00%(upstream:track)%00%(upstream:remotename)%00%(upstream:remoteref) refs/heads/main refs/remotes/main [2ms]
2025-05-17 23:34:35.159 [info] > git for-each-ref --sort -committerdate --format %(refname)%00%(objectname)%00%(*objectname) [1ms]
2025-05-17 23:34:35.171 [info] > git status -z -uall [19ms]
2025-05-17 23:34:40.284 [info] > git config --get commit.template [18ms]
2025-05-17 23:34:40.287 [info] > git for-each-ref --format=%(refname)%00%(upstream:short)%00%(objectname)%00%(upstream:track)%00%(upstream:remotename)%00%(upstream:remoteref) refs/heads/main refs/remotes/main [3ms]
2025-05-17 23:34:40.312 [info] > git for-each-ref --sort -committerdate --format %(refname)%00%(objectname)%00%(*objectname) [1ms]
2025-05-17 23:34:40.328 [info] > git status -z -uall [25ms]
2025-05-17 23:34:45.416 [info] > git config --get commit.template [7ms]
2025-05-17 23:34:45.417 [info] > git for-each-ref --format=%(refname)%00%(upstream:short)%00%(objectname)%00%(upstream:track)%00%(upstream:remotename)%00%(upstream:remoteref) refs/heads/main refs/remotes/main [2ms]
2025-05-17 23:34:45.431 [info] > git for-each-ref --sort -committerdate --format %(refname)%00%(objectname)%00%(*objectname) [2ms]
2025-05-17 23:34:45.447 [info] > git status -z -uall [24ms]
2025-05-17 23:34:50.538 [info] > git config --get commit.template [8ms]
2025-05-17 23:34:50.539 [info] > git for-each-ref --format=%(refname)%00%(upstream:short)%00%(objectname)%00%(upstream:track)%00%(upstream:remotename)%00%(upstream:remoteref) refs/heads/main refs/remotes/main [1ms]
2025-05-17 23:34:50.557 [info] > git for-each-ref --sort -committerdate --format %(refname)%00%(objectname)%00%(*objectname) [3ms]
2025-05-17 23:34:50.571 [info] > git status -z -uall [24ms]
2025-05-17 23:34:55.758 [info] > git config --get commit.template [11ms]
2025-05-17 23:34:55.759 [info] > git for-each-ref --format=%(refname)%00%(upstream:short)%00%(objectname)%00%(upstream:track)%00%(upstream:remotename)%00%(upstream:remoteref) refs/heads/main refs/remotes/main [2ms]
2025-05-17 23:34:55.774 [info] > git for-each-ref --sort -committerdate --format %(refname)%00%(objectname)%00%(*objectname) [2ms]
2025-05-17 23:34:55.789 [info] > git status -z -uall [23ms]
2025-05-17 23:35:00.899 [info] > git config --get commit.template [20ms]
2025-05-17 23:35:00.901 [info] > git for-each-ref --format=%(refname)%00%(upstream:short)%00%(objectname)%00%(upstream:track)%00%(upstream:remotename)%00%(upstream:remoteref) refs/heads/main refs/remotes/main [3ms]
2025-05-17 23:35:00.916 [info] > git for-each-ref --sort -committerdate --format %(refname)%00%(objectname)%00%(*objectname) [2ms]
2025-05-17 23:35:00.930 [info] > git status -z -uall [22ms]
2025-05-17 23:35:06.034 [info] > git config --get commit.template [8ms]
2025-05-17 23:35:06.035 [info] > git for-each-ref --format=%(refname)%00%(upstream:short)%00%(objectname)%00%(upstream:track)%00%(upstream:remotename)%00%(upstream:remoteref) refs/heads/main refs/remotes/main [1ms]
2025-05-17 23:35:06.050 [info] > git for-each-ref --sort -committerdate --format %(refname)%00%(objectname)%00%(*objectname) [2ms]
2025-05-17 23:35:06.061 [info] > git status -z -uall [19ms]
2025-05-17 23:35:11.169 [info] > git config --get commit.template [10ms]
2025-05-17 23:35:11.170 [info] > git for-each-ref --format=%(refname)%00%(upstream:short)%00%(objectname)%00%(upstream:track)%00%(upstream:remotename)%00%(upstream:remoteref) refs/heads/main refs/remotes/main [1ms]
2025-05-17 23:35:11.183 [info] > git for-each-ref --sort -committerdate --format %(refname)%00%(objectname)%00%(*objectname) [1ms]
2025-05-17 23:35:11.194 [info] > git status -z -uall [18ms]
2025-05-17 23:35:16.300 [info] > git config --get commit.template [10ms]
2025-05-17 23:35:16.301 [info] > git for-each-ref --format=%(refname)%00%(upstream:short)%00%(objectname)%00%(upstream:track)%00%(upstream:remotename)%00%(upstream:remoteref) refs/heads/main refs/remotes/main [1ms]
2025-05-17 23:35:16.316 [info] > git for-each-ref --sort -committerdate --format %(refname)%00%(objectname)%00%(*objectname) [2ms]
2025-05-17 23:35:16.328 [info] > git status -z -uall [20ms]
2025-05-17 23:35:21.424 [info] > git config --get commit.template [6ms]
2025-05-17 23:35:21.425 [info] > git for-each-ref --format=%(refname)%00%(upstream:short)%00%(objectname)%00%(upstream:track)%00%(upstream:remotename)%00%(upstream:remoteref) refs/heads/main refs/remotes/main [1ms]
2025-05-17 23:35:21.446 [info] > git for-each-ref --sort -committerdate --format %(refname)%00%(objectname)%00%(*objectname) [6ms]
2025-05-17 23:35:21.454 [info] > git status -z -uall [21ms]
2025-05-17 23:35:26.559 [info] > git config --get commit.template [11ms]
2025-05-17 23:35:26.559 [info] > git for-each-ref --format=%(refname)%00%(upstream:short)%00%(objectname)%00%(upstream:track)%00%(upstream:remotename)%00%(upstream:remoteref) refs/heads/main refs/remotes/main [1ms]
2025-05-17 23:35:26.580 [info] > git for-each-ref --sort -committerdate --format %(refname)%00%(objectname)%00%(*objectname) [6ms]
2025-05-17 23:35:26.588 [info] > git status -z -uall [21ms]
2025-05-17 23:35:31.699 [info] > git config --get commit.template [10ms]
2025-05-17 23:35:31.700 [info] > git for-each-ref --format=%(refname)%00%(upstream:short)%00%(objectname)%00%(upstream:track)%00%(upstream:remotename)%00%(upstream:remoteref) refs/heads/main refs/remotes/main [2ms]
2025-05-17 23:35:31.715 [info] > git for-each-ref --sort -committerdate --format %(refname)%00%(objectname)%00%(*objectname) [2ms]
2025-05-17 23:35:31.730 [info] > git status -z -uall [23ms]
2025-05-17 23:35:36.839 [info] > git config --get commit.template [17ms]
2025-05-17 23:35:36.842 [info] > git for-each-ref --format=%(refname)%00%(upstream:short)%00%(objectname)%00%(upstream:track)%00%(upstream:remotename)%00%(upstream:remoteref) refs/heads/main refs/remotes/main [3ms]
2025-05-17 23:35:36.867 [info] > git for-each-ref --sort -committerdate --format %(refname)%00%(objectname)%00%(*objectname) [3ms]
2025-05-17 23:35:36.884 [info] > git status -z -uall [29ms]
2025-05-17 23:35:41.999 [info] > git config --get commit.template [17ms]
2025-05-17 23:35:42.000 [info] > git for-each-ref --format=%(refname)%00%(upstream:short)%00%(objectname)%00%(upstream:track)%00%(upstream:remotename)%00%(upstream:remoteref) refs/heads/main refs/remotes/main [3ms]
2025-05-17 23:35:42.029 [info] > git for-each-ref --sort -committerdate --format %(refname)%00%(objectname)%00%(*objectname) [4ms]
2025-05-17 23:35:42.041 [info] > git status -z -uall [28ms]
2025-05-17 23:35:47.131 [info] > git config --get commit.template [7ms]
2025-05-17 23:35:47.131 [info] > git for-each-ref --format=%(refname)%00%(upstream:short)%00%(objectname)%00%(upstream:track)%00%(upstream:remotename)%00%(upstream:remoteref) refs/heads/main refs/remotes/main [1ms]
2025-05-17 23:35:47.156 [info] > git for-each-ref --sort -committerdate --format %(refname)%00%(objectname)%00%(*objectname) [9ms]
2025-05-17 23:35:47.161 [info] > git status -z -uall [23ms]
2025-05-17 23:35:52.261 [info] > git config --get commit.template [7ms]
2025-05-17 23:35:52.262 [info] > git for-each-ref --format=%(refname)%00%(upstream:short)%00%(objectname)%00%(upstream:track)%00%(upstream:remotename)%00%(upstream:remoteref) refs/heads/main refs/remotes/main [1ms]
2025-05-17 23:35:52.277 [info] > git for-each-ref --sort -committerdate --format %(refname)%00%(objectname)%00%(*objectname) [1ms]
2025-05-17 23:35:52.292 [info] > git status -z -uall [23ms]
2025-05-17 23:35:57.443 [info] > git config --get commit.template [9ms]
2025-05-17 23:35:57.443 [info] > git for-each-ref --format=%(refname)%00%(upstream:short)%00%(objectname)%00%(upstream:track)%00%(upstream:remotename)%00%(upstream:remoteref) refs/heads/main refs/remotes/main [1ms]
2025-05-17 23:35:57.459 [info] > git for-each-ref --sort -committerdate --format %(refname)%00%(objectname)%00%(*objectname) [1ms]
2025-05-17 23:35:57.470 [info] > git status -z -uall [19ms]
2025-05-17 23:36:02.572 [info] > git config --get commit.template [10ms]
2025-05-17 23:36:02.573 [info] > git for-each-ref --format=%(refname)%00%(upstream:short)%00%(objectname)%00%(upstream:track)%00%(upstream:remotename)%00%(upstream:remoteref) refs/heads/main refs/remotes/main [2ms]
2025-05-17 23:36:02.594 [info] > git for-each-ref --sort -committerdate --format %(refname)%00%(objectname)%00%(*objectname) [1ms]
2025-05-17 23:36:02.606 [info] > git status -z -uall [23ms]
2025-05-17 23:36:07.703 [info] > git config --get commit.template [3ms]
2025-05-17 23:36:07.712 [info] > git for-each-ref --format=%(refname)%00%(upstream:short)%00%(objectname)%00%(upstream:track)%00%(upstream:remotename)%00%(upstream:remoteref) refs/heads/main refs/remotes/main [2ms]
2025-05-17 23:36:07.742 [info] > git for-each-ref --sort -committerdate --format %(refname)%00%(objectname)%00%(*objectname) [11ms]
2025-05-17 23:36:07.748 [info] > git status -z -uall [27ms]
2025-05-17 23:36:13.394 [info] > git config --get commit.template [3ms]
2025-05-17 23:36:13.402 [info] > git for-each-ref --format=%(refname)%00%(upstream:short)%00%(objectname)%00%(upstream:track)%00%(upstream:remotename)%00%(upstream:remoteref) refs/heads/main refs/remotes/main [1ms]
2025-05-17 23:36:13.417 [info] > git for-each-ref --sort -committerdate --format %(refname)%00%(objectname)%00%(*objectname) [1ms]
2025-05-17 23:36:13.430 [info] > git status -z -uall [21ms]
2025-05-17 23:36:18.536 [info] > git config --get commit.template [8ms]
2025-05-17 23:36:18.537 [info] > git for-each-ref --format=%(refname)%00%(upstream:short)%00%(objectname)%00%(upstream:track)%00%(upstream:remotename)%00%(upstream:remoteref) refs/heads/main refs/remotes/main [2ms]
2025-05-17 23:36:18.551 [info] > git for-each-ref --sort -committerdate --format %(refname)%00%(objectname)%00%(*objectname) [2ms]
2025-05-17 23:36:18.564 [info] > git status -z -uall [21ms]
2025-05-17 23:36:23.680 [info] > git config --get commit.template [21ms]
2025-05-17 23:36:23.682 [info] > git for-each-ref --format=%(refname)%00%(upstream:short)%00%(objectname)%00%(upstream:track)%00%(upstream:remotename)%00%(upstream:remoteref) refs/heads/main refs/remotes/main [3ms]
2025-05-17 23:36:23.742 [info] > git for-each-ref --sort -committerdate --format %(refname)%00%(objectname)%00%(*objectname) [13ms]
2025-05-17 23:36:23.748 [info] > git status -z -uall [41ms]
2025-05-17 23:36:28.923 [info] > git config --get commit.template [12ms]
2025-05-17 23:36:28.923 [info] > git for-each-ref --format=%(refname)%00%(upstream:short)%00%(objectname)%00%(upstream:track)%00%(upstream:remotename)%00%(upstream:remoteref) refs/heads/main refs/remotes/main [1ms]
2025-05-17 23:36:28.938 [info] > git for-each-ref --sort -committerdate --format %(refname)%00%(objectname)%00%(*objectname) [1ms]
2025-05-17 23:36:28.951 [info] > git status -z -uall [21ms]
2025-05-17 23:36:34.035 [info] > git config --get commit.template [8ms]
2025-05-17 23:36:34.036 [info] > git for-each-ref --format=%(refname)%00%(upstream:short)%00%(objectname)%00%(upstream:track)%00%(upstream:remotename)%00%(upstream:remoteref) refs/heads/main refs/remotes/main [2ms]
2025-05-17 23:36:34.053 [info] > git for-each-ref --sort -committerdate --format %(refname)%00%(objectname)%00%(*objectname) [2ms]
2025-05-17 23:36:34.064 [info] > git status -z -uall [21ms]
2025-05-17 23:36:39.168 [info] > git config --get commit.template [15ms]
2025-05-17 23:36:39.169 [info] > git for-each-ref --format=%(refname)%00%(upstream:short)%00%(objectname)%00%(upstream:track)%00%(upstream:remotename)%00%(upstream:remoteref) refs/heads/main refs/remotes/main [1ms]
2025-05-17 23:36:39.182 [info] > git for-each-ref --sort -committerdate --format %(refname)%00%(objectname)%00%(*objectname) [1ms]
2025-05-17 23:36:39.194 [info] > git status -z -uall [19ms]
2025-05-17 23:36:44.298 [info] > git config --get commit.template [10ms]
2025-05-17 23:36:44.299 [info] > git for-each-ref --format=%(refname)%00%(upstream:short)%00%(objectname)%00%(upstream:track)%00%(upstream:remotename)%00%(upstream:remoteref) refs/heads/main refs/remotes/main [2ms]
2025-05-17 23:36:44.317 [info] > git for-each-ref --sort -committerdate --format %(refname)%00%(objectname)%00%(*objectname) [2ms]
2025-05-17 23:36:44.330 [info] > git status -z -uall [23ms]
2025-05-17 23:36:49.930 [info] > git config --get commit.template [11ms]
2025-05-17 23:36:49.942 [info] > git for-each-ref --format=%(refname)%00%(upstream:short)%00%(objectname)%00%(upstream:track)%00%(upstream:remotename)%00%(upstream:remoteref) refs/heads/main refs/remotes/main [1ms]
2025-05-17 23:36:49.960 [info] > git for-each-ref --sort -committerdate --format %(refname)%00%(objectname)%00%(*objectname) [2ms]
2025-05-17 23:36:49.971 [info] > git status -z -uall [19ms]
2025-05-17 23:36:55.066 [info] > git config --get commit.template [7ms]
2025-05-17 23:36:55.067 [info] > git for-each-ref --format=%(refname)%00%(upstream:short)%00%(objectname)%00%(upstream:track)%00%(upstream:remotename)%00%(upstream:remoteref) refs/heads/main refs/remotes/main [2ms]
2025-05-17 23:36:55.082 [info] > git for-each-ref --sort -committerdate --format %(refname)%00%(objectname)%00%(*objectname) [2ms]
2025-05-17 23:36:55.094 [info] > git status -z -uall [20ms]
2025-05-17 23:37:00.195 [info] > git config --get commit.template [8ms]
2025-05-17 23:37:00.196 [info] > git for-each-ref --format=%(refname)%00%(upstream:short)%00%(objectname)%00%(upstream:track)%00%(upstream:remotename)%00%(upstream:remoteref) refs/heads/main refs/remotes/main [1ms]
2025-05-17 23:37:00.210 [info] > git for-each-ref --sort -committerdate --format %(refname)%00%(objectname)%00%(*objectname) [2ms]
2025-05-17 23:37:00.226 [info] > git status -z -uall [24ms]
2025-05-17 23:37:05.341 [info] > git config --get commit.template [19ms]
2025-05-17 23:37:05.343 [info] > git for-each-ref --format=%(refname)%00%(upstream:short)%00%(objectname)%00%(upstream:track)%00%(upstream:remotename)%00%(upstream:remoteref) refs/heads/main refs/remotes/main [4ms]
2025-05-17 23:37:05.370 [info] > git for-each-ref --sort -committerdate --format %(refname)%00%(objectname)%00%(*objectname) [2ms]
2025-05-17 23:37:05.387 [info] > git status -z -uall [29ms]
2025-05-17 23:37:10.483 [info] > git config --get commit.template [7ms]
2025-05-17 23:37:10.483 [info] > git for-each-ref --format=%(refname)%00%(upstream:short)%00%(objectname)%00%(upstream:track)%00%(upstream:remotename)%00%(upstream:remoteref) refs/heads/main refs/remotes/main [1ms]
2025-05-17 23:37:10.499 [info] > git for-each-ref --sort -committerdate --format %(refname)%00%(objectname)%00%(*objectname) [1ms]
2025-05-17 23:37:10.513 [info] > git status -z -uall [22ms]
2025-05-17 23:37:15.627 [info] > git config --get commit.template [18ms]
2025-05-17 23:37:15.629 [info] > git for-each-ref --format=%(refname)%00%(upstream:short)%00%(objectname)%00%(upstream:track)%00%(upstream:remotename)%00%(upstream:remoteref) refs/heads/main refs/remotes/main [3ms]
2025-05-17 23:37:15.660 [info] > git for-each-ref --sort -committerdate --format %(refname)%00%(objectname)%00%(*objectname) [2ms]
2025-05-17 23:37:15.676 [info] > git status -z -uall [30ms]
2025-05-17 23:37:20.770 [info] > git config --get commit.template [7ms]
2025-05-17 23:37:20.771 [info] > git for-each-ref --format=%(refname)%00%(upstream:short)%00%(objectname)%00%(upstream:track)%00%(upstream:remotename)%00%(upstream:remoteref) refs/heads/main refs/remotes/main [1ms]
2025-05-17 23:37:20.787 [info] > git for-each-ref --sort -committerdate --format %(refname)%00%(objectname)%00%(*objectname) [2ms]
2025-05-17 23:37:20.799 [info] > git status -z -uall [21ms]
2025-05-17 23:37:25.912 [info] > git config --get commit.template [17ms]
2025-05-17 23:37:25.914 [info] > git for-each-ref --format=%(refname)%00%(upstream:short)%00%(objectname)%00%(upstream:track)%00%(upstream:remotename)%00%(upstream:remoteref) refs/heads/main refs/remotes/main [4ms]
2025-05-17 23:37:25.932 [info] > git for-each-ref --sort -committerdate --format %(refname)%00%(objectname)%00%(*objectname) [1ms]
2025-05-17 23:37:25.952 [info] > git status -z -uall [28ms]
2025-05-17 23:37:31.106 [info] > git config --get commit.template [6ms]
2025-05-17 23:37:31.107 [info] > git for-each-ref --format=%(refname)%00%(upstream:short)%00%(objectname)%00%(upstream:track)%00%(upstream:remotename)%00%(upstream:remoteref) refs/heads/main refs/remotes/main [1ms]
2025-05-17 23:37:31.118 [info] > git for-each-ref --sort -committerdate --format %(refname)%00%(objectname)%00%(*objectname) [1ms]
2025-05-17 23:37:31.129 [info] > git status -z -uall [17ms]
2025-05-17 23:37:36.225 [info] > git config --get commit.template [9ms]
2025-05-17 23:37:36.225 [info] > git for-each-ref --format=%(refname)%00%(upstream:short)%00%(objectname)%00%(upstream:track)%00%(upstream:remotename)%00%(upstream:remoteref) refs/heads/main refs/remotes/main [1ms]
2025-05-17 23:37:36.239 [info] > git for-each-ref --sort -committerdate --format %(refname)%00%(objectname)%00%(*objectname) [1ms]
2025-05-17 23:37:36.252 [info] > git status -z -uall [20ms]
2025-05-17 23:37:41.331 [info] > git config --get commit.template [5ms]
2025-05-17 23:37:41.332 [info] > git for-each-ref --format=%(refname)%00%(upstream:short)%00%(objectname)%00%(upstream:track)%00%(upstream:remotename)%00%(upstream:remoteref) refs/heads/main refs/remotes/main [1ms]
2025-05-17 23:37:41.343 [info] > git for-each-ref --sort -committerdate --format %(refname)%00%(objectname)%00%(*objectname) [1ms]
2025-05-17 23:37:41.354 [info] > git status -z -uall [17ms]
2025-05-17 23:37:46.435 [info] > git config --get commit.template [1ms]
2025-05-17 23:37:46.443 [info] > git for-each-ref --format=%(refname)%00%(upstream:short)%00%(objectname)%00%(upstream:track)%00%(upstream:remotename)%00%(upstream:remoteref) refs/heads/main refs/remotes/main [2ms]
2025-05-17 23:37:46.457 [info] > git for-each-ref --sort -committerdate --format %(refname)%00%(objectname)%00%(*objectname) [1ms]
2025-05-17 23:37:46.469 [info] > git status -z -uall [19ms]
2025-05-17 23:37:51.575 [info] > git config --get commit.template [16ms]
2025-05-17 23:37:51.577 [info] > git for-each-ref --format=%(refname)%00%(upstream:short)%00%(objectname)%00%(upstream:track)%00%(upstream:remotename)%00%(upstream:remoteref) refs/heads/main refs/remotes/main [3ms]
2025-05-17 23:37:51.600 [info] > git for-each-ref --sort -committerdate --format %(refname)%00%(objectname)%00%(*objectname) [4ms]
2025-05-17 23:37:51.611 [info] > git status -z -uall [20ms]
2025-05-17 23:37:56.696 [info] > git config --get commit.template [6ms]
2025-05-17 23:37:56.697 [info] > git for-each-ref --format=%(refname)%00%(upstream:short)%00%(objectname)%00%(upstream:track)%00%(upstream:remotename)%00%(upstream:remoteref) refs/heads/main refs/remotes/main [1ms]
2025-05-17 23:37:56.709 [info] > git for-each-ref --sort -committerdate --format %(refname)%00%(objectname)%00%(*objectname) [1ms]
2025-05-17 23:37:56.724 [info] > git status -z -uall [21ms]
2025-05-17 23:38:01.808 [info] > git config --get commit.template [6ms]
2025-05-17 23:38:01.809 [info] > git for-each-ref --format=%(refname)%00%(upstream:short)%00%(objectname)%00%(upstream:track)%00%(upstream:remotename)%00%(upstream:remoteref) refs/heads/main refs/remotes/main [1ms]
2025-05-17 23:38:01.820 [info] > git for-each-ref --sort -committerdate --format %(refname)%00%(objectname)%00%(*objectname) [1ms]
2025-05-17 23:38:01.835 [info] > git status -z -uall [21ms]
2025-05-17 23:38:09.458 [info] > git config --get commit.template [2ms]
2025-05-17 23:38:09.467 [info] > git for-each-ref --format=%(refname)%00%(upstream:short)%00%(objectname)%00%(upstream:track)%00%(upstream:remotename)%00%(upstream:remoteref) refs/heads/main refs/remotes/main [2ms]
2025-05-17 23:38:09.484 [info] > git for-each-ref --sort -committerdate --format %(refname)%00%(objectname)%00%(*objectname) [2ms]
2025-05-17 23:38:09.496 [info] > git status -z -uall [21ms]
2025-05-17 23:38:14.598 [info] > git config --get commit.template [8ms]
2025-05-17 23:38:14.599 [info] > git for-each-ref --format=%(refname)%00%(upstream:short)%00%(objectname)%00%(upstream:track)%00%(upstream:remotename)%00%(upstream:remoteref) refs/heads/main refs/remotes/main [2ms]
2025-05-17 23:38:14.613 [info] > git for-each-ref --sort -committerdate --format %(refname)%00%(objectname)%00%(*objectname) [2ms]
2025-05-17 23:38:14.625 [info] > git status -z -uall [20ms]
2025-05-17 23:38:19.728 [info] > git config --get commit.template [9ms]
2025-05-17 23:38:19.728 [info] > git for-each-ref --format=%(refname)%00%(upstream:short)%00%(objectname)%00%(upstream:track)%00%(upstream:remotename)%00%(upstream:remoteref) refs/heads/main refs/remotes/main [1ms]
2025-05-17 23:38:19.744 [info] > git for-each-ref --sort -committerdate --format %(refname)%00%(objectname)%00%(*objectname) [1ms]
2025-05-17 23:38:19.759 [info] > git status -z -uall [23ms]
2025-05-17 23:38:24.929 [info] > git config --get commit.template [18ms]
2025-05-17 23:38:24.931 [info] > git for-each-ref --format=%(refname)%00%(upstream:short)%00%(objectname)%00%(upstream:track)%00%(upstream:remotename)%00%(upstream:remoteref) refs/heads/main refs/remotes/main [3ms]
2025-05-17 23:38:24.945 [info] > git for-each-ref --sort -committerdate --format %(refname)%00%(objectname)%00%(*objectname) [1ms]
2025-05-17 23:38:24.957 [info] > git status -z -uall [20ms]
2025-05-17 23:38:30.036 [info] > git config --get commit.template [4ms]
2025-05-17 23:38:30.045 [info] > git for-each-ref --format=%(refname)%00%(upstream:short)%00%(objectname)%00%(upstream:track)%00%(upstream:remotename)%00%(upstream:remoteref) refs/heads/main refs/remotes/main [1ms]
2025-05-17 23:38:30.062 [info] > git for-each-ref --sort -committerdate --format %(refname)%00%(objectname)%00%(*objectname) [1ms]
2025-05-17 23:38:30.074 [info] > git status -z -uall [20ms]
2025-05-17 23:38:35.672 [info] > git config --get commit.template [4ms]
2025-05-17 23:38:35.680 [info] > git for-each-ref --format=%(refname)%00%(upstream:short)%00%(objectname)%00%(upstream:track)%00%(upstream:remotename)%00%(upstream:remoteref) refs/heads/main refs/remotes/main [2ms]
2025-05-17 23:38:35.694 [info] > git for-each-ref --sort -committerdate --format %(refname)%00%(objectname)%00%(*objectname) [2ms]
2025-05-17 23:38:35.709 [info] > git status -z -uall [23ms]
2025-05-17 23:38:40.822 [info] > git config --get commit.template [15ms]
2025-05-17 23:38:40.822 [info] > git for-each-ref --format=%(refname)%00%(upstream:short)%00%(objectname)%00%(upstream:track)%00%(upstream:remotename)%00%(upstream:remoteref) refs/heads/main refs/remotes/main [1ms]
2025-05-17 23:38:40.835 [info] > git for-each-ref --sort -committerdate --format %(refname)%00%(objectname)%00%(*objectname) [1ms]
2025-05-17 23:38:40.848 [info] > git status -z -uall [20ms]
2025-05-17 23:38:45.962 [info] > git config --get commit.template [21ms]
2025-05-17 23:38:45.963 [info] > git for-each-ref --format=%(refname)%00%(upstream:short)%00%(objectname)%00%(upstream:track)%00%(upstream:remotename)%00%(upstream:remoteref) refs/heads/main refs/remotes/main [3ms]
2025-05-17 23:38:45.993 [info] > git for-each-ref --sort -committerdate --format %(refname)%00%(objectname)%00%(*objectname) [3ms]
2025-05-17 23:38:46.009 [info] > git status -z -uall [31ms]
2025-05-17 23:38:51.099 [info] > git config --get commit.template [7ms]
2025-05-17 23:38:51.099 [info] > git for-each-ref --format=%(refname)%00%(upstream:short)%00%(objectname)%00%(upstream:track)%00%(upstream:remotename)%00%(upstream:remoteref) refs/heads/main refs/remotes/main [1ms]
2025-05-17 23:38:51.111 [info] > git for-each-ref --sort -committerdate --format %(refname)%00%(objectname)%00%(*objectname) [1ms]
2025-05-17 23:38:51.124 [info] > git status -z -uall [19ms]
2025-05-17 23:38:56.241 [info] > git config --get commit.template [7ms]
2025-05-17 23:38:56.241 [info] > git for-each-ref --format=%(refname)%00%(upstream:short)%00%(objectname)%00%(upstream:track)%00%(upstream:remotename)%00%(upstream:remoteref) refs/heads/main refs/remotes/main [1ms]
2025-05-17 23:38:56.257 [info] > git for-each-ref --sort -committerdate --format %(refname)%00%(objectname)%00%(*objectname) [2ms]
2025-05-17 23:38:56.270 [info] > git status -z -uall [21ms]
2025-05-17 23:39:01.355 [info] > git config --get commit.template [6ms]
2025-05-17 23:39:01.356 [info] > git for-each-ref --format=%(refname)%00%(upstream:short)%00%(objectname)%00%(upstream:track)%00%(upstream:remotename)%00%(upstream:remoteref) refs/heads/main refs/remotes/main [1ms]
2025-05-17 23:39:01.369 [info] > git for-each-ref --sort -committerdate --format %(refname)%00%(objectname)%00%(*objectname) [1ms]
2025-05-17 23:39:01.380 [info] > git status -z -uall [18ms]
2025-05-17 23:39:07.005 [info] > git config --get commit.template [9ms]
2025-05-17 23:39:07.006 [info] > git for-each-ref --format=%(refname)%00%(upstream:short)%00%(objectname)%00%(upstream:track)%00%(upstream:remotename)%00%(upstream:remoteref) refs/heads/main refs/remotes/main [1ms]
2025-05-17 23:39:07.019 [info] > git for-each-ref --sort -committerdate --format %(refname)%00%(objectname)%00%(*objectname) [1ms]
2025-05-17 23:39:07.031 [info] > git status -z -uall [19ms]
2025-05-17 23:39:12.116 [info] > git config --get commit.template [7ms]
2025-05-17 23:39:12.117 [info] > git for-each-ref --format=%(refname)%00%(upstream:short)%00%(objectname)%00%(upstream:track)%00%(upstream:remotename)%00%(upstream:remoteref) refs/heads/main refs/remotes/main [1ms]
2025-05-17 23:39:12.130 [info] > git for-each-ref --sort -committerdate --format %(refname)%00%(objectname)%00%(*objectname) [1ms]
2025-05-17 23:39:12.141 [info] > git status -z -uall [18ms]
2025-05-17 23:39:17.995 [info] > git config --get commit.template [1ms]
2025-05-17 23:39:18.003 [info] > git for-each-ref --format=%(refname)%00%(upstream:short)%00%(objectname)%00%(upstream:track)%00%(upstream:remotename)%00%(upstream:remoteref) refs/heads/main refs/remotes/main [1ms]
2025-05-17 23:39:18.016 [info] > git for-each-ref --sort -committerdate --format %(refname)%00%(objectname)%00%(*objectname) [1ms]
2025-05-17 23:39:18.028 [info] > git status -z -uall [19ms]
2025-05-17 23:39:23.124 [info] > git config --get commit.template [11ms]
2025-05-17 23:39:23.126 [info] > git for-each-ref --format=%(refname)%00%(upstream:short)%00%(objectname)%00%(upstream:track)%00%(upstream:remotename)%00%(upstream:remoteref) refs/heads/main refs/remotes/main [3ms]
2025-05-17 23:39:23.152 [info] > git for-each-ref --sort -committerdate --format %(refname)%00%(objectname)%00%(*objectname) [3ms]
2025-05-17 23:39:23.168 [info] > git status -z -uall [30ms]
2025-05-17 23:39:28.281 [info] > git config --get commit.template [17ms]
2025-05-17 23:39:28.284 [info] > git for-each-ref --format=%(refname)%00%(upstream:short)%00%(objectname)%00%(upstream:track)%00%(upstream:remotename)%00%(upstream:remoteref) refs/heads/main refs/remotes/main [4ms]
2025-05-17 23:39:28.313 [info] > git for-each-ref --sort -committerdate --format %(refname)%00%(objectname)%00%(*objectname) [2ms]
2025-05-17 23:39:28.325 [info] > git status -z -uall [23ms]
2025-05-17 23:39:37.018 [info] > git config --get commit.template [4ms]
2025-05-17 23:39:37.026 [info] > git for-each-ref --format=%(refname)%00%(upstream:short)%00%(objectname)%00%(upstream:track)%00%(upstream:remotename)%00%(upstream:remoteref) refs/heads/main refs/remotes/main [1ms]
2025-05-17 23:39:37.041 [info] > git for-each-ref --sort -committerdate --format %(refname)%00%(objectname)%00%(*objectname) [2ms]
2025-05-17 23:39:37.054 [info] > git status -z -uall [21ms]
2025-05-17 23:39:42.173 [info] > git config --get commit.template [7ms]
2025-05-17 23:39:42.174 [info] > git for-each-ref --format=%(refname)%00%(upstream:short)%00%(objectname)%00%(upstream:track)%00%(upstream:remotename)%00%(upstream:remoteref) refs/heads/main refs/remotes/main [2ms]
2025-05-17 23:39:42.188 [info] > git for-each-ref --sort -committerdate --format %(refname)%00%(objectname)%00%(*objectname) [2ms]
2025-05-17 23:39:42.203 [info] > git status -z -uall [23ms]
2025-05-17 23:39:47.308 [info] > git config --get commit.template [9ms]
2025-05-17 23:39:47.308 [info] > git for-each-ref --format=%(refname)%00%(upstream:short)%00%(objectname)%00%(upstream:track)%00%(upstream:remotename)%00%(upstream:remoteref) refs/heads/main refs/remotes/main [1ms]
2025-05-17 23:39:47.325 [info] > git for-each-ref --sort -committerdate --format %(refname)%00%(objectname)%00%(*objectname) [1ms]
2025-05-17 23:39:47.338 [info] > git status -z -uall [22ms]
2025-05-17 23:39:52.438 [info] > git config --get commit.template [9ms]
2025-05-17 23:39:52.439 [info] > git for-each-ref --format=%(refname)%00%(upstream:short)%00%(objectname)%00%(upstream:track)%00%(upstream:remotename)%00%(upstream:remoteref) refs/heads/main refs/remotes/main [2ms]
2025-05-17 23:39:52.455 [info] > git for-each-ref --sort -committerdate --format %(refname)%00%(objectname)%00%(*objectname) [2ms]
2025-05-17 23:39:52.467 [info] > git status -z -uall [20ms]
2025-05-17 23:39:57.557 [info] > git config --get commit.template [9ms]
2025-05-17 23:39:57.557 [info] > git for-each-ref --format=%(refname)%00%(upstream:short)%00%(objectname)%00%(upstream:track)%00%(upstream:remotename)%00%(upstream:remoteref) refs/heads/main refs/remotes/main [1ms]
2025-05-17 23:39:57.574 [info] > git for-each-ref --sort -committerdate --format %(refname)%00%(objectname)%00%(*objectname) [2ms]
2025-05-17 23:39:57.586 [info] > git status -z -uall [21ms]
2025-05-17 23:40:02.698 [info] > git config --get commit.template [19ms]
2025-05-17 23:40:02.699 [info] > git for-each-ref --format=%(refname)%00%(upstream:short)%00%(objectname)%00%(upstream:track)%00%(upstream:remotename)%00%(upstream:remoteref) refs/heads/main refs/remotes/main [2ms]
2025-05-17 23:40:02.713 [info] > git for-each-ref --sort -committerdate --format %(refname)%00%(objectname)%00%(*objectname) [2ms]
2025-05-17 23:40:02.724 [info] > git status -z -uall [18ms]
2025-05-17 23:40:07.819 [info] > git config --get commit.template [8ms]
2025-05-17 23:40:07.820 [info] > git for-each-ref --format=%(refname)%00%(upstream:short)%00%(objectname)%00%(upstream:track)%00%(upstream:remotename)%00%(upstream:remoteref) refs/heads/main refs/remotes/main [2ms]
2025-05-17 23:40:07.837 [info] > git for-each-ref --sort -committerdate --format %(refname)%00%(objectname)%00%(*objectname) [2ms]
2025-05-17 23:40:07.849 [info] > git status -z -uall [21ms]
2025-05-17 23:40:12.960 [info] > git for-each-ref --format=%(refname)%00%(upstream:short)%00%(objectname)%00%(upstream:track)%00%(upstream:remotename)%00%(upstream:remoteref) refs/heads/main refs/remotes/main [4ms]
2025-05-17 23:40:12.961 [info] > git config --get commit.template [17ms]
2025-05-17 23:40:12.976 [info] > git for-each-ref --sort -committerdate --format %(refname)%00%(objectname)%00%(*objectname) [2ms]
2025-05-17 23:40:12.987 [info] > git status -z -uall [19ms]
2025-05-17 23:40:18.077 [info] > git config --get commit.template [8ms]
2025-05-17 23:40:18.078 [info] > git for-each-ref --format=%(refname)%00%(upstream:short)%00%(objectname)%00%(upstream:track)%00%(upstream:remotename)%00%(upstream:remoteref) refs/heads/main refs/remotes/main [1ms]
2025-05-17 23:40:18.097 [info] > git for-each-ref --sort -committerdate --format %(refname)%00%(objectname)%00%(*objectname) [4ms]
2025-05-17 23:40:18.107 [info] > git status -z -uall [22ms]
2025-05-17 23:40:23.220 [info] > git config --get commit.template [18ms]
2025-05-17 23:40:23.221 [info] > git for-each-ref --format=%(refname)%00%(upstream:short)%00%(objectname)%00%(upstream:track)%00%(upstream:remotename)%00%(upstream:remoteref) refs/heads/main refs/remotes/main [3ms]
2025-05-17 23:40:23.235 [info] > git for-each-ref --sort -committerdate --format %(refname)%00%(objectname)%00%(*objectname) [2ms]
2025-05-17 23:40:23.253 [info] > git status -z -uall [25ms]
2025-05-17 23:40:28.338 [info] > git config --get commit.template [7ms]
2025-05-17 23:40:28.339 [info] > git for-each-ref --format=%(refname)%00%(upstream:short)%00%(objectname)%00%(upstream:track)%00%(upstream:remotename)%00%(upstream:remoteref) refs/heads/main refs/remotes/main [1ms]
2025-05-17 23:40:28.353 [info] > git for-each-ref --sort -committerdate --format %(refname)%00%(objectname)%00%(*objectname) [2ms]
2025-05-17 23:40:28.368 [info] > git status -z -uall [22ms]
2025-05-17 23:40:33.983 [info] > git config --get commit.template [4ms]
2025-05-17 23:40:33.992 [info] > git for-each-ref --format=%(refname)%00%(upstream:short)%00%(objectname)%00%(upstream:track)%00%(upstream:remotename)%00%(upstream:remoteref) refs/heads/main refs/remotes/main [1ms]
2025-05-17 23:40:34.008 [info] > git for-each-ref --sort -committerdate --format %(refname)%00%(objectname)%00%(*objectname) [2ms]
2025-05-17 23:40:34.021 [info] > git status -z -uall [21ms]
2025-05-17 23:40:39.113 [info] > git config --get commit.template [6ms]
2025-05-17 23:40:39.113 [info] > git for-each-ref --format=%(refname)%00%(upstream:short)%00%(objectname)%00%(upstream:track)%00%(upstream:remotename)%00%(upstream:remoteref) refs/heads/main refs/remotes/main [1ms]
2025-05-17 23:40:39.126 [info] > git for-each-ref --sort -committerdate --format %(refname)%00%(objectname)%00%(*objectname) [2ms]
2025-05-17 23:40:39.139 [info] > git status -z -uall [20ms]
2025-05-17 23:40:44.233 [info] > git config --get commit.template [7ms]
2025-05-17 23:40:44.234 [info] > git for-each-ref --format=%(refname)%00%(upstream:short)%00%(objectname)%00%(upstream:track)%00%(upstream:remotename)%00%(upstream:remoteref) refs/heads/main refs/remotes/main [2ms]
2025-05-17 23:40:44.248 [info] > git for-each-ref --sort -committerdate --format %(refname)%00%(objectname)%00%(*objectname) [1ms]
2025-05-17 23:40:44.261 [info] > git status -z -uall [20ms]
2025-05-17 23:40:49.345 [info] > git config --get commit.template [6ms]
2025-05-17 23:40:49.345 [info] > git for-each-ref --format=%(refname)%00%(upstream:short)%00%(objectname)%00%(upstream:track)%00%(upstream:remotename)%00%(upstream:remoteref) refs/heads/main refs/remotes/main [1ms]
2025-05-17 23:40:49.358 [info] > git for-each-ref --sort -committerdate --format %(refname)%00%(objectname)%00%(*objectname) [2ms]
2025-05-17 23:40:49.369 [info] > git status -z -uall [18ms]
2025-05-17 23:40:54.461 [info] > git config --get commit.template [8ms]
2025-05-17 23:40:54.462 [info] > git for-each-ref --format=%(refname)%00%(upstream:short)%00%(objectname)%00%(upstream:track)%00%(upstream:remotename)%00%(upstream:remoteref) refs/heads/main refs/remotes/main [2ms]
2025-05-17 23:40:54.478 [info] > git for-each-ref --sort -committerdate --format %(refname)%00%(objectname)%00%(*objectname) [3ms]
2025-05-17 23:40:54.489 [info] > git status -z -uall [20ms]
2025-05-17 23:40:59.577 [info] > git config --get commit.template [7ms]
2025-05-17 23:40:59.578 [info] > git for-each-ref --format=%(refname)%00%(upstream:short)%00%(objectname)%00%(upstream:track)%00%(upstream:remotename)%00%(upstream:remoteref) refs/heads/main refs/remotes/main [2ms]
2025-05-17 23:40:59.591 [info] > git for-each-ref --sort -committerdate --format %(refname)%00%(objectname)%00%(*objectname) [1ms]
2025-05-17 23:40:59.603 [info] > git status -z -uall [19ms]
2025-05-17 23:41:04.719 [info] > git config --get commit.template [18ms]
2025-05-17 23:41:04.720 [info] > git for-each-ref --format=%(refname)%00%(upstream:short)%00%(objectname)%00%(upstream:track)%00%(upstream:remotename)%00%(upstream:remoteref) refs/heads/main refs/remotes/main [2ms]
2025-05-17 23:41:04.739 [info] > git for-each-ref --sort -committerdate --format %(refname)%00%(objectname)%00%(*objectname) [1ms]
2025-05-17 23:41:04.751 [info] > git status -z -uall [21ms]
2025-05-17 23:41:09.878 [info] > git config --get commit.template [33ms]
2025-05-17 23:41:09.881 [info] > git for-each-ref --format=%(refname)%00%(upstream:short)%00%(objectname)%00%(upstream:track)%00%(upstream:remotename)%00%(upstream:remoteref) refs/heads/main refs/remotes/main [4ms]
2025-05-17 23:41:09.928 [info] > git for-each-ref --sort -committerdate --format %(refname)%00%(objectname)%00%(*objectname) [13ms]
2025-05-17 23:41:09.943 [info] > git status -z -uall [44ms]
2025-05-17 23:41:15.102 [info] > git config --get commit.template [7ms]
2025-05-17 23:41:15.103 [info] > git for-each-ref --format=%(refname)%00%(upstream:short)%00%(objectname)%00%(upstream:track)%00%(upstream:remotename)%00%(upstream:remoteref) refs/heads/main refs/remotes/main [1ms]
2025-05-17 23:41:15.119 [info] > git for-each-ref --sort -committerdate --format %(refname)%00%(objectname)%00%(*objectname) [1ms]
2025-05-17 23:41:15.131 [info] > git status -z -uall [20ms]
2025-05-17 23:41:20.231 [info] > git config --get commit.template [8ms]
2025-05-17 23:41:20.231 [info] > git for-each-ref --format=%(refname)%00%(upstream:short)%00%(objectname)%00%(upstream:track)%00%(upstream:remotename)%00%(upstream:remoteref) refs/heads/main refs/remotes/main [1ms]
2025-05-17 23:41:20.245 [info] > git for-each-ref --sort -committerdate --format %(refname)%00%(objectname)%00%(*objectname) [2ms]
2025-05-17 23:41:20.256 [info] > git status -z -uall [18ms]
2025-05-17 23:41:25.360 [info] > git config --get commit.template [20ms]
2025-05-17 23:41:25.363 [info] > git for-each-ref --format=%(refname)%00%(upstream:short)%00%(objectname)%00%(upstream:track)%00%(upstream:remotename)%00%(upstream:remoteref) refs/heads/main refs/remotes/main [4ms]
2025-05-17 23:41:25.383 [info] > git for-each-ref --sort -committerdate --format %(refname)%00%(objectname)%00%(*objectname) [1ms]
2025-05-17 23:41:25.396 [info] > git status -z -uall [22ms]
2025-05-17 23:41:30.488 [info] > git config --get commit.template [7ms]
2025-05-17 23:41:30.488 [info] > git for-each-ref --format=%(refname)%00%(upstream:short)%00%(objectname)%00%(upstream:track)%00%(upstream:remotename)%00%(upstream:remoteref) refs/heads/main refs/remotes/main [1ms]
2025-05-17 23:41:30.503 [info] > git for-each-ref --sort -committerdate --format %(refname)%00%(objectname)%00%(*objectname) [1ms]
2025-05-17 23:41:30.514 [info] > git status -z -uall [18ms]
2025-05-17 23:41:35.609 [info] > git config --get commit.template [7ms]
2025-05-17 23:41:35.610 [info] > git for-each-ref --format=%(refname)%00%(upstream:short)%00%(objectname)%00%(upstream:track)%00%(upstream:remotename)%00%(upstream:remoteref) refs/heads/main refs/remotes/main [1ms]
2025-05-17 23:41:35.627 [info] > git for-each-ref --sort -committerdate --format %(refname)%00%(objectname)%00%(*objectname) [4ms]
2025-05-17 23:41:35.642 [info] > git status -z -uall [25ms]
2025-05-17 23:41:40.743 [info] > git config --get commit.template [5ms]
2025-05-17 23:41:40.751 [info] > git for-each-ref --format=%(refname)%00%(upstream:short)%00%(objectname)%00%(upstream:track)%00%(upstream:remotename)%00%(upstream:remoteref) refs/heads/main refs/remotes/main [1ms]
2025-05-17 23:41:40.766 [info] > git for-each-ref --sort -committerdate --format %(refname)%00%(objectname)%00%(*objectname) [2ms]
2025-05-17 23:41:40.778 [info] > git status -z -uall [19ms]
2025-05-17 23:41:45.885 [info] > git config --get commit.template [14ms]
2025-05-17 23:41:45.886 [info] > git for-each-ref --format=%(refname)%00%(upstream:short)%00%(objectname)%00%(upstream:track)%00%(upstream:remotename)%00%(upstream:remoteref) refs/heads/main refs/remotes/main [1ms]
2025-05-17 23:41:45.902 [info] > git for-each-ref --sort -committerdate --format %(refname)%00%(objectname)%00%(*objectname) [1ms]
2025-05-17 23:41:45.921 [info] > git status -z -uall [28ms]
2025-05-17 23:41:51.504 [info] > git config --get commit.template [1ms]
2025-05-17 23:41:51.512 [info] > git for-each-ref --format=%(refname)%00%(upstream:short)%00%(objectname)%00%(upstream:track)%00%(upstream:remotename)%00%(upstream:remoteref) refs/heads/main refs/remotes/main [1ms]
2025-05-17 23:41:51.526 [info] > git for-each-ref --sort -committerdate --format %(refname)%00%(objectname)%00%(*objectname) [2ms]
2025-05-17 23:41:51.542 [info] > git status -z -uall [24ms]
2025-05-17 23:41:56.640 [info] > git config --get commit.template [9ms]
2025-05-17 23:41:56.641 [info] > git for-each-ref --format=%(refname)%00%(upstream:short)%00%(objectname)%00%(upstream:track)%00%(upstream:remotename)%00%(upstream:remoteref) refs/heads/main refs/remotes/main [2ms]
2025-05-17 23:41:56.660 [info] > git for-each-ref --sort -committerdate --format %(refname)%00%(objectname)%00%(*objectname) [3ms]
2025-05-17 23:41:56.671 [info] > git status -z -uall [21ms]
2025-05-17 23:42:01.779 [info] > git config --get commit.template [9ms]
2025-05-17 23:42:01.779 [info] > git for-each-ref --format=%(refname)%00%(upstream:short)%00%(objectname)%00%(upstream:track)%00%(upstream:remotename)%00%(upstream:remoteref) refs/heads/main refs/remotes/main [1ms]
2025-05-17 23:42:01.795 [info] > git for-each-ref --sort -committerdate --format %(refname)%00%(objectname)%00%(*objectname) [1ms]
2025-05-17 23:42:01.808 [info] > git status -z -uall [21ms]
2025-05-17 23:42:06.909 [info] > git config --get commit.template [6ms]
2025-05-17 23:42:06.910 [info] > git for-each-ref --format=%(refname)%00%(upstream:short)%00%(objectname)%00%(upstream:track)%00%(upstream:remotename)%00%(upstream:remoteref) refs/heads/main refs/remotes/main [1ms]
2025-05-17 23:42:06.925 [info] > git for-each-ref --sort -committerdate --format %(refname)%00%(objectname)%00%(*objectname) [2ms]
2025-05-17 23:42:06.937 [info] > git status -z -uall [20ms]
2025-05-17 23:42:12.020 [info] > git config --get commit.template [7ms]
2025-05-17 23:42:12.020 [info] > git for-each-ref --format=%(refname)%00%(upstream:short)%00%(objectname)%00%(upstream:track)%00%(upstream:remotename)%00%(upstream:remoteref) refs/heads/main refs/remotes/main [1ms]
2025-05-17 23:42:12.033 [info] > git for-each-ref --sort -committerdate --format %(refname)%00%(objectname)%00%(*objectname) [1ms]
2025-05-17 23:42:12.046 [info] > git status -z -uall [20ms]
2025-05-17 23:42:17.152 [info] > git config --get commit.template [9ms]
2025-05-17 23:42:17.153 [info] > git for-each-ref --format=%(refname)%00%(upstream:short)%00%(objectname)%00%(upstream:track)%00%(upstream:remotename)%00%(upstream:remoteref) refs/heads/main refs/remotes/main [2ms]
2025-05-17 23:42:17.168 [info] > git for-each-ref --sort -committerdate --format %(refname)%00%(objectname)%00%(*objectname) [2ms]
2025-05-17 23:42:17.181 [info] > git status -z -uall [21ms]
2025-05-17 23:42:22.810 [info] > git config --get commit.template [19ms]
2025-05-17 23:42:22.810 [info] > git for-each-ref --format=%(refname)%00%(upstream:short)%00%(objectname)%00%(upstream:track)%00%(upstream:remotename)%00%(upstream:remoteref) refs/heads/main refs/remotes/main [1ms]
2025-05-17 23:42:22.825 [info] > git for-each-ref --sort -committerdate --format %(refname)%00%(objectname)%00%(*objectname) [1ms]
2025-05-17 23:42:22.835 [info] > git status -z -uall [18ms]
2025-05-17 23:42:27.934 [info] > git config --get commit.template [9ms]
2025-05-17 23:42:27.935 [info] > git for-each-ref --format=%(refname)%00%(upstream:short)%00%(objectname)%00%(upstream:track)%00%(upstream:remotename)%00%(upstream:remoteref) refs/heads/main refs/remotes/main [1ms]
2025-05-17 23:42:27.952 [info] > git for-each-ref --sort -committerdate --format %(refname)%00%(objectname)%00%(*objectname) [1ms]
2025-05-17 23:42:27.964 [info] > git status -z -uall [20ms]
2025-05-17 23:42:33.065 [info] > git config --get commit.template [7ms]
2025-05-17 23:42:33.074 [info] > git for-each-ref --format=%(refname)%00%(upstream:short)%00%(objectname)%00%(upstream:track)%00%(upstream:remotename)%00%(upstream:remoteref) refs/heads/main refs/remotes/main [1ms]
2025-05-17 23:42:33.093 [info] > git for-each-ref --sort -committerdate --format %(refname)%00%(objectname)%00%(*objectname) [3ms]
2025-05-17 23:42:33.106 [info] > git status -z -uall [24ms]
2025-05-17 23:42:38.268 [info] > git config --get commit.template [11ms]
2025-05-17 23:42:38.269 [info] > git for-each-ref --format=%(refname)%00%(upstream:short)%00%(objectname)%00%(upstream:track)%00%(upstream:remotename)%00%(upstream:remoteref) refs/heads/main refs/remotes/main [2ms]
2025-05-17 23:42:38.285 [info] > git for-each-ref --sort -committerdate --format %(refname)%00%(objectname)%00%(*objectname) [1ms]
2025-05-17 23:42:38.298 [info] > git status -z -uall [21ms]
2025-05-17 23:42:43.912 [info] > git config --get commit.template [5ms]
2025-05-17 23:42:43.925 [info] > git for-each-ref --format=%(refname)%00%(upstream:short)%00%(objectname)%00%(upstream:track)%00%(upstream:remotename)%00%(upstream:remoteref) refs/heads/main refs/remotes/main [2ms]
2025-05-17 23:42:43.942 [info] > git for-each-ref --sort -committerdate --format %(refname)%00%(objectname)%00%(*objectname) [2ms]
2025-05-17 23:42:43.959 [info] > git status -z -uall [26ms]
2025-05-17 23:42:49.059 [info] > git config --get commit.template [7ms]
2025-05-17 23:42:49.060 [info] > git for-each-ref --format=%(refname)%00%(upstream:short)%00%(objectname)%00%(upstream:track)%00%(upstream:remotename)%00%(upstream:remoteref) refs/heads/main refs/remotes/main [1ms]
2025-05-17 23:42:49.074 [info] > git for-each-ref --sort -committerdate --format %(refname)%00%(objectname)%00%(*objectname) [2ms]
2025-05-17 23:42:49.092 [info] > git status -z -uall [24ms]
2025-05-17 23:42:54.250 [info] > git config --get commit.template [7ms]
2025-05-17 23:42:54.251 [info] > git for-each-ref --format=%(refname)%00%(upstream:short)%00%(objectname)%00%(upstream:track)%00%(upstream:remotename)%00%(upstream:remoteref) refs/heads/main refs/remotes/main [1ms]
2025-05-17 23:42:54.264 [info] > git for-each-ref --sort -committerdate --format %(refname)%00%(objectname)%00%(*objectname) [1ms]
2025-05-17 23:42:54.276 [info] > git status -z -uall [19ms]
2025-05-17 23:42:59.906 [info] > git config --get commit.template [1ms]
2025-05-17 23:42:59.917 [info] > git for-each-ref --format=%(refname)%00%(upstream:short)%00%(objectname)%00%(upstream:track)%00%(upstream:remotename)%00%(upstream:remoteref) refs/heads/main refs/remotes/main [4ms]
2025-05-17 23:42:59.934 [info] > git for-each-ref --sort -committerdate --format %(refname)%00%(objectname)%00%(*objectname) [2ms]
2025-05-17 23:42:59.945 [info] > git status -z -uall [20ms]
2025-05-17 23:43:05.054 [info] > git config --get commit.template [18ms]
2025-05-17 23:43:05.056 [info] > git for-each-ref --format=%(refname)%00%(upstream:short)%00%(objectname)%00%(upstream:track)%00%(upstream:remotename)%00%(upstream:remoteref) refs/heads/main refs/remotes/main [4ms]
2025-05-17 23:43:05.092 [info] > git for-each-ref --sort -committerdate --format %(refname)%00%(objectname)%00%(*objectname) [4ms]
2025-05-17 23:43:05.121 [info] > git status -z -uall [49ms]
2025-05-17 23:43:10.223 [info] > git config --get commit.template [9ms]
2025-05-17 23:43:10.224 [info] > git for-each-ref --format=%(refname)%00%(upstream:short)%00%(objectname)%00%(upstream:track)%00%(upstream:remotename)%00%(upstream:remoteref) refs/heads/main refs/remotes/main [2ms]
2025-05-17 23:43:10.241 [info] > git for-each-ref --sort -committerdate --format %(refname)%00%(objectname)%00%(*objectname) [2ms]
2025-05-17 23:43:10.254 [info] > git status -z -uall [22ms]
2025-05-17 23:43:15.364 [info] > git config --get commit.template [19ms]
2025-05-17 23:43:15.366 [info] > git for-each-ref --format=%(refname)%00%(upstream:short)%00%(objectname)%00%(upstream:track)%00%(upstream:remotename)%00%(upstream:remoteref) refs/heads/main refs/remotes/main [4ms]
2025-05-17 23:43:15.403 [info] > git for-each-ref --sort -committerdate --format %(refname)%00%(objectname)%00%(*objectname) [4ms]
2025-05-17 23:43:15.436 [info] > git status -z -uall [53ms]
2025-05-17 23:43:20.553 [info] > git config --get commit.template [16ms]
2025-05-17 23:43:20.556 [info] > git for-each-ref --format=%(refname)%00%(upstream:short)%00%(objectname)%00%(upstream:track)%00%(upstream:remotename)%00%(upstream:remoteref) refs/heads/main refs/remotes/main [4ms]
2025-05-17 23:43:20.578 [info] > git for-each-ref --sort -committerdate --format %(refname)%00%(objectname)%00%(*objectname) [1ms]
2025-05-17 23:43:20.590 [info] > git status -z -uall [19ms]
2025-05-17 23:43:26.167 [info] > git config --get commit.template [1ms]
2025-05-17 23:43:26.174 [info] > git for-each-ref --format=%(refname)%00%(upstream:short)%00%(objectname)%00%(upstream:track)%00%(upstream:remotename)%00%(upstream:remoteref) refs/heads/main refs/remotes/main [1ms]
2025-05-17 23:43:26.187 [info] > git for-each-ref --sort -committerdate --format %(refname)%00%(objectname)%00%(*objectname) [1ms]
2025-05-17 23:43:26.198 [info] > git status -z -uall [18ms]
2025-05-17 23:43:31.281 [info] > git config --get commit.template [7ms]
2025-05-17 23:43:31.282 [info] > git for-each-ref --format=%(refname)%00%(upstream:short)%00%(objectname)%00%(upstream:track)%00%(upstream:remotename)%00%(upstream:remoteref) refs/heads/main refs/remotes/main [1ms]
2025-05-17 23:43:31.294 [info] > git for-each-ref --sort -committerdate --format %(refname)%00%(objectname)%00%(*objectname) [1ms]
2025-05-17 23:43:31.304 [info] > git status -z -uall [17ms]
2025-05-17 23:43:36.390 [info] > git config --get commit.template [6ms]
2025-05-17 23:43:36.390 [info] > git for-each-ref --format=%(refname)%00%(upstream:short)%00%(objectname)%00%(upstream:track)%00%(upstream:remotename)%00%(upstream:remoteref) refs/heads/main refs/remotes/main [1ms]
2025-05-17 23:43:36.405 [info] > git for-each-ref --sort -committerdate --format %(refname)%00%(objectname)%00%(*objectname) [2ms]
2025-05-17 23:43:36.416 [info] > git status -z -uall [19ms]
2025-05-17 23:43:41.502 [info] > git config --get commit.template [6ms]
2025-05-17 23:43:41.503 [info] > git for-each-ref --format=%(refname)%00%(upstream:short)%00%(objectname)%00%(upstream:track)%00%(upstream:remotename)%00%(upstream:remoteref) refs/heads/main refs/remotes/main [1ms]
2025-05-17 23:43:41.517 [info] > git for-each-ref --sort -committerdate --format %(refname)%00%(objectname)%00%(*objectname) [2ms]
2025-05-17 23:43:41.530 [info] > git status -z -uall [21ms]
2025-05-17 23:43:46.617 [info] > git config --get commit.template [6ms]
2025-05-17 23:43:46.618 [info] > git for-each-ref --format=%(refname)%00%(upstream:short)%00%(objectname)%00%(upstream:track)%00%(upstream:remotename)%00%(upstream:remoteref) refs/heads/main refs/remotes/main [1ms]
2025-05-17 23:43:46.632 [info] > git for-each-ref --sort -committerdate --format %(refname)%00%(objectname)%00%(*objectname) [2ms]
2025-05-17 23:43:46.647 [info] > git status -z -uall [23ms]
2025-05-17 23:43:51.748 [info] > git config --get commit.template [9ms]
2025-05-17 23:43:51.749 [info] > git for-each-ref --format=%(refname)%00%(upstream:short)%00%(objectname)%00%(upstream:track)%00%(upstream:remotename)%00%(upstream:remoteref) refs/heads/main refs/remotes/main [1ms]
2025-05-17 23:43:51.764 [info] > git for-each-ref --sort -committerdate --format %(refname)%00%(objectname)%00%(*objectname) [2ms]
2025-05-17 23:43:51.775 [info] > git status -z -uall [19ms]
2025-05-17 23:43:56.896 [info] > git config --get commit.template [19ms]
2025-05-17 23:43:56.898 [info] > git for-each-ref --format=%(refname)%00%(upstream:short)%00%(objectname)%00%(upstream:track)%00%(upstream:remotename)%00%(upstream:remoteref) refs/heads/main refs/remotes/main [4ms]
2025-05-17 23:43:56.935 [info] > git for-each-ref --sort -committerdate --format %(refname)%00%(objectname)%00%(*objectname) [3ms]
2025-05-17 23:43:56.947 [info] > git status -z -uall [32ms]
2025-05-17 23:44:02.054 [info] > git config --get commit.template [10ms]
2025-05-17 23:44:02.055 [info] > git for-each-ref --format=%(refname)%00%(upstream:short)%00%(objectname)%00%(upstream:track)%00%(upstream:remotename)%00%(upstream:remoteref) refs/heads/main refs/remotes/main [2ms]
2025-05-17 23:44:02.070 [info] > git for-each-ref --sort -committerdate --format %(refname)%00%(objectname)%00%(*objectname) [2ms]
2025-05-17 23:44:02.083 [info] > git status -z -uall [21ms]
2025-05-17 23:44:07.193 [info] > git config --get commit.template [18ms]
2025-05-17 23:44:07.195 [info] > git for-each-ref --format=%(refname)%00%(upstream:short)%00%(objectname)%00%(upstream:track)%00%(upstream:remotename)%00%(upstream:remoteref) refs/heads/main refs/remotes/main [3ms]
2025-05-17 23:44:07.231 [info] > git for-each-ref --sort -committerdate --format %(refname)%00%(objectname)%00%(*objectname) [4ms]
2025-05-17 23:44:07.244 [info] > git status -z -uall [33ms]
2025-05-17 23:44:12.333 [info] > git config --get commit.template [6ms]
2025-05-17 23:44:12.333 [info] > git for-each-ref --format=%(refname)%00%(upstream:short)%00%(objectname)%00%(upstream:track)%00%(upstream:remotename)%00%(upstream:remoteref) refs/heads/main refs/remotes/main [1ms]
2025-05-17 23:44:12.349 [info] > git for-each-ref --sort -committerdate --format %(refname)%00%(objectname)%00%(*objectname) [1ms]
2025-05-17 23:44:12.361 [info] > git status -z -uall [21ms]
2025-05-17 23:44:17.460 [info] > git config --get commit.template [13ms]
2025-05-17 23:44:17.461 [info] > git for-each-ref --format=%(refname)%00%(upstream:short)%00%(objectname)%00%(upstream:track)%00%(upstream:remotename)%00%(upstream:remoteref) refs/heads/main refs/remotes/main [2ms]
2025-05-17 23:44:17.484 [info] > git for-each-ref --sort -committerdate --format %(refname)%00%(objectname)%00%(*objectname) [2ms]
2025-05-17 23:44:17.497 [info] > git status -z -uall [25ms]
2025-05-17 23:44:22.612 [info] > git config --get commit.template [18ms]
2025-05-17 23:44:22.614 [info] > git for-each-ref --format=%(refname)%00%(upstream:short)%00%(objectname)%00%(upstream:track)%00%(upstream:remotename)%00%(upstream:remoteref) refs/heads/main refs/remotes/main [4ms]
2025-05-17 23:44:22.628 [info] > git for-each-ref --sort -committerdate --format %(refname)%00%(objectname)%00%(*objectname) [2ms]
2025-05-17 23:44:22.640 [info] > git status -z -uall [19ms]
2025-05-17 23:44:27.730 [info] > git for-each-ref --format=%(refname)%00%(upstream:short)%00%(objectname)%00%(upstream:track)%00%(upstream:remotename)%00%(upstream:remoteref) refs/heads/main refs/remotes/main [4ms]
2025-05-17 23:44:27.730 [info] > git config --get commit.template [11ms]
2025-05-17 23:44:27.746 [info] > git for-each-ref --sort -committerdate --format %(refname)%00%(objectname)%00%(*objectname) [2ms]
2025-05-17 23:44:27.758 [info] > git status -z -uall [20ms]
2025-05-17 23:44:32.848 [info] > git config --get commit.template [9ms]
2025-05-17 23:44:32.849 [info] > git for-each-ref --format=%(refname)%00%(upstream:short)%00%(objectname)%00%(upstream:track)%00%(upstream:remotename)%00%(upstream:remoteref) refs/heads/main refs/remotes/main [2ms]
2025-05-17 23:44:32.863 [info] > git for-each-ref --sort -committerdate --format %(refname)%00%(objectname)%00%(*objectname) [1ms]
2025-05-17 23:44:32.874 [info] > git status -z -uall [18ms]
2025-05-17 23:44:37.972 [info] > git config --get commit.template [7ms]
2025-05-17 23:44:37.973 [info] > git for-each-ref --format=%(refname)%00%(upstream:short)%00%(objectname)%00%(upstream:track)%00%(upstream:remotename)%00%(upstream:remoteref) refs/heads/main refs/remotes/main [2ms]
2025-05-17 23:44:37.988 [info] > git for-each-ref --sort -committerdate --format %(refname)%00%(objectname)%00%(*objectname) [2ms]
2025-05-17 23:44:38.000 [info] > git status -z -uall [20ms]
2025-05-17 23:44:43.629 [info] > git config --get commit.template [20ms]
2025-05-17 23:44:43.630 [info] > git for-each-ref --format=%(refname)%00%(upstream:short)%00%(objectname)%00%(upstream:track)%00%(upstream:remotename)%00%(upstream:remoteref) refs/heads/main refs/remotes/main [3ms]
2025-05-17 23:44:43.667 [info] > git for-each-ref --sort -committerdate --format %(refname)%00%(objectname)%00%(*objectname) [4ms]
2025-05-17 23:44:43.695 [info] > git status -z -uall [47ms]
2025-05-17 23:44:48.798 [info] > git config --get commit.template [8ms]
2025-05-17 23:44:48.799 [info] > git for-each-ref --format=%(refname)%00%(upstream:short)%00%(objectname)%00%(upstream:track)%00%(upstream:remotename)%00%(upstream:remoteref) refs/heads/main refs/remotes/main [1ms]
2025-05-17 23:44:48.815 [info] > git for-each-ref --sort -committerdate --format %(refname)%00%(objectname)%00%(*objectname) [2ms]
2025-05-17 23:44:48.828 [info] > git status -z -uall [22ms]
2025-05-17 23:44:53.938 [info] > git config --get commit.template [17ms]
2025-05-17 23:44:53.958 [info] > git for-each-ref --format=%(refname)%00%(upstream:short)%00%(objectname)%00%(upstream:track)%00%(upstream:remotename)%00%(upstream:remoteref) refs/heads/main refs/remotes/main [2ms]
2025-05-17 23:44:53.978 [info] > git for-each-ref --sort -committerdate --format %(refname)%00%(objectname)%00%(*objectname) [2ms]
2025-05-17 23:44:53.990 [info] > git status -z -uall [22ms]
2025-05-17 23:44:59.143 [info] > git config --get commit.template [8ms]
2025-05-17 23:44:59.144 [info] > git for-each-ref --format=%(refname)%00%(upstream:short)%00%(objectname)%00%(upstream:track)%00%(upstream:remotename)%00%(upstream:remoteref) refs/heads/main refs/remotes/main [2ms]
2025-05-17 23:44:59.157 [info] > git for-each-ref --sort -committerdate --format %(refname)%00%(objectname)%00%(*objectname) [1ms]
2025-05-17 23:44:59.169 [info] > git status -z -uall [19ms]
2025-05-17 23:45:05.784 [info] > git config --get commit.template [2ms]
2025-05-17 23:45:05.791 [info] > git for-each-ref --format=%(refname)%00%(upstream:short)%00%(objectname)%00%(upstream:track)%00%(upstream:remotename)%00%(upstream:remoteref) refs/heads/main refs/remotes/main [1ms]
2025-05-17 23:45:05.806 [info] > git for-each-ref --sort -committerdate --format %(refname)%00%(objectname)%00%(*objectname) [1ms]
2025-05-17 23:45:05.818 [info] > git status -z -uall [19ms]
2025-05-17 23:45:10.921 [info] > git config --get commit.template [8ms]
2025-05-17 23:45:10.922 [info] > git for-each-ref --format=%(refname)%00%(upstream:short)%00%(objectname)%00%(upstream:track)%00%(upstream:remotename)%00%(upstream:remoteref) refs/heads/main refs/remotes/main [1ms]
2025-05-17 23:45:10.939 [info] > git for-each-ref --sort -committerdate --format %(refname)%00%(objectname)%00%(*objectname) [2ms]
2025-05-17 23:45:10.950 [info] > git status -z -uall [20ms]
2025-05-17 23:45:16.058 [info] > git config --get commit.template [11ms]
2025-05-17 23:45:16.059 [info] > git for-each-ref --format=%(refname)%00%(upstream:short)%00%(objectname)%00%(upstream:track)%00%(upstream:remotename)%00%(upstream:remoteref) refs/heads/main refs/remotes/main [1ms]
2025-05-17 23:45:16.076 [info] > git for-each-ref --sort -committerdate --format %(refname)%00%(objectname)%00%(*objectname) [2ms]
2025-05-17 23:45:16.088 [info] > git status -z -uall [21ms]
2025-05-17 23:45:21.199 [info] > git config --get commit.template [18ms]
2025-05-17 23:45:21.200 [info] > git for-each-ref --format=%(refname)%00%(upstream:short)%00%(objectname)%00%(upstream:track)%00%(upstream:remotename)%00%(upstream:remoteref) refs/heads/main refs/remotes/main [3ms]
2025-05-17 23:45:21.214 [info] > git for-each-ref --sort -committerdate --format %(refname)%00%(objectname)%00%(*objectname) [2ms]
2025-05-17 23:45:21.225 [info] > git status -z -uall [18ms]
2025-05-17 23:45:26.310 [info] > git config --get commit.template [7ms]
2025-05-17 23:45:26.310 [info] > git for-each-ref --format=%(refname)%00%(upstream:short)%00%(objectname)%00%(upstream:track)%00%(upstream:remotename)%00%(upstream:remoteref) refs/heads/main refs/remotes/main [1ms]
2025-05-17 23:45:26.324 [info] > git for-each-ref --sort -committerdate --format %(refname)%00%(objectname)%00%(*objectname) [1ms]
2025-05-17 23:45:26.336 [info] > git status -z -uall [18ms]
2025-05-17 23:45:31.446 [info] > git config --get commit.template [21ms]
2025-05-17 23:45:31.448 [info] > git for-each-ref --format=%(refname)%00%(upstream:short)%00%(objectname)%00%(upstream:track)%00%(upstream:remotename)%00%(upstream:remoteref) refs/heads/main refs/remotes/main [3ms]
2025-05-17 23:45:31.464 [info] > git for-each-ref --sort -committerdate --format %(refname)%00%(objectname)%00%(*objectname) [1ms]
2025-05-17 23:45:31.481 [info] > git status -z -uall [25ms]
2025-05-17 23:45:36.565 [info] > git config --get commit.template [5ms]
2025-05-17 23:45:36.566 [info] > git for-each-ref --format=%(refname)%00%(upstream:short)%00%(objectname)%00%(upstream:track)%00%(upstream:remotename)%00%(upstream:remoteref) refs/heads/main refs/remotes/main [1ms]
2025-05-17 23:45:36.578 [info] > git for-each-ref --sort -committerdate --format %(refname)%00%(objectname)%00%(*objectname) [1ms]
2025-05-17 23:45:36.594 [info] > git status -z -uall [22ms]
2025-05-17 23:45:41.676 [info] > git config --get commit.template [6ms]
2025-05-17 23:45:41.677 [info] > git for-each-ref --format=%(refname)%00%(upstream:short)%00%(objectname)%00%(upstream:track)%00%(upstream:remotename)%00%(upstream:remoteref) refs/heads/main refs/remotes/main [1ms]
2025-05-17 23:45:41.688 [info] > git for-each-ref --sort -committerdate --format %(refname)%00%(objectname)%00%(*objectname) [1ms]
2025-05-17 23:45:41.701 [info] > git status -z -uall [19ms]
2025-05-17 23:45:46.790 [info] > git config --get commit.template [9ms]
2025-05-17 23:45:46.791 [info] > git for-each-ref --format=%(refname)%00%(upstream:short)%00%(objectname)%00%(upstream:track)%00%(upstream:remotename)%00%(upstream:remoteref) refs/heads/main refs/remotes/main [2ms]
2025-05-17 23:45:46.804 [info] > git for-each-ref --sort -committerdate --format %(refname)%00%(objectname)%00%(*objectname) [2ms]
2025-05-17 23:45:46.815 [info] > git status -z -uall [18ms]
2025-05-17 23:45:51.931 [info] > git config --get commit.template [20ms]
2025-05-17 23:45:51.932 [info] > git for-each-ref --format=%(refname)%00%(upstream:short)%00%(objectname)%00%(upstream:track)%00%(upstream:remotename)%00%(upstream:remoteref) refs/heads/main refs/remotes/main [2ms]
2025-05-17 23:45:51.949 [info] > git for-each-ref --sort -committerdate --format %(refname)%00%(objectname)%00%(*objectname) [2ms]
2025-05-17 23:45:51.960 [info] > git status -z -uall [20ms]
2025-05-17 23:45:57.053 [info] > git config --get commit.template [7ms]
2025-05-17 23:45:57.054 [info] > git for-each-ref --format=%(refname)%00%(upstream:short)%00%(objectname)%00%(upstream:track)%00%(upstream:remotename)%00%(upstream:remoteref) refs/heads/main refs/remotes/main [1ms]
2025-05-17 23:45:57.070 [info] > git for-each-ref --sort -committerdate --format %(refname)%00%(objectname)%00%(*objectname) [1ms]
2025-05-17 23:45:57.084 [info] > git status -z -uall [22ms]
2025-05-17 23:46:02.700 [info] > git config --get commit.template [1ms]
2025-05-17 23:46:02.707 [info] > git for-each-ref --format=%(refname)%00%(upstream:short)%00%(objectname)%00%(upstream:track)%00%(upstream:remotename)%00%(upstream:remoteref) refs/heads/main refs/remotes/main [1ms]
2025-05-17 23:46:02.721 [info] > git for-each-ref --sort -committerdate --format %(refname)%00%(objectname)%00%(*objectname) [1ms]
2025-05-17 23:46:02.732 [info] > git status -z -uall [18ms]
2025-05-17 23:46:07.826 [info] > git config --get commit.template [9ms]
2025-05-17 23:46:07.826 [info] > git for-each-ref --format=%(refname)%00%(upstream:short)%00%(objectname)%00%(upstream:track)%00%(upstream:remotename)%00%(upstream:remoteref) refs/heads/main refs/remotes/main [1ms]
2025-05-17 23:46:07.842 [info] > git for-each-ref --sort -committerdate --format %(refname)%00%(objectname)%00%(*objectname) [2ms]
2025-05-17 23:46:07.854 [info] > git status -z -uall [20ms]
2025-05-17 23:46:12.938 [info] > git config --get commit.template [8ms]
2025-05-17 23:46:12.939 [info] > git for-each-ref --format=%(refname)%00%(upstream:short)%00%(objectname)%00%(upstream:track)%00%(upstream:remotename)%00%(upstream:remoteref) refs/heads/main refs/remotes/main [2ms]
2025-05-17 23:46:12.953 [info] > git for-each-ref --sort -committerdate --format %(refname)%00%(objectname)%00%(*objectname) [2ms]
2025-05-17 23:46:12.964 [info] > git status -z -uall [18ms]
2025-05-17 23:46:18.079 [info] > git config --get commit.template [19ms]
2025-05-17 23:46:18.081 [info] > git for-each-ref --format=%(refname)%00%(upstream:short)%00%(objectname)%00%(upstream:track)%00%(upstream:remotename)%00%(upstream:remoteref) refs/heads/main refs/remotes/main [4ms]
2025-05-17 23:46:18.117 [info] > git for-each-ref --sort -committerdate --format %(refname)%00%(objectname)%00%(*objectname) [3ms]
2025-05-17 23:46:18.129 [info] > git status -z -uall [29ms]
2025-05-17 23:46:23.214 [info] > git config --get commit.template [8ms]
2025-05-17 23:46:23.214 [info] > git for-each-ref --format=%(refname)%00%(upstream:short)%00%(objectname)%00%(upstream:track)%00%(upstream:remotename)%00%(upstream:remoteref) refs/heads/main refs/remotes/main [1ms]
2025-05-17 23:46:23.229 [info] > git for-each-ref --sort -committerdate --format %(refname)%00%(objectname)%00%(*objectname) [1ms]
2025-05-17 23:46:23.247 [info] > git status -z -uall [26ms]
2025-05-17 23:46:28.416 [info] > git config --get commit.template [1ms]
2025-05-17 23:46:28.425 [info] > git for-each-ref --format=%(refname)%00%(upstream:short)%00%(objectname)%00%(upstream:track)%00%(upstream:remotename)%00%(upstream:remoteref) refs/heads/main refs/remotes/main [2ms]
2025-05-17 23:46:28.442 [info] > git for-each-ref --sort -committerdate --format %(refname)%00%(objectname)%00%(*objectname) [1ms]
2025-05-17 23:46:28.454 [info] > git status -z -uall [20ms]
2025-05-17 23:46:33.565 [info] > git config --get commit.template [17ms]
2025-05-17 23:46:33.567 [info] > git for-each-ref --format=%(refname)%00%(upstream:short)%00%(objectname)%00%(upstream:track)%00%(upstream:remotename)%00%(upstream:remoteref) refs/heads/main refs/remotes/main [4ms]
2025-05-17 23:46:33.605 [info] > git for-each-ref --sort -committerdate --format %(refname)%00%(objectname)%00%(*objectname) [5ms]
2025-05-17 23:46:33.638 [info] > git status -z -uall [53ms]
2025-05-17 23:46:38.732 [info] > git config --get commit.template [7ms]
2025-05-17 23:46:38.733 [info] > git for-each-ref --format=%(refname)%00%(upstream:short)%00%(objectname)%00%(upstream:track)%00%(upstream:remotename)%00%(upstream:remoteref) refs/heads/main refs/remotes/main [2ms]
2025-05-17 23:46:38.746 [info] > git for-each-ref --sort -committerdate --format %(refname)%00%(objectname)%00%(*objectname) [2ms]
2025-05-17 23:46:38.760 [info] > git status -z -uall [21ms]
2025-05-17 23:46:43.934 [info] > git config --get commit.template [12ms]
2025-05-17 23:46:43.935 [info] > git for-each-ref --format=%(refname)%00%(upstream:short)%00%(objectname)%00%(upstream:track)%00%(upstream:remotename)%00%(upstream:remoteref) refs/heads/main refs/remotes/main [2ms]
2025-05-17 23:46:43.952 [info] > git for-each-ref --sort -committerdate --format %(refname)%00%(objectname)%00%(*objectname) [1ms]
2025-05-17 23:46:43.963 [info] > git status -z -uall [20ms]
2025-05-17 23:46:49.041 [info] > git config --get commit.template [6ms]
2025-05-17 23:46:49.042 [info] > git for-each-ref --format=%(refname)%00%(upstream:short)%00%(objectname)%00%(upstream:track)%00%(upstream:remotename)%00%(upstream:remoteref) refs/heads/main refs/remotes/main [1ms]
2025-05-17 23:46:49.054 [info] > git for-each-ref --sort -committerdate --format %(refname)%00%(objectname)%00%(*objectname) [1ms]
2025-05-17 23:46:49.065 [info] > git status -z -uall [17ms]
2025-05-17 23:46:54.158 [info] > git config --get commit.template [7ms]
2025-05-17 23:46:54.159 [info] > git for-each-ref --format=%(refname)%00%(upstream:short)%00%(objectname)%00%(upstream:track)%00%(upstream:remotename)%00%(upstream:remoteref) refs/heads/main refs/remotes/main [1ms]
2025-05-17 23:46:54.181 [info] > git for-each-ref --sort -committerdate --format %(refname)%00%(objectname)%00%(*objectname) [7ms]
2025-05-17 23:46:54.191 [info] > git status -z -uall [23ms]
2025-05-17 23:46:59.357 [info] > git config --get commit.template [8ms]
2025-05-17 23:46:59.358 [info] > git for-each-ref --format=%(refname)%00%(upstream:short)%00%(objectname)%00%(upstream:track)%00%(upstream:remotename)%00%(upstream:remoteref) refs/heads/main refs/remotes/main [1ms]
2025-05-17 23:46:59.375 [info] > git for-each-ref --sort -committerdate --format %(refname)%00%(objectname)%00%(*objectname) [2ms]
2025-05-17 23:46:59.390 [info] > git status -z -uall [24ms]
2025-05-17 23:47:04.500 [info] > git config --get commit.template [20ms]
2025-05-17 23:47:04.501 [info] > git for-each-ref --format=%(refname)%00%(upstream:short)%00%(objectname)%00%(upstream:track)%00%(upstream:remotename)%00%(upstream:remoteref) refs/heads/main refs/remotes/main [2ms]
2025-05-17 23:47:04.515 [info] > git for-each-ref --sort -committerdate --format %(refname)%00%(objectname)%00%(*objectname) [2ms]
2025-05-17 23:47:04.526 [info] > git status -z -uall [18ms]
2025-05-17 23:47:09.625 [info] > git config --get commit.template [9ms]
2025-05-17 23:47:09.626 [info] > git for-each-ref --format=%(refname)%00%(upstream:short)%00%(objectname)%00%(upstream:track)%00%(upstream:remotename)%00%(upstream:remoteref) refs/heads/main refs/remotes/main [1ms]
2025-05-17 23:47:09.648 [info] > git for-each-ref --sort -committerdate --format %(refname)%00%(objectname)%00%(*objectname) [7ms]
2025-05-17 23:47:09.658 [info] > git status -z -uall [24ms]
2025-05-17 23:47:14.834 [info] > git config --get commit.template [9ms]
2025-05-17 23:47:14.835 [info] > git for-each-ref --format=%(refname)%00%(upstream:short)%00%(objectname)%00%(upstream:track)%00%(upstream:remotename)%00%(upstream:remoteref) refs/heads/main refs/remotes/main [2ms]
2025-05-17 23:47:14.849 [info] > git for-each-ref --sort -committerdate --format %(refname)%00%(objectname)%00%(*objectname) [2ms]
2025-05-17 23:47:14.861 [info] > git status -z -uall [19ms]
2025-05-17 23:47:19.947 [info] > git config --get commit.template [7ms]
2025-05-17 23:47:19.948 [info] > git for-each-ref --format=%(refname)%00%(upstream:short)%00%(objectname)%00%(upstream:track)%00%(upstream:remotename)%00%(upstream:remoteref) refs/heads/main refs/remotes/main [1ms]
2025-05-17 23:47:19.961 [info] > git for-each-ref --sort -committerdate --format %(refname)%00%(objectname)%00%(*objectname) [1ms]
2025-05-17 23:47:19.972 [info] > git status -z -uall [18ms]
2025-05-17 23:47:25.553 [info] > git config --get commit.template [2ms]
2025-05-17 23:47:25.562 [info] > git for-each-ref --format=%(refname)%00%(upstream:short)%00%(objectname)%00%(upstream:track)%00%(upstream:remotename)%00%(upstream:remoteref) refs/heads/main refs/remotes/main [2ms]
2025-05-17 23:47:25.578 [info] > git for-each-ref --sort -committerdate --format %(refname)%00%(objectname)%00%(*objectname) [1ms]
2025-05-17 23:47:25.591 [info] > git status -z -uall [22ms]
2025-05-17 23:47:30.688 [info] > git config --get commit.template [8ms]
2025-05-17 23:47:30.688 [info] > git for-each-ref --format=%(refname)%00%(upstream:short)%00%(objectname)%00%(upstream:track)%00%(upstream:remotename)%00%(upstream:remoteref) refs/heads/main refs/remotes/main [1ms]
2025-05-17 23:47:30.703 [info] > git for-each-ref --sort -committerdate --format %(refname)%00%(objectname)%00%(*objectname) [1ms]
2025-05-17 23:47:30.715 [info] > git status -z -uall [19ms]
2025-05-17 23:47:35.823 [info] > git config --get commit.template [15ms]
2025-05-17 23:47:35.824 [info] > git for-each-ref --format=%(refname)%00%(upstream:short)%00%(objectname)%00%(upstream:track)%00%(upstream:remotename)%00%(upstream:remoteref) refs/heads/main refs/remotes/main [2ms]
2025-05-17 23:47:35.841 [info] > git for-each-ref --sort -committerdate --format %(refname)%00%(objectname)%00%(*objectname) [2ms]
2025-05-17 23:47:35.856 [info] > git status -z -uall [24ms]
2025-05-17 23:47:40.953 [info] > git config --get commit.template [9ms]
2025-05-17 23:47:40.953 [info] > git for-each-ref --format=%(refname)%00%(upstream:short)%00%(objectname)%00%(upstream:track)%00%(upstream:remotename)%00%(upstream:remoteref) refs/heads/main refs/remotes/main [1ms]
2025-05-17 23:47:40.968 [info] > git for-each-ref --sort -committerdate --format %(refname)%00%(objectname)%00%(*objectname) [2ms]
2025-05-17 23:47:40.980 [info] > git status -z -uall [20ms]
2025-05-17 23:47:46.061 [info] > git config --get commit.template [1ms]
2025-05-17 23:47:46.069 [info] > git for-each-ref --format=%(refname)%00%(upstream:short)%00%(objectname)%00%(upstream:track)%00%(upstream:remotename)%00%(upstream:remoteref) refs/heads/main refs/remotes/main [2ms]
2025-05-17 23:47:46.129 [info] > git for-each-ref --sort -committerdate --format %(refname)%00%(objectname)%00%(*objectname) [3ms]
2025-05-17 23:47:46.140 [info] > git status -z -uall [23ms]
2025-05-17 23:47:51.253 [info] > git config --get commit.template [18ms]
2025-05-17 23:47:51.255 [info] > git for-each-ref --format=%(refname)%00%(upstream:short)%00%(objectname)%00%(upstream:track)%00%(upstream:remotename)%00%(upstream:remoteref) refs/heads/main refs/remotes/main [4ms]
2025-05-17 23:47:51.290 [info] > git for-each-ref --sort -committerdate --format %(refname)%00%(objectname)%00%(*objectname) [4ms]
2025-05-17 23:47:51.318 [info] > git status -z -uall [47ms]
2025-05-17 23:47:56.404 [info] > git config --get commit.template [5ms]
2025-05-17 23:47:56.405 [info] > git for-each-ref --format=%(refname)%00%(upstream:short)%00%(objectname)%00%(upstream:track)%00%(upstream:remotename)%00%(upstream:remoteref) refs/heads/main refs/remotes/main [1ms]
2025-05-17 23:47:56.419 [info] > git for-each-ref --sort -committerdate --format %(refname)%00%(objectname)%00%(*objectname) [2ms]
2025-05-17 23:47:56.432 [info] > git status -z -uall [21ms]
2025-05-17 23:48:01.572 [info] > git config --get commit.template [17ms]
2025-05-17 23:48:01.574 [info] > git for-each-ref --format=%(refname)%00%(upstream:short)%00%(objectname)%00%(upstream:track)%00%(upstream:remotename)%00%(upstream:remoteref) refs/heads/main refs/remotes/main [3ms]
2025-05-17 23:48:01.587 [info] > git for-each-ref --sort -committerdate --format %(refname)%00%(objectname)%00%(*objectname) [1ms]
2025-05-17 23:48:01.599 [info] > git status -z -uall [19ms]
2025-05-17 23:48:06.697 [info] > git config --get commit.template [12ms]
2025-05-17 23:48:06.697 [info] > git for-each-ref --format=%(refname)%00%(upstream:short)%00%(objectname)%00%(upstream:track)%00%(upstream:remotename)%00%(upstream:remoteref) refs/heads/main refs/remotes/main [1ms]
2025-05-17 23:48:06.711 [info] > git for-each-ref --sort -committerdate --format %(refname)%00%(objectname)%00%(*objectname) [2ms]
2025-05-17 23:48:06.723 [info] > git status -z -uall [19ms]
2025-05-17 23:48:11.838 [info] > git for-each-ref --format=%(refname)%00%(upstream:short)%00%(objectname)%00%(upstream:track)%00%(upstream:remotename)%00%(upstream:remoteref) refs/heads/main refs/remotes/main [14ms]
2025-05-17 23:48:11.839 [info] > git config --get commit.template [29ms]
2025-05-17 23:48:11.872 [info] > git for-each-ref --sort -committerdate --format %(refname)%00%(objectname)%00%(*objectname) [5ms]
2025-05-17 23:48:11.883 [info] > git status -z -uall [28ms]
2025-05-17 23:48:17.048 [info] > git config --get commit.template [7ms]
2025-05-17 23:48:17.053 [info] > git for-each-ref --format=%(refname)%00%(upstream:short)%00%(objectname)%00%(upstream:track)%00%(upstream:remotename)%00%(upstream:remoteref) refs/heads/main refs/remotes/main [6ms]
2025-05-17 23:48:17.066 [info] > git for-each-ref --sort -committerdate --format %(refname)%00%(objectname)%00%(*objectname) [1ms]
2025-05-17 23:48:17.082 [info] > git status -z -uall [23ms]
2025-05-17 23:48:22.162 [info] > git config --get commit.template [6ms]
2025-05-17 23:48:22.162 [info] > git for-each-ref --format=%(refname)%00%(upstream:short)%00%(objectname)%00%(upstream:track)%00%(upstream:remotename)%00%(upstream:remoteref) refs/heads/main refs/remotes/main [1ms]
2025-05-17 23:48:22.174 [info] > git for-each-ref --sort -committerdate --format %(refname)%00%(objectname)%00%(*objectname) [1ms]
2025-05-17 23:48:22.188 [info] > git status -z -uall [20ms]
2025-05-17 23:48:27.295 [info] > git config --get commit.template [17ms]
2025-05-17 23:48:27.298 [info] > git for-each-ref --format=%(refname)%00%(upstream:short)%00%(objectname)%00%(upstream:track)%00%(upstream:remotename)%00%(upstream:remoteref) refs/heads/main refs/remotes/main [4ms]
2025-05-17 23:48:27.317 [info] > git for-each-ref --sort -committerdate --format %(refname)%00%(objectname)%00%(*objectname) [1ms]
2025-05-17 23:48:27.334 [info] > git status -z -uall [23ms]
2025-05-17 23:48:32.500 [info] > git config --get commit.template [7ms]
2025-05-17 23:48:32.501 [info] > git for-each-ref --format=%(refname)%00%(upstream:short)%00%(objectname)%00%(upstream:track)%00%(upstream:remotename)%00%(upstream:remoteref) refs/heads/main refs/remotes/main [1ms]
2025-05-17 23:48:32.514 [info] > git for-each-ref --sort -committerdate --format %(refname)%00%(objectname)%00%(*objectname) [1ms]
2025-05-17 23:48:32.525 [info] > git status -z -uall [18ms]
2025-05-17 23:48:37.617 [info] > git config --get commit.template [7ms]
2025-05-17 23:48:37.617 [info] > git for-each-ref --format=%(refname)%00%(upstream:short)%00%(objectname)%00%(upstream:track)%00%(upstream:remotename)%00%(upstream:remoteref) refs/heads/main refs/remotes/main [1ms]
2025-05-17 23:48:37.631 [info] > git for-each-ref --sort -committerdate --format %(refname)%00%(objectname)%00%(*objectname) [1ms]
2025-05-17 23:48:37.643 [info] > git status -z -uall [19ms]
2025-05-17 23:48:42.752 [info] > git config --get commit.template [19ms]
2025-05-17 23:48:42.754 [info] > git for-each-ref --format=%(refname)%00%(upstream:short)%00%(objectname)%00%(upstream:track)%00%(upstream:remotename)%00%(upstream:remoteref) refs/heads/main refs/remotes/main [4ms]
2025-05-17 23:48:42.791 [info] > git for-each-ref --sort -committerdate --format %(refname)%00%(objectname)%00%(*objectname) [4ms]
2025-05-17 23:48:42.824 [info] > git status -z -uall [53ms]
2025-05-17 23:48:47.938 [info] > git config --get commit.template [18ms]
2025-05-17 23:48:47.941 [info] > git for-each-ref --format=%(refname)%00%(upstream:short)%00%(objectname)%00%(upstream:track)%00%(upstream:remotename)%00%(upstream:remoteref) refs/heads/main refs/remotes/main [4ms]
2025-05-17 23:48:47.977 [info] > git for-each-ref --sort -committerdate --format %(refname)%00%(objectname)%00%(*objectname) [5ms]
2025-05-17 23:48:48.001 [info] > git status -z -uall [43ms]
2025-05-17 23:49:05.603 [info] > git config --get commit.template [2ms]
2025-05-17 23:49:05.615 [info] > git for-each-ref --format=%(refname)%00%(upstream:short)%00%(objectname)%00%(upstream:track)%00%(upstream:remotename)%00%(upstream:remoteref) refs/heads/main refs/remotes/main [1ms]
2025-05-17 23:49:05.639 [info] > git for-each-ref --sort -committerdate --format %(refname)%00%(objectname)%00%(*objectname) [3ms]
2025-05-17 23:49:05.653 [info] > git status -z -uall [26ms]
2025-05-17 23:49:10.747 [info] > git config --get commit.template [6ms]
2025-05-17 23:49:10.748 [info] > git for-each-ref --format=%(refname)%00%(upstream:short)%00%(objectname)%00%(upstream:track)%00%(upstream:remotename)%00%(upstream:remoteref) refs/heads/main refs/remotes/main [1ms]
2025-05-17 23:49:10.763 [info] > git for-each-ref --sort -committerdate --format %(refname)%00%(objectname)%00%(*objectname) [2ms]
2025-05-17 23:49:10.775 [info] > git status -z -uall [19ms]
2025-05-17 23:49:15.872 [info] > git config --get commit.template [8ms]
2025-05-17 23:49:15.873 [info] > git for-each-ref --format=%(refname)%00%(upstream:short)%00%(objectname)%00%(upstream:track)%00%(upstream:remotename)%00%(upstream:remoteref) refs/heads/main refs/remotes/main [2ms]
2025-05-17 23:49:15.888 [info] > git for-each-ref --sort -committerdate --format %(refname)%00%(objectname)%00%(*objectname) [2ms]
2025-05-17 23:49:15.904 [info] > git status -z -uall [24ms]
2025-05-17 23:49:21.002 [info] > git config --get commit.template [7ms]
2025-05-17 23:49:21.003 [info] > git for-each-ref --format=%(refname)%00%(upstream:short)%00%(objectname)%00%(upstream:track)%00%(upstream:remotename)%00%(upstream:remoteref) refs/heads/main refs/remotes/main [1ms]
2025-05-17 23:49:21.018 [info] > git for-each-ref --sort -committerdate --format %(refname)%00%(objectname)%00%(*objectname) [2ms]
2025-05-17 23:49:21.030 [info] > git status -z -uall [20ms]
2025-05-17 23:49:26.114 [info] > git config --get commit.template [7ms]
2025-05-17 23:49:26.115 [info] > git for-each-ref --format=%(refname)%00%(upstream:short)%00%(objectname)%00%(upstream:track)%00%(upstream:remotename)%00%(upstream:remoteref) refs/heads/main refs/remotes/main [1ms]
2025-05-17 23:49:26.129 [info] > git for-each-ref --sort -committerdate --format %(refname)%00%(objectname)%00%(*objectname) [2ms]
2025-05-17 23:49:26.141 [info] > git status -z -uall [20ms]
2025-05-17 23:49:31.779 [info] > git config --get commit.template [2ms]
2025-05-17 23:49:31.789 [info] > git for-each-ref --format=%(refname)%00%(upstream:short)%00%(objectname)%00%(upstream:track)%00%(upstream:remotename)%00%(upstream:remoteref) refs/heads/main refs/remotes/main [2ms]
2025-05-17 23:49:31.808 [info] > git for-each-ref --sort -committerdate --format %(refname)%00%(objectname)%00%(*objectname) [2ms]
2025-05-17 23:49:31.821 [info] > git status -z -uall [23ms]
2025-05-17 23:49:38.786 [info] > git config --get commit.template [6ms]
2025-05-17 23:49:38.787 [info] > git for-each-ref --format=%(refname)%00%(upstream:short)%00%(objectname)%00%(upstream:track)%00%(upstream:remotename)%00%(upstream:remoteref) refs/heads/main refs/remotes/main [1ms]
2025-05-17 23:49:38.799 [info] > git for-each-ref --sort -committerdate --format %(refname)%00%(objectname)%00%(*objectname) [1ms]
2025-05-17 23:49:38.811 [info] > git status -z -uall [18ms]
2025-05-17 23:49:43.913 [info] > git config --get commit.template [16ms]
2025-05-17 23:49:43.915 [info] > git for-each-ref --format=%(refname)%00%(upstream:short)%00%(objectname)%00%(upstream:track)%00%(upstream:remotename)%00%(upstream:remoteref) refs/heads/main refs/remotes/main [3ms]
2025-05-17 23:49:43.948 [info] > git for-each-ref --sort -committerdate --format %(refname)%00%(objectname)%00%(*objectname) [3ms]
2025-05-17 23:49:43.960 [info] > git status -z -uall [29ms]
2025-05-17 23:49:49.043 [info] > git config --get commit.template [7ms]
2025-05-17 23:49:49.043 [info] > git for-each-ref --format=%(refname)%00%(upstream:short)%00%(objectname)%00%(upstream:track)%00%(upstream:remotename)%00%(upstream:remoteref) refs/heads/main refs/remotes/main [1ms]
2025-05-17 23:49:49.056 [info] > git for-each-ref --sort -committerdate --format %(refname)%00%(objectname)%00%(*objectname) [1ms]
2025-05-17 23:49:49.069 [info] > git status -z -uall [20ms]
2025-05-17 23:50:09.727 [info] > git config --get commit.template [1ms]
2025-05-17 23:50:09.738 [info] > git for-each-ref --format=%(refname)%00%(upstream:short)%00%(objectname)%00%(upstream:track)%00%(upstream:remotename)%00%(upstream:remoteref) refs/heads/main refs/remotes/main [2ms]
2025-05-17 23:50:09.756 [info] > git for-each-ref --sort -committerdate --format %(refname)%00%(objectname)%00%(*objectname) [2ms]
2025-05-17 23:50:09.767 [info] > git status -z -uall [21ms]
2025-05-17 23:50:39.370 [info] > git config --get commit.template [17ms]
2025-05-17 23:50:39.380 [info] > git for-each-ref --format=%(refname)%00%(upstream:short)%00%(objectname)%00%(upstream:track)%00%(upstream:remotename)%00%(upstream:remoteref) refs/heads/main refs/remotes/main [3ms]
2025-05-17 23:50:39.396 [info] > git for-each-ref --sort -committerdate --format %(refname)%00%(objectname)%00%(*objectname) [2ms]
2025-05-17 23:50:39.411 [info] > git status -z -uall [23ms]
2025-05-17 23:50:44.533 [info] > git config --get commit.template [6ms]
2025-05-17 23:50:44.533 [info] > git for-each-ref --format=%(refname)%00%(upstream:short)%00%(objectname)%00%(upstream:track)%00%(upstream:remotename)%00%(upstream:remoteref) refs/heads/main refs/remotes/main [1ms]
2025-05-17 23:50:44.545 [info] > git for-each-ref --sort -committerdate --format %(refname)%00%(objectname)%00%(*objectname) [1ms]
2025-05-17 23:50:44.558 [info] > git status -z -uall [19ms]
2025-05-17 23:50:49.671 [info] > git config --get commit.template [18ms]
2025-05-17 23:50:49.673 [info] > git for-each-ref --format=%(refname)%00%(upstream:short)%00%(objectname)%00%(upstream:track)%00%(upstream:remotename)%00%(upstream:remoteref) refs/heads/main refs/remotes/main [4ms]
2025-05-17 23:50:49.694 [info] > git for-each-ref --sort -committerdate --format %(refname)%00%(objectname)%00%(*objectname) [1ms]
2025-05-17 23:50:49.706 [info] > git status -z -uall [18ms]
2025-05-17 23:50:54.796 [info] > git config --get commit.template [7ms]
2025-05-17 23:50:54.797 [info] > git for-each-ref --format=%(refname)%00%(upstream:short)%00%(objectname)%00%(upstream:track)%00%(upstream:remotename)%00%(upstream:remoteref) refs/heads/main refs/remotes/main [2ms]
2025-05-17 23:50:54.811 [info] > git for-each-ref --sort -committerdate --format %(refname)%00%(objectname)%00%(*objectname) [1ms]
2025-05-17 23:50:54.823 [info] > git status -z -uall [19ms]
2025-05-17 23:50:59.929 [info] > git config --get commit.template [15ms]
2025-05-17 23:50:59.929 [info] > git for-each-ref --format=%(refname)%00%(upstream:short)%00%(objectname)%00%(upstream:track)%00%(upstream:remotename)%00%(upstream:remoteref) refs/heads/main refs/remotes/main [1ms]
2025-05-17 23:50:59.943 [info] > git for-each-ref --sort -committerdate --format %(refname)%00%(objectname)%00%(*objectname) [2ms]
2025-05-17 23:50:59.956 [info] > git status -z -uall [20ms]
2025-05-17 23:51:17.193 [info] > git config --get commit.template [10ms]
2025-05-17 23:51:17.194 [info] > git for-each-ref --format=%(refname)%00%(upstream:short)%00%(objectname)%00%(upstream:track)%00%(upstream:remotename)%00%(upstream:remoteref) refs/heads/main refs/remotes/main [2ms]
2025-05-17 23:51:17.217 [info] > git for-each-ref --sort -committerdate --format %(refname)%00%(objectname)%00%(*objectname) [2ms]
2025-05-17 23:51:17.230 [info] > git status -z -uall [23ms]
2025-05-17 23:51:22.332 [info] > git config --get commit.template [15ms]
2025-05-17 23:51:22.335 [info] > git for-each-ref --format=%(refname)%00%(upstream:short)%00%(objectname)%00%(upstream:track)%00%(upstream:remotename)%00%(upstream:remoteref) refs/heads/main refs/remotes/main [4ms]
2025-05-17 23:51:22.370 [info] > git for-each-ref --sort -committerdate --format %(refname)%00%(objectname)%00%(*objectname) [4ms]
2025-05-17 23:51:22.395 [info] > git status -z -uall [44ms]
2025-05-17 23:51:27.500 [info] > git config --get commit.template [14ms]
2025-05-17 23:51:27.501 [info] > git for-each-ref --format=%(refname)%00%(upstream:short)%00%(objectname)%00%(upstream:track)%00%(upstream:remotename)%00%(upstream:remoteref) refs/heads/main refs/remotes/main [2ms]
2025-05-17 23:51:27.518 [info] > git for-each-ref --sort -committerdate --format %(refname)%00%(objectname)%00%(*objectname) [2ms]
2025-05-17 23:51:27.530 [info] > git status -z -uall [21ms]
2025-05-17 23:51:32.610 [info] > git config --get commit.template [1ms]
2025-05-17 23:51:32.617 [info] > git for-each-ref --format=%(refname)%00%(upstream:short)%00%(objectname)%00%(upstream:track)%00%(upstream:remotename)%00%(upstream:remoteref) refs/heads/main refs/remotes/main [1ms]
2025-05-17 23:51:32.636 [info] > git for-each-ref --sort -committerdate --format %(refname)%00%(objectname)%00%(*objectname) [2ms]
2025-05-17 23:51:32.648 [info] > git status -z -uall [20ms]
2025-05-17 23:51:37.736 [info] > git config --get commit.template [7ms]
2025-05-17 23:51:37.736 [info] > git for-each-ref --format=%(refname)%00%(upstream:short)%00%(objectname)%00%(upstream:track)%00%(upstream:remotename)%00%(upstream:remoteref) refs/heads/main refs/remotes/main [1ms]
2025-05-17 23:51:37.760 [info] > git for-each-ref --sort -committerdate --format %(refname)%00%(objectname)%00%(*objectname) [2ms]
2025-05-17 23:51:37.772 [info] > git status -z -uall [19ms]
2025-05-17 23:52:11.733 [info] > git config --get commit.template [1ms]
2025-05-17 23:52:11.744 [info] > git for-each-ref --format=%(refname)%00%(upstream:short)%00%(objectname)%00%(upstream:track)%00%(upstream:remotename)%00%(upstream:remoteref) refs/heads/main refs/remotes/main [2ms]
2025-05-17 23:52:11.765 [info] > git for-each-ref --sort -committerdate --format %(refname)%00%(objectname)%00%(*objectname) [2ms]
2025-05-17 23:52:11.778 [info] > git status -z -uall [25ms]
2025-05-17 23:52:16.922 [info] > git config --get commit.template [18ms]
2025-05-17 23:52:16.924 [info] > git for-each-ref --format=%(refname)%00%(upstream:short)%00%(objectname)%00%(upstream:track)%00%(upstream:remotename)%00%(upstream:remoteref) refs/heads/main refs/remotes/main [3ms]
2025-05-17 23:52:16.962 [info] > git for-each-ref --sort -committerdate --format %(refname)%00%(objectname)%00%(*objectname) [4ms]
2025-05-17 23:52:16.986 [info] > git status -z -uall [44ms]
2025-05-17 23:52:22.084 [info] > git config --get commit.template [7ms]
2025-05-17 23:52:22.085 [info] > git for-each-ref --format=%(refname)%00%(upstream:short)%00%(objectname)%00%(upstream:track)%00%(upstream:remotename)%00%(upstream:remoteref) refs/heads/main refs/remotes/main [2ms]
2025-05-17 23:52:22.101 [info] > git for-each-ref --sort -committerdate --format %(refname)%00%(objectname)%00%(*objectname) [2ms]
2025-05-17 23:52:22.113 [info] > git status -z -uall [20ms]
2025-05-17 23:52:27.222 [info] > git config --get commit.template [19ms]
2025-05-17 23:52:27.224 [info] > git for-each-ref --format=%(refname)%00%(upstream:short)%00%(objectname)%00%(upstream:track)%00%(upstream:remotename)%00%(upstream:remoteref) refs/heads/main refs/remotes/main [4ms]
2025-05-17 23:52:27.261 [info] > git for-each-ref --sort -committerdate --format %(refname)%00%(objectname)%00%(*objectname) [4ms]
2025-05-17 23:52:27.295 [info] > git status -z -uall [54ms]
2025-05-17 23:52:32.414 [info] > git config --get commit.template [18ms]
2025-05-17 23:52:32.416 [info] > git for-each-ref --format=%(refname)%00%(upstream:short)%00%(objectname)%00%(upstream:track)%00%(upstream:remotename)%00%(upstream:remoteref) refs/heads/main refs/remotes/main [3ms]
2025-05-17 23:52:32.452 [info] > git for-each-ref --sort -committerdate --format %(refname)%00%(objectname)%00%(*objectname) [4ms]
2025-05-17 23:52:32.481 [info] > git status -z -uall [47ms]
2025-05-17 23:52:37.592 [info] > git config --get commit.template [17ms]
2025-05-17 23:52:37.595 [info] > git for-each-ref --format=%(refname)%00%(upstream:short)%00%(objectname)%00%(upstream:track)%00%(upstream:remotename)%00%(upstream:remoteref) refs/heads/main refs/remotes/main [4ms]
2025-05-17 23:52:37.631 [info] > git for-each-ref --sort -committerdate --format %(refname)%00%(objectname)%00%(*objectname) [4ms]
2025-05-17 23:52:37.642 [info] > git status -z -uall [30ms]
2025-05-17 23:52:42.750 [info] > git config --get commit.template [18ms]
2025-05-17 23:52:42.753 [info] > git for-each-ref --format=%(refname)%00%(upstream:short)%00%(objectname)%00%(upstream:track)%00%(upstream:remotename)%00%(upstream:remoteref) refs/heads/main refs/remotes/main [4ms]
2025-05-17 23:52:42.794 [info] > git for-each-ref --sort -committerdate --format %(refname)%00%(objectname)%00%(*objectname) [9ms]
2025-05-17 23:52:42.815 [info] > git status -z -uall [46ms]
2025-05-17 23:52:47.923 [info] > git config --get commit.template [9ms]
2025-05-17 23:52:47.924 [info] > git for-each-ref --format=%(refname)%00%(upstream:short)%00%(objectname)%00%(upstream:track)%00%(upstream:remotename)%00%(upstream:remoteref) refs/heads/main refs/remotes/main [2ms]
2025-05-17 23:52:47.941 [info] > git for-each-ref --sort -committerdate --format %(refname)%00%(objectname)%00%(*objectname) [2ms]
2025-05-17 23:52:47.955 [info] > git status -z -uall [23ms]
2025-05-17 23:52:53.530 [info] > git config --get commit.template [5ms]
2025-05-17 23:52:53.530 [info] > git for-each-ref --format=%(refname)%00%(upstream:short)%00%(objectname)%00%(upstream:track)%00%(upstream:remotename)%00%(upstream:remoteref) refs/heads/main refs/remotes/main [1ms]
2025-05-17 23:52:53.547 [info] > git for-each-ref --sort -committerdate --format %(refname)%00%(objectname)%00%(*objectname) [1ms]
2025-05-17 23:52:53.559 [info] > git status -z -uall [19ms]
2025-05-17 23:53:04.843 [info] > git for-each-ref --format=%(refname)%00%(upstream:short)%00%(objectname)%00%(upstream:track)%00%(upstream:remotename)%00%(upstream:remoteref) refs/heads/main refs/remotes/main [4ms]
2025-05-17 23:53:04.843 [info] > git config --get commit.template [12ms]
2025-05-17 23:53:04.862 [info] > git for-each-ref --sort -committerdate --format %(refname)%00%(objectname)%00%(*objectname) [2ms]
2025-05-17 23:53:04.874 [info] > git status -z -uall [21ms]
2025-05-17 23:53:09.987 [info] > git config --get commit.template [18ms]
2025-05-17 23:53:09.989 [info] > git for-each-ref --format=%(refname)%00%(upstream:short)%00%(objectname)%00%(upstream:track)%00%(upstream:remotename)%00%(upstream:remoteref) refs/heads/main refs/remotes/main [3ms]
2025-05-17 23:53:10.024 [info] > git for-each-ref --sort -committerdate --format %(refname)%00%(objectname)%00%(*objectname) [4ms]
2025-05-17 23:53:10.037 [info] > git status -z -uall [31ms]
2025-05-17 23:54:33.696 [info] > git config --get commit.template [4ms]
2025-05-17 23:54:33.705 [info] > git for-each-ref --format=%(refname)%00%(upstream:short)%00%(objectname)%00%(upstream:track)%00%(upstream:remotename)%00%(upstream:remoteref) refs/heads/main refs/remotes/main [1ms]
2025-05-17 23:54:33.724 [info] > git for-each-ref --sort -committerdate --format %(refname)%00%(objectname)%00%(*objectname) [1ms]
2025-05-17 23:54:33.741 [info] > git status -z -uall [27ms]
2025-05-17 23:54:38.845 [info] > git config --get commit.template [8ms]
2025-05-17 23:54:38.845 [info] > git for-each-ref --format=%(refname)%00%(upstream:short)%00%(objectname)%00%(upstream:track)%00%(upstream:remotename)%00%(upstream:remoteref) refs/heads/main refs/remotes/main [1ms]
2025-05-17 23:54:38.862 [info] > git for-each-ref --sort -committerdate --format %(refname)%00%(objectname)%00%(*objectname) [2ms]
2025-05-17 23:54:38.877 [info] > git status -z -uall [24ms]
2025-05-17 23:54:44.006 [info] > git config --get commit.template [20ms]
2025-05-17 23:54:44.008 [info] > git for-each-ref --format=%(refname)%00%(upstream:short)%00%(objectname)%00%(upstream:track)%00%(upstream:remotename)%00%(upstream:remoteref) refs/heads/main refs/remotes/main [4ms]
2025-05-17 23:54:44.049 [info] > git for-each-ref --sort -committerdate --format %(refname)%00%(objectname)%00%(*objectname) [4ms]
2025-05-17 23:54:44.074 [info] > git status -z -uall [47ms]
2025-05-17 23:54:49.180 [info] > git config --get commit.template [2ms]
2025-05-17 23:54:49.189 [info] > git for-each-ref --format=%(refname)%00%(upstream:short)%00%(objectname)%00%(upstream:track)%00%(upstream:remotename)%00%(upstream:remoteref) refs/heads/main refs/remotes/main [2ms]
2025-05-17 23:54:49.203 [info] > git for-each-ref --sort -committerdate --format %(refname)%00%(objectname)%00%(*objectname) [1ms]
2025-05-17 23:54:49.216 [info] > git status -z -uall [20ms]
2025-05-17 23:55:00.245 [info] > git config --get commit.template [8ms]
2025-05-17 23:55:00.246 [info] > git for-each-ref --format=%(refname)%00%(upstream:short)%00%(objectname)%00%(upstream:track)%00%(upstream:remotename)%00%(upstream:remoteref) refs/heads/main refs/remotes/main [2ms]
2025-05-17 23:55:00.263 [info] > git for-each-ref --sort -committerdate --format %(refname)%00%(objectname)%00%(*objectname) [2ms]
2025-05-17 23:55:00.277 [info] > git status -z -uall [24ms]
2025-05-17 23:55:05.390 [info] > git config --get commit.template [18ms]
2025-05-17 23:55:05.391 [info] > git for-each-ref --format=%(refname)%00%(upstream:short)%00%(objectname)%00%(upstream:track)%00%(upstream:remotename)%00%(upstream:remoteref) refs/heads/main refs/remotes/main [2ms]
2025-05-17 23:55:05.404 [info] > git for-each-ref --sort -committerdate --format %(refname)%00%(objectname)%00%(*objectname) [1ms]
2025-05-17 23:55:05.416 [info] > git status -z -uall [19ms]
2025-05-17 23:56:38.321 [info] > git config --get commit.template [11ms]
2025-05-17 23:56:38.322 [info] > git for-each-ref --format=%(refname)%00%(upstream:short)%00%(objectname)%00%(upstream:track)%00%(upstream:remotename)%00%(upstream:remoteref) refs/heads/main refs/remotes/main [2ms]
2025-05-17 23:56:38.343 [info] > git for-each-ref --sort -committerdate --format %(refname)%00%(objectname)%00%(*objectname) [2ms]
2025-05-17 23:56:38.356 [info] > git status -z -uall [25ms]
2025-05-17 23:56:43.487 [info] > git config --get commit.template [8ms]
2025-05-17 23:56:43.488 [info] > git for-each-ref --format=%(refname)%00%(upstream:short)%00%(objectname)%00%(upstream:track)%00%(upstream:remotename)%00%(upstream:remoteref) refs/heads/main refs/remotes/main [1ms]
2025-05-17 23:56:43.504 [info] > git for-each-ref --sort -committerdate --format %(refname)%00%(objectname)%00%(*objectname) [1ms]
2025-05-17 23:56:43.515 [info] > git status -z -uall [20ms]
2025-05-17 23:57:13.681 [info] > git config --get commit.template [11ms]
2025-05-17 23:57:13.682 [info] > git for-each-ref --format=%(refname)%00%(upstream:short)%00%(objectname)%00%(upstream:track)%00%(upstream:remotename)%00%(upstream:remoteref) refs/heads/main refs/remotes/main [2ms]
2025-05-17 23:57:13.701 [info] > git for-each-ref --sort -committerdate --format %(refname)%00%(objectname)%00%(*objectname) [2ms]
2025-05-17 23:57:13.716 [info] > git status -z -uall [26ms]
2025-05-17 23:57:18.856 [info] > git config --get commit.template [18ms]
2025-05-17 23:57:18.857 [info] > git for-each-ref --format=%(refname)%00%(upstream:short)%00%(objectname)%00%(upstream:track)%00%(upstream:remotename)%00%(upstream:remoteref) refs/heads/main refs/remotes/main [1ms]
2025-05-17 23:57:18.871 [info] > git for-each-ref --sort -committerdate --format %(refname)%00%(objectname)%00%(*objectname) [1ms]
2025-05-17 23:57:18.883 [info] > git status -z -uall [20ms]
2025-05-17 23:57:25.472 [info] > git config --get commit.template [8ms]
2025-05-17 23:57:25.473 [info] > git for-each-ref --format=%(refname)%00%(upstream:short)%00%(objectname)%00%(upstream:track)%00%(upstream:remotename)%00%(upstream:remoteref) refs/heads/main refs/remotes/main [2ms]
2025-05-17 23:57:25.487 [info] > git for-each-ref --sort -committerdate --format %(refname)%00%(objectname)%00%(*objectname) [1ms]
2025-05-17 23:57:25.499 [info] > git status -z -uall [20ms]
2025-05-17 23:57:30.580 [info] > git config --get commit.template [6ms]
2025-05-17 23:57:30.581 [info] > git for-each-ref --format=%(refname)%00%(upstream:short)%00%(objectname)%00%(upstream:track)%00%(upstream:remotename)%00%(upstream:remoteref) refs/heads/main refs/remotes/main [1ms]
2025-05-17 23:57:30.596 [info] > git for-each-ref --sort -committerdate --format %(refname)%00%(objectname)%00%(*objectname) [1ms]
2025-05-17 23:57:30.606 [info] > git status -z -uall [19ms]
2025-05-17 23:57:35.706 [info] > git config --get commit.template [9ms]
2025-05-17 23:57:35.707 [info] > git for-each-ref --format=%(refname)%00%(upstream:short)%00%(objectname)%00%(upstream:track)%00%(upstream:remotename)%00%(upstream:remoteref) refs/heads/main refs/remotes/main [1ms]
2025-05-17 23:57:35.722 [info] > git for-each-ref --sort -committerdate --format %(refname)%00%(objectname)%00%(*objectname) [2ms]
2025-05-17 23:57:35.734 [info] > git status -z -uall [20ms]
2025-05-17 23:57:40.839 [info] > git config --get commit.template [16ms]
2025-05-17 23:57:40.841 [info] > git for-each-ref --format=%(refname)%00%(upstream:short)%00%(objectname)%00%(upstream:track)%00%(upstream:remotename)%00%(upstream:remoteref) refs/heads/main refs/remotes/main [3ms]
2025-05-17 23:57:40.868 [info] > git for-each-ref --sort -committerdate --format %(refname)%00%(objectname)%00%(*objectname) [1ms]
2025-05-17 23:57:40.880 [info] > git status -z -uall [20ms]
2025-05-17 23:57:45.971 [info] > git config --get commit.template [6ms]
2025-05-17 23:57:45.972 [info] > git for-each-ref --format=%(refname)%00%(upstream:short)%00%(objectname)%00%(upstream:track)%00%(upstream:remotename)%00%(upstream:remoteref) refs/heads/main refs/remotes/main [1ms]
2025-05-17 23:57:45.987 [info] > git for-each-ref --sort -committerdate --format %(refname)%00%(objectname)%00%(*objectname) [2ms]
2025-05-17 23:57:45.999 [info] > git status -z -uall [20ms]
2025-05-17 23:57:51.084 [info] > git config --get commit.template [5ms]
2025-05-17 23:57:51.092 [info] > git for-each-ref --format=%(refname)%00%(upstream:short)%00%(objectname)%00%(upstream:track)%00%(upstream:remotename)%00%(upstream:remoteref) refs/heads/main refs/remotes/main [1ms]
2025-05-17 23:57:51.108 [info] > git for-each-ref --sort -committerdate --format %(refname)%00%(objectname)%00%(*objectname) [1ms]
2025-05-17 23:57:51.119 [info] > git status -z -uall [19ms]
2025-05-17 23:57:56.236 [info] > git config --get commit.template [18ms]
2025-05-17 23:57:56.238 [info] > git for-each-ref --format=%(refname)%00%(upstream:short)%00%(objectname)%00%(upstream:track)%00%(upstream:remotename)%00%(upstream:remoteref) refs/heads/main refs/remotes/main [4ms]
2025-05-17 23:57:56.273 [info] > git for-each-ref --sort -committerdate --format %(refname)%00%(objectname)%00%(*objectname) [4ms]
2025-05-17 23:57:56.302 [info] > git status -z -uall [48ms]
2025-05-17 23:58:01.413 [info] > git config --get commit.template [12ms]
2025-05-17 23:58:01.433 [info] > git for-each-ref --format=%(refname)%00%(upstream:short)%00%(objectname)%00%(upstream:track)%00%(upstream:remotename)%00%(upstream:remoteref) refs/heads/main refs/remotes/main [3ms]
2025-05-17 23:58:01.470 [info] > git for-each-ref --sort -committerdate --format %(refname)%00%(objectname)%00%(*objectname) [4ms]
2025-05-17 23:58:01.499 [info] > git status -z -uall [48ms]
2025-05-17 23:58:06.611 [info] > git config --get commit.template [20ms]
2025-05-17 23:58:06.613 [info] > git for-each-ref --format=%(refname)%00%(upstream:short)%00%(objectname)%00%(upstream:track)%00%(upstream:remotename)%00%(upstream:remoteref) refs/heads/main refs/remotes/main [4ms]
2025-05-17 23:58:06.651 [info] > git for-each-ref --sort -committerdate --format %(refname)%00%(objectname)%00%(*objectname) [4ms]
2025-05-17 23:58:06.678 [info] > git status -z -uall [47ms]
2025-05-17 23:58:11.793 [info] > git config --get commit.template [9ms]
2025-05-17 23:58:11.794 [info] > git for-each-ref --format=%(refname)%00%(upstream:short)%00%(objectname)%00%(upstream:track)%00%(upstream:remotename)%00%(upstream:remoteref) refs/heads/main refs/remotes/main [1ms]
2025-05-17 23:58:11.808 [info] > git for-each-ref --sort -committerdate --format %(refname)%00%(objectname)%00%(*objectname) [1ms]
2025-05-17 23:58:11.821 [info] > git status -z -uall [21ms]
2025-05-17 23:58:15.429 [info] > git show --textconv :part1_EL.y [9ms]
2025-05-17 23:58:15.430 [info] > git ls-files --stage -- part1_EL.y [2ms]
2025-05-17 23:58:15.437 [info] > git cat-file -s b2b138e7a6cdc26e9a7fa094ab95e276cef56714 [1ms]
2025-05-17 23:58:16.906 [info] > git config --get commit.template [7ms]
2025-05-17 23:58:16.907 [info] > git for-each-ref --format=%(refname)%00%(upstream:short)%00%(objectname)%00%(upstream:track)%00%(upstream:remotename)%00%(upstream:remoteref) refs/heads/main refs/remotes/main [2ms]
2025-05-17 23:58:16.922 [info] > git for-each-ref --sort -committerdate --format %(refname)%00%(objectname)%00%(*objectname) [1ms]
2025-05-17 23:58:16.935 [info] > git status -z -uall [22ms]
2025-05-17 23:58:35.555 [info] > git config --get commit.template [9ms]
2025-05-17 23:58:35.556 [info] > git for-each-ref --format=%(refname)%00%(upstream:short)%00%(objectname)%00%(upstream:track)%00%(upstream:remotename)%00%(upstream:remoteref) refs/heads/main refs/remotes/main [1ms]
2025-05-17 23:58:35.578 [info] > git for-each-ref --sort -committerdate --format %(refname)%00%(objectname)%00%(*objectname) [2ms]
2025-05-17 23:58:35.603 [info] > git status -z -uall [36ms]
2025-05-17 23:58:40.695 [info] > git config --get commit.template [1ms]
2025-05-17 23:58:40.701 [info] > git for-each-ref --format=%(refname)%00%(upstream:short)%00%(objectname)%00%(upstream:track)%00%(upstream:remotename)%00%(upstream:remoteref) refs/heads/main refs/remotes/main [1ms]
2025-05-17 23:58:40.713 [info] > git for-each-ref --sort -committerdate --format %(refname)%00%(objectname)%00%(*objectname) [1ms]
2025-05-17 23:58:40.728 [info] > git status -z -uall [21ms]
2025-05-17 23:58:45.810 [info] > git config --get commit.template [6ms]
2025-05-17 23:58:45.811 [info] > git for-each-ref --format=%(refname)%00%(upstream:short)%00%(objectname)%00%(upstream:track)%00%(upstream:remotename)%00%(upstream:remoteref) refs/heads/main refs/remotes/main [1ms]
2025-05-17 23:58:45.825 [info] > git for-each-ref --sort -committerdate --format %(refname)%00%(objectname)%00%(*objectname) [1ms]
2025-05-17 23:58:45.835 [info] > git status -z -uall [18ms]
2025-05-17 23:58:50.917 [info] > git config --get commit.template [7ms]
2025-05-17 23:58:50.923 [info] > git for-each-ref --format=%(refname)%00%(upstream:short)%00%(objectname)%00%(upstream:track)%00%(upstream:remotename)%00%(upstream:remoteref) refs/heads/main refs/remotes/main [7ms]
2025-05-17 23:58:50.936 [info] > git for-each-ref --sort -committerdate --format %(refname)%00%(objectname)%00%(*objectname) [2ms]
2025-05-17 23:58:50.946 [info] > git status -z -uall [17ms]
2025-05-17 23:58:56.055 [info] > git config --get commit.template [15ms]
2025-05-17 23:58:56.056 [info] > git for-each-ref --format=%(refname)%00%(upstream:short)%00%(objectname)%00%(upstream:track)%00%(upstream:remotename)%00%(upstream:remoteref) refs/heads/main refs/remotes/main [1ms]
2025-05-17 23:58:56.070 [info] > git for-each-ref --sort -committerdate --format %(refname)%00%(objectname)%00%(*objectname) [2ms]
2025-05-17 23:58:56.082 [info] > git status -z -uall [19ms]
2025-05-17 23:59:01.192 [info] > git config --get commit.template [16ms]
2025-05-17 23:59:01.194 [info] > git for-each-ref --format=%(refname)%00%(upstream:short)%00%(objectname)%00%(upstream:track)%00%(upstream:remotename)%00%(upstream:remoteref) refs/heads/main refs/remotes/main [4ms]
2025-05-17 23:59:01.229 [info] > git for-each-ref --sort -committerdate --format %(refname)%00%(objectname)%00%(*objectname) [4ms]
2025-05-17 23:59:01.263 [info] > git status -z -uall [52ms]
2025-05-17 23:59:06.459 [info] > git config --get commit.template [18ms]
2025-05-17 23:59:06.461 [info] > git for-each-ref --format=%(refname)%00%(upstream:short)%00%(objectname)%00%(upstream:track)%00%(upstream:remotename)%00%(upstream:remoteref) refs/heads/main refs/remotes/main [3ms]
2025-05-17 23:59:06.498 [info] > git for-each-ref --sort -committerdate --format %(refname)%00%(objectname)%00%(*objectname) [5ms]
2025-05-17 23:59:06.527 [info] > git status -z -uall [49ms]
2025-05-17 23:59:11.633 [info] > git config --get commit.template [7ms]
2025-05-17 23:59:11.633 [info] > git for-each-ref --format=%(refname)%00%(upstream:short)%00%(objectname)%00%(upstream:track)%00%(upstream:remotename)%00%(upstream:remoteref) refs/heads/main refs/remotes/main [1ms]
2025-05-17 23:59:11.649 [info] > git for-each-ref --sort -committerdate --format %(refname)%00%(objectname)%00%(*objectname) [1ms]
2025-05-17 23:59:11.662 [info] > git status -z -uall [21ms]
2025-05-17 23:59:22.986 [info] > git config --get commit.template [9ms]
2025-05-17 23:59:22.986 [info] > git for-each-ref --format=%(refname)%00%(upstream:short)%00%(objectname)%00%(upstream:track)%00%(upstream:remotename)%00%(upstream:remoteref) refs/heads/main refs/remotes/main [2ms]
2025-05-17 23:59:23.007 [info] > git for-each-ref --sort -committerdate --format %(refname)%00%(objectname)%00%(*objectname) [3ms]
2025-05-17 23:59:23.025 [info] > git status -z -uall [30ms]
2025-05-17 23:59:28.139 [info] > git config --get commit.template [9ms]
2025-05-17 23:59:28.140 [info] > git for-each-ref --format=%(refname)%00%(upstream:short)%00%(objectname)%00%(upstream:track)%00%(upstream:remotename)%00%(upstream:remoteref) refs/heads/main refs/remotes/main [2ms]
2025-05-17 23:59:28.157 [info] > git for-each-ref --sort -committerdate --format %(refname)%00%(objectname)%00%(*objectname) [2ms]
2025-05-17 23:59:28.168 [info] > git status -z -uall [21ms]
2025-05-17 23:59:33.763 [info] > git config --get commit.template [5ms]
2025-05-17 23:59:33.763 [info] > git for-each-ref --format=%(refname)%00%(upstream:short)%00%(objectname)%00%(upstream:track)%00%(upstream:remotename)%00%(upstream:remoteref) refs/heads/main refs/remotes/main [1ms]
2025-05-17 23:59:33.774 [info] > git for-each-ref --sort -committerdate --format %(refname)%00%(objectname)%00%(*objectname) [1ms]
2025-05-17 23:59:33.790 [info] > git status -z -uall [22ms]
2025-05-17 23:59:38.867 [info] > git config --get commit.template [6ms]
2025-05-17 23:59:38.867 [info] > git for-each-ref --format=%(refname)%00%(upstream:short)%00%(objectname)%00%(upstream:track)%00%(upstream:remotename)%00%(upstream:remoteref) refs/heads/main refs/remotes/main [1ms]
2025-05-17 23:59:38.878 [info] > git for-each-ref --sort -committerdate --format %(refname)%00%(objectname)%00%(*objectname) [1ms]
2025-05-17 23:59:38.889 [info] > git status -z -uall [17ms]
2025-05-17 23:59:45.171 [info] > git config --get commit.template [10ms]
2025-05-17 23:59:45.172 [info] > git for-each-ref --format=%(refname)%00%(upstream:short)%00%(objectname)%00%(upstream:track)%00%(upstream:remotename)%00%(upstream:remoteref) refs/heads/main refs/remotes/main [2ms]
2025-05-17 23:59:45.189 [info] > git for-each-ref --sort -committerdate --format %(refname)%00%(objectname)%00%(*objectname) [1ms]
2025-05-17 23:59:45.204 [info] > git status -z -uall [23ms]
2025-05-17 23:59:50.294 [info] > git config --get commit.template [7ms]
2025-05-17 23:59:50.295 [info] > git for-each-ref --format=%(refname)%00%(upstream:short)%00%(objectname)%00%(upstream:track)%00%(upstream:remotename)%00%(upstream:remoteref) refs/heads/main refs/remotes/main [1ms]
2025-05-17 23:59:50.311 [info] > git for-each-ref --sort -committerdate --format %(refname)%00%(objectname)%00%(*objectname) [2ms]
2025-05-17 23:59:50.326 [info] > git status -z -uall [23ms]
2025-05-17 23:59:55.415 [info] > git config --get commit.template [5ms]
2025-05-17 23:59:55.416 [info] > git for-each-ref --format=%(refname)%00%(upstream:short)%00%(objectname)%00%(upstream:track)%00%(upstream:remotename)%00%(upstream:remoteref) refs/heads/main refs/remotes/main [1ms]
2025-05-17 23:59:55.426 [info] > git for-each-ref --sort -committerdate --format %(refname)%00%(objectname)%00%(*objectname) [1ms]
2025-05-17 23:59:55.437 [info] > git status -z -uall [17ms]
2025-05-18 00:00:00.538 [info] > git config --get commit.template [15ms]
2025-05-18 00:00:00.540 [info] > git for-each-ref --format=%(refname)%00%(upstream:short)%00%(objectname)%00%(upstream:track)%00%(upstream:remotename)%00%(upstream:remoteref) refs/heads/main refs/remotes/main [4ms]
2025-05-18 00:00:00.574 [info] > git for-each-ref --sort -committerdate --format %(refname)%00%(objectname)%00%(*objectname) [4ms]
2025-05-18 00:00:00.597 [info] > git status -z -uall [41ms]
2025-05-18 00:00:05.706 [info] > git config --get commit.template [16ms]
2025-05-18 00:00:05.709 [info] > git for-each-ref --format=%(refname)%00%(upstream:short)%00%(objectname)%00%(upstream:track)%00%(upstream:remotename)%00%(upstream:remoteref) refs/heads/main refs/remotes/main [4ms]
2025-05-18 00:00:05.742 [info] > git for-each-ref --sort -committerdate --format %(refname)%00%(objectname)%00%(*objectname) [4ms]
2025-05-18 00:00:05.774 [info] > git status -z -uall [49ms]
2025-05-18 00:00:10.882 [info] > git config --get commit.template [9ms]
2025-05-18 00:00:10.883 [info] > git for-each-ref --format=%(refname)%00%(upstream:short)%00%(objectname)%00%(upstream:track)%00%(upstream:remotename)%00%(upstream:remoteref) refs/heads/main refs/remotes/main [2ms]
2025-05-18 00:00:10.897 [info] > git for-each-ref --sort -committerdate --format %(refname)%00%(objectname)%00%(*objectname) [2ms]
2025-05-18 00:00:10.912 [info] > git status -z -uall [22ms]
2025-05-18 00:00:15.998 [info] > git config --get commit.template [5ms]
2025-05-18 00:00:15.998 [info] > git for-each-ref --format=%(refname)%00%(upstream:short)%00%(objectname)%00%(upstream:track)%00%(upstream:remotename)%00%(upstream:remoteref) refs/heads/main refs/remotes/main [1ms]
2025-05-18 00:00:16.013 [info] > git for-each-ref --sort -committerdate --format %(refname)%00%(objectname)%00%(*objectname) [2ms]
2025-05-18 00:00:16.028 [info] > git status -z -uall [22ms]
2025-05-18 00:00:22.685 [info] > git config --get commit.template [13ms]
2025-05-18 00:00:22.686 [info] > git for-each-ref --format=%(refname)%00%(upstream:short)%00%(objectname)%00%(upstream:track)%00%(upstream:remotename)%00%(upstream:remoteref) refs/heads/main refs/remotes/main [1ms]
2025-05-18 00:00:22.697 [info] > git for-each-ref --sort -committerdate --format %(refname)%00%(objectname)%00%(*objectname) [1ms]
2025-05-18 00:00:22.711 [info] > git status -z -uall [20ms]
2025-05-18 00:00:27.812 [info] > git config --get commit.template [15ms]
2025-05-18 00:00:27.815 [info] > git for-each-ref --format=%(refname)%00%(upstream:short)%00%(objectname)%00%(upstream:track)%00%(upstream:remotename)%00%(upstream:remoteref) refs/heads/main refs/remotes/main [4ms]
2025-05-18 00:00:27.845 [info] > git for-each-ref --sort -committerdate --format %(refname)%00%(objectname)%00%(*objectname) [4ms]
2025-05-18 00:00:27.859 [info] > git status -z -uall [30ms]
2025-05-18 00:00:32.963 [info] > git config --get commit.template [15ms]
2025-05-18 00:00:32.966 [info] > git for-each-ref --format=%(refname)%00%(upstream:short)%00%(objectname)%00%(upstream:track)%00%(upstream:remotename)%00%(upstream:remoteref) refs/heads/main refs/remotes/main [4ms]
2025-05-18 00:00:32.990 [info] > git for-each-ref --sort -committerdate --format %(refname)%00%(objectname)%00%(*objectname) [1ms]
2025-05-18 00:00:33.003 [info] > git status -z -uall [21ms]
2025-05-18 00:00:38.085 [info] > git config --get commit.template [6ms]
2025-05-18 00:00:38.086 [info] > git for-each-ref --format=%(refname)%00%(upstream:short)%00%(objectname)%00%(upstream:track)%00%(upstream:remotename)%00%(upstream:remoteref) refs/heads/main refs/remotes/main [1ms]
2025-05-18 00:00:38.099 [info] > git for-each-ref --sort -committerdate --format %(refname)%00%(objectname)%00%(*objectname) [1ms]
2025-05-18 00:00:38.113 [info] > git status -z -uall [21ms]
2025-05-18 00:00:42.839 [info] > git show --textconv :part1_EL.y [6ms]
2025-05-18 00:00:42.841 [info] > git ls-files --stage -- part1_EL.y [1ms]
2025-05-18 00:00:42.847 [info] > git cat-file -s b2b138e7a6cdc26e9a7fa094ab95e276cef56714 [1ms]
2025-05-18 00:00:43.232 [info] > git config --get commit.template [18ms]
2025-05-18 00:00:43.235 [info] > git for-each-ref --format=%(refname)%00%(upstream:short)%00%(objectname)%00%(upstream:track)%00%(upstream:remotename)%00%(upstream:remoteref) refs/heads/main refs/remotes/main [4ms]
2025-05-18 00:00:43.270 [info] > git for-each-ref --sort -committerdate --format %(refname)%00%(objectname)%00%(*objectname) [3ms]
2025-05-18 00:00:43.288 [info] > git status -z -uall [35ms]
2025-05-18 00:00:49.004 [info] > git config --get commit.template [4ms]
2025-05-18 00:00:49.021 [info] > git for-each-ref --format=%(refname)%00%(upstream:short)%00%(objectname)%00%(upstream:track)%00%(upstream:remotename)%00%(upstream:remoteref) refs/heads/main refs/remotes/main [4ms]
2025-05-18 00:00:49.052 [info] > git for-each-ref --sort -committerdate --format %(refname)%00%(objectname)%00%(*objectname) [4ms]
2025-05-18 00:00:49.082 [info] > git status -z -uall [47ms]
2025-05-18 00:00:54.174 [info] > git config --get commit.template [7ms]
2025-05-18 00:00:54.175 [info] > git for-each-ref --format=%(refname)%00%(upstream:short)%00%(objectname)%00%(upstream:track)%00%(upstream:remotename)%00%(upstream:remoteref) refs/heads/main refs/remotes/main [1ms]
2025-05-18 00:00:54.189 [info] > git for-each-ref --sort -committerdate --format %(refname)%00%(objectname)%00%(*objectname) [1ms]
2025-05-18 00:00:54.202 [info] > git status -z -uall [20ms]
2025-05-18 00:00:59.281 [info] > git config --get commit.template [4ms]
2025-05-18 00:00:59.282 [info] > git for-each-ref --format=%(refname)%00%(upstream:short)%00%(objectname)%00%(upstream:track)%00%(upstream:remotename)%00%(upstream:remoteref) refs/heads/main refs/remotes/main [1ms]
2025-05-18 00:00:59.292 [info] > git for-each-ref --sort -committerdate --format %(refname)%00%(objectname)%00%(*objectname) [1ms]
2025-05-18 00:00:59.308 [info] > git status -z -uall [22ms]
2025-05-18 00:01:04.419 [info] > git config --get commit.template [17ms]
2025-05-18 00:01:04.420 [info] > git for-each-ref --format=%(refname)%00%(upstream:short)%00%(objectname)%00%(upstream:track)%00%(upstream:remotename)%00%(upstream:remoteref) refs/heads/main refs/remotes/main [3ms]
2025-05-18 00:01:04.439 [info] > git for-each-ref --sort -committerdate --format %(refname)%00%(objectname)%00%(*objectname) [2ms]
2025-05-18 00:01:04.453 [info] > git status -z -uall [23ms]
2025-05-18 00:01:05.128 [info] > git show --textconv :test17.txt [7ms]
2025-05-18 00:01:05.129 [info] > git ls-files --stage -- test17.txt [2ms]
2025-05-18 00:01:05.137 [info] > git cat-file -s d90a197943a6d3d1a39fb129167dc64c5bd75282 [3ms]
2025-05-18 00:01:13.093 [info] > git config --get commit.template [7ms]
2025-05-18 00:01:13.094 [info] > git for-each-ref --format=%(refname)%00%(upstream:short)%00%(objectname)%00%(upstream:track)%00%(upstream:remotename)%00%(upstream:remoteref) refs/heads/main refs/remotes/main [1ms]
2025-05-18 00:01:13.107 [info] > git for-each-ref --sort -committerdate --format %(refname)%00%(objectname)%00%(*objectname) [2ms]
2025-05-18 00:01:13.120 [info] > git status -z -uall [19ms]
2025-05-18 00:01:18.222 [info] > git config --get commit.template [17ms]
2025-05-18 00:01:18.224 [info] > git for-each-ref --format=%(refname)%00%(upstream:short)%00%(objectname)%00%(upstream:track)%00%(upstream:remotename)%00%(upstream:remoteref) refs/heads/main refs/remotes/main [3ms]
2025-05-18 00:01:18.243 [info] > git for-each-ref --sort -committerdate --format %(refname)%00%(objectname)%00%(*objectname) [2ms]
2025-05-18 00:01:18.257 [info] > git status -z -uall [21ms]
2025-05-18 00:01:23.340 [info] > git config --get commit.template [6ms]
2025-05-18 00:01:23.341 [info] > git for-each-ref --format=%(refname)%00%(upstream:short)%00%(objectname)%00%(upstream:track)%00%(upstream:remotename)%00%(upstream:remoteref) refs/heads/main refs/remotes/main [1ms]
2025-05-18 00:01:23.355 [info] > git for-each-ref --sort -committerdate --format %(refname)%00%(objectname)%00%(*objectname) [2ms]
2025-05-18 00:01:23.366 [info] > git status -z -uall [19ms]
2025-05-18 00:01:29.115 [info] > git config --get commit.template [20ms]
2025-05-18 00:01:29.117 [info] > git for-each-ref --format=%(refname)%00%(upstream:short)%00%(objectname)%00%(upstream:track)%00%(upstream:remotename)%00%(upstream:remoteref) refs/heads/main refs/remotes/main [3ms]
2025-05-18 00:01:29.130 [info] > git for-each-ref --sort -committerdate --format %(refname)%00%(objectname)%00%(*objectname) [1ms]
2025-05-18 00:01:29.142 [info] > git status -z -uall [19ms]
2025-05-18 00:01:34.242 [info] > git config --get commit.template [9ms]
2025-05-18 00:01:34.243 [info] > git for-each-ref --format=%(refname)%00%(upstream:short)%00%(objectname)%00%(upstream:track)%00%(upstream:remotename)%00%(upstream:remoteref) refs/heads/main refs/remotes/main [1ms]
2025-05-18 00:01:34.256 [info] > git for-each-ref --sort -committerdate --format %(refname)%00%(objectname)%00%(*objectname) [1ms]
2025-05-18 00:01:34.268 [info] > git status -z -uall [19ms]
2025-05-18 00:01:40.118 [info] > git config --get commit.template [19ms]
2025-05-18 00:01:40.121 [info] > git for-each-ref --format=%(refname)%00%(upstream:short)%00%(objectname)%00%(upstream:track)%00%(upstream:remotename)%00%(upstream:remoteref) refs/heads/main refs/remotes/main [4ms]
2025-05-18 00:01:40.154 [info] > git for-each-ref --sort -committerdate --format %(refname)%00%(objectname)%00%(*objectname) [4ms]
2025-05-18 00:01:40.178 [info] > git status -z -uall [40ms]
2025-05-18 00:01:45.287 [info] > git config --get commit.template [15ms]
2025-05-18 00:01:45.289 [info] > git for-each-ref --format=%(refname)%00%(upstream:short)%00%(objectname)%00%(upstream:track)%00%(upstream:remotename)%00%(upstream:remoteref) refs/heads/main refs/remotes/main [3ms]
2025-05-18 00:01:45.322 [info] > git for-each-ref --sort -committerdate --format %(refname)%00%(objectname)%00%(*objectname) [4ms]
2025-05-18 00:01:45.357 [info] > git status -z -uall [52ms]
2025-05-18 00:01:50.467 [info] > git config --get commit.template [15ms]
2025-05-18 00:01:50.469 [info] > git for-each-ref --format=%(refname)%00%(upstream:short)%00%(objectname)%00%(upstream:track)%00%(upstream:remotename)%00%(upstream:remoteref) refs/heads/main refs/remotes/main [4ms]
2025-05-18 00:01:50.503 [info] > git for-each-ref --sort -committerdate --format %(refname)%00%(objectname)%00%(*objectname) [5ms]
2025-05-18 00:01:50.515 [info] > git status -z -uall [31ms]
2025-05-18 00:01:55.618 [info] > git config --get commit.template [16ms]
2025-05-18 00:01:55.620 [info] > git for-each-ref --format=%(refname)%00%(upstream:short)%00%(objectname)%00%(upstream:track)%00%(upstream:remotename)%00%(upstream:remoteref) refs/heads/main refs/remotes/main [3ms]
2025-05-18 00:01:55.643 [info] > git for-each-ref --sort -committerdate --format %(refname)%00%(objectname)%00%(*objectname) [1ms]
2025-05-18 00:01:55.657 [info] > git status -z -uall [21ms]
2025-05-18 00:02:01.273 [info] > git config --get commit.template [8ms]
2025-05-18 00:02:01.274 [info] > git for-each-ref --format=%(refname)%00%(upstream:short)%00%(objectname)%00%(upstream:track)%00%(upstream:remotename)%00%(upstream:remoteref) refs/heads/main refs/remotes/main [1ms]
2025-05-18 00:02:01.288 [info] > git for-each-ref --sort -committerdate --format %(refname)%00%(objectname)%00%(*objectname) [1ms]
2025-05-18 00:02:01.300 [info] > git status -z -uall [19ms]
2025-05-18 00:02:02.120 [info] > git show --textconv :part1_EL.y [6ms]
2025-05-18 00:02:02.123 [info] > git ls-files --stage -- part1_EL.y [4ms]
2025-05-18 00:02:02.130 [info] > git cat-file -s b2b138e7a6cdc26e9a7fa094ab95e276cef56714 [1ms]
2025-05-18 00:02:18.305 [info] > git config --get commit.template [2ms]
2025-05-18 00:02:18.317 [info] > git for-each-ref --format=%(refname)%00%(upstream:short)%00%(objectname)%00%(upstream:track)%00%(upstream:remotename)%00%(upstream:remoteref) refs/heads/main refs/remotes/main [2ms]
2025-05-18 00:02:18.335 [info] > git for-each-ref --sort -committerdate --format %(refname)%00%(objectname)%00%(*objectname) [2ms]
2025-05-18 00:02:18.348 [info] > git status -z -uall [23ms]
2025-05-18 00:02:23.510 [info] > git config --get commit.template [20ms]
2025-05-18 00:02:23.512 [info] > git for-each-ref --format=%(refname)%00%(upstream:short)%00%(objectname)%00%(upstream:track)%00%(upstream:remotename)%00%(upstream:remoteref) refs/heads/main refs/remotes/main [4ms]
2025-05-18 00:02:23.536 [info] > git for-each-ref --sort -committerdate --format %(refname)%00%(objectname)%00%(*objectname) [3ms]
2025-05-18 00:02:23.550 [info] > git status -z -uall [25ms]
2025-05-18 00:02:28.632 [info] > git config --get commit.template [1ms]
2025-05-18 00:02:28.639 [info] > git for-each-ref --format=%(refname)%00%(upstream:short)%00%(objectname)%00%(upstream:track)%00%(upstream:remotename)%00%(upstream:remoteref) refs/heads/main refs/remotes/main [1ms]
2025-05-18 00:02:28.654 [info] > git for-each-ref --sort -committerdate --format %(refname)%00%(objectname)%00%(*objectname) [2ms]
2025-05-18 00:02:28.666 [info] > git status -z -uall [20ms]
2025-05-18 00:02:33.779 [info] > git config --get commit.template [15ms]
2025-05-18 00:02:33.779 [info] > git for-each-ref --format=%(refname)%00%(upstream:short)%00%(objectname)%00%(upstream:track)%00%(upstream:remotename)%00%(upstream:remoteref) refs/heads/main refs/remotes/main [1ms]
2025-05-18 00:02:33.791 [info] > git for-each-ref --sort -committerdate --format %(refname)%00%(objectname)%00%(*objectname) [1ms]
2025-05-18 00:02:33.803 [info] > git status -z -uall [18ms]
2025-05-18 00:02:38.886 [info] > git config --get commit.template [7ms]
2025-05-18 00:02:38.887 [info] > git for-each-ref --format=%(refname)%00%(upstream:short)%00%(objectname)%00%(upstream:track)%00%(upstream:remotename)%00%(upstream:remoteref) refs/heads/main refs/remotes/main [1ms]
2025-05-18 00:02:38.901 [info] > git for-each-ref --sort -committerdate --format %(refname)%00%(objectname)%00%(*objectname) [1ms]
2025-05-18 00:02:38.913 [info] > git status -z -uall [20ms]
2025-05-18 00:02:44.533 [info] > git config --get commit.template [1ms]
2025-05-18 00:02:44.541 [info] > git for-each-ref --format=%(refname)%00%(upstream:short)%00%(objectname)%00%(upstream:track)%00%(upstream:remotename)%00%(upstream:remoteref) refs/heads/main refs/remotes/main [1ms]
2025-05-18 00:02:44.556 [info] > git for-each-ref --sort -committerdate --format %(refname)%00%(objectname)%00%(*objectname) [2ms]
2025-05-18 00:02:44.572 [info] > git status -z -uall [24ms]
2025-05-18 00:02:49.662 [info] > git config --get commit.template [7ms]
2025-05-18 00:02:49.663 [info] > git for-each-ref --format=%(refname)%00%(upstream:short)%00%(objectname)%00%(upstream:track)%00%(upstream:remotename)%00%(upstream:remoteref) refs/heads/main refs/remotes/main [1ms]
2025-05-18 00:02:49.679 [info] > git for-each-ref --sort -committerdate --format %(refname)%00%(objectname)%00%(*objectname) [2ms]
2025-05-18 00:02:49.690 [info] > git status -z -uall [20ms]
2025-05-18 00:03:29.609 [info] > git config --get commit.template [2ms]
2025-05-18 00:03:29.617 [info] > git for-each-ref --format=%(refname)%00%(upstream:short)%00%(objectname)%00%(upstream:track)%00%(upstream:remotename)%00%(upstream:remoteref) refs/heads/main refs/remotes/main [2ms]
2025-05-18 00:03:29.635 [info] > git for-each-ref --sort -committerdate --format %(refname)%00%(objectname)%00%(*objectname) [2ms]
2025-05-18 00:03:29.653 [info] > git status -z -uall [26ms]
2025-05-18 00:03:34.767 [info] > git config --get commit.template [2ms]
2025-05-18 00:03:34.776 [info] > git for-each-ref --format=%(refname)%00%(upstream:short)%00%(objectname)%00%(upstream:track)%00%(upstream:remotename)%00%(upstream:remoteref) refs/heads/main refs/remotes/main [2ms]
2025-05-18 00:03:34.795 [info] > git for-each-ref --sort -committerdate --format %(refname)%00%(objectname)%00%(*objectname) [3ms]
2025-05-18 00:03:34.808 [info] > git status -z -uall [24ms]
2025-05-18 00:03:39.902 [info] > git config --get commit.template [2ms]
2025-05-18 00:03:39.908 [info] > git for-each-ref --format=%(refname)%00%(upstream:short)%00%(objectname)%00%(upstream:track)%00%(upstream:remotename)%00%(upstream:remoteref) refs/heads/main refs/remotes/main [1ms]
2025-05-18 00:03:39.922 [info] > git for-each-ref --sort -committerdate --format %(refname)%00%(objectname)%00%(*objectname) [2ms]
2025-05-18 00:03:39.934 [info] > git status -z -uall [20ms]
2025-05-18 00:03:45.040 [info] > git config --get commit.template [15ms]
2025-05-18 00:03:45.040 [info] > git for-each-ref --format=%(refname)%00%(upstream:short)%00%(objectname)%00%(upstream:track)%00%(upstream:remotename)%00%(upstream:remoteref) refs/heads/main refs/remotes/main [1ms]
2025-05-18 00:03:45.056 [info] > git for-each-ref --sort -committerdate --format %(refname)%00%(objectname)%00%(*objectname) [2ms]
2025-05-18 00:03:45.069 [info] > git status -z -uall [22ms]
2025-05-18 00:03:50.157 [info] > git config --get commit.template [6ms]
2025-05-18 00:03:50.158 [info] > git for-each-ref --format=%(refname)%00%(upstream:short)%00%(objectname)%00%(upstream:track)%00%(upstream:remotename)%00%(upstream:remoteref) refs/heads/main refs/remotes/main [1ms]
2025-05-18 00:03:50.170 [info] > git for-each-ref --sort -committerdate --format %(refname)%00%(objectname)%00%(*objectname) [2ms]
2025-05-18 00:03:50.186 [info] > git status -z -uall [23ms]
2025-05-18 00:03:55.271 [info] > git config --get commit.template [7ms]
2025-05-18 00:03:55.272 [info] > git for-each-ref --format=%(refname)%00%(upstream:short)%00%(objectname)%00%(upstream:track)%00%(upstream:remotename)%00%(upstream:remoteref) refs/heads/main refs/remotes/main [1ms]
2025-05-18 00:03:55.288 [info] > git for-each-ref --sort -committerdate --format %(refname)%00%(objectname)%00%(*objectname) [2ms]
2025-05-18 00:03:55.299 [info] > git status -z -uall [19ms]
2025-05-18 00:04:00.400 [info] > git config --get commit.template [10ms]
2025-05-18 00:04:00.401 [info] > git for-each-ref --format=%(refname)%00%(upstream:short)%00%(objectname)%00%(upstream:track)%00%(upstream:remotename)%00%(upstream:remoteref) refs/heads/main refs/remotes/main [1ms]
2025-05-18 00:04:00.414 [info] > git for-each-ref --sort -committerdate --format %(refname)%00%(objectname)%00%(*objectname) [1ms]
2025-05-18 00:04:00.427 [info] > git status -z -uall [20ms]
2025-05-18 00:04:05.518 [info] > git config --get commit.template [6ms]
2025-05-18 00:04:05.519 [info] > git for-each-ref --format=%(refname)%00%(upstream:short)%00%(objectname)%00%(upstream:track)%00%(upstream:remotename)%00%(upstream:remoteref) refs/heads/main refs/remotes/main [1ms]
2025-05-18 00:04:05.535 [info] > git for-each-ref --sort -committerdate --format %(refname)%00%(objectname)%00%(*objectname) [2ms]
2025-05-18 00:04:05.548 [info] > git status -z -uall [21ms]
2025-05-18 00:04:10.632 [info] > git config --get commit.template [7ms]
2025-05-18 00:04:10.633 [info] > git for-each-ref --format=%(refname)%00%(upstream:short)%00%(objectname)%00%(upstream:track)%00%(upstream:remotename)%00%(upstream:remoteref) refs/heads/main refs/remotes/main [1ms]
2025-05-18 00:04:10.649 [info] > git for-each-ref --sort -committerdate --format %(refname)%00%(objectname)%00%(*objectname) [1ms]
2025-05-18 00:04:10.661 [info] > git status -z -uall [20ms]
2025-05-18 00:04:15.432 [info] > git show --textconv :part1_EL.y [7ms]
2025-05-18 00:04:15.433 [info] > git ls-files --stage -- part1_EL.y [2ms]
2025-05-18 00:04:15.440 [info] > git cat-file -s b2b138e7a6cdc26e9a7fa094ab95e276cef56714 [2ms]
2025-05-18 00:04:15.749 [info] > git config --get commit.template [8ms]
2025-05-18 00:04:15.750 [info] > git for-each-ref --format=%(refname)%00%(upstream:short)%00%(objectname)%00%(upstream:track)%00%(upstream:remotename)%00%(upstream:remoteref) refs/heads/main refs/remotes/main [2ms]
2025-05-18 00:04:15.767 [info] > git for-each-ref --sort -committerdate --format %(refname)%00%(objectname)%00%(*objectname) [1ms]
2025-05-18 00:04:15.778 [info] > git status -z -uall [20ms]
2025-05-18 00:04:21.415 [info] > git config --get commit.template [1ms]
2025-05-18 00:04:21.422 [info] > git for-each-ref --format=%(refname)%00%(upstream:short)%00%(objectname)%00%(upstream:track)%00%(upstream:remotename)%00%(upstream:remoteref) refs/heads/main refs/remotes/main [2ms]
2025-05-18 00:04:21.436 [info] > git for-each-ref --sort -committerdate --format %(refname)%00%(objectname)%00%(*objectname) [2ms]
2025-05-18 00:04:21.449 [info] > git status -z -uall [20ms]
2025-05-18 00:04:26.562 [info] > git config --get commit.template [17ms]
2025-05-18 00:04:26.565 [info] > git for-each-ref --format=%(refname)%00%(upstream:short)%00%(objectname)%00%(upstream:track)%00%(upstream:remotename)%00%(upstream:remoteref) refs/heads/main refs/remotes/main [4ms]
2025-05-18 00:04:26.598 [info] > git for-each-ref --sort -committerdate --format %(refname)%00%(objectname)%00%(*objectname) [3ms]
2025-05-18 00:04:26.611 [info] > git status -z -uall [30ms]
2025-05-18 00:04:31.710 [info] > git config --get commit.template [10ms]
2025-05-18 00:04:31.710 [info] > git for-each-ref --format=%(refname)%00%(upstream:short)%00%(objectname)%00%(upstream:track)%00%(upstream:remotename)%00%(upstream:remoteref) refs/heads/main refs/remotes/main [1ms]
2025-05-18 00:04:31.730 [info] > git for-each-ref --sort -committerdate --format %(refname)%00%(objectname)%00%(*objectname) [2ms]
2025-05-18 00:04:31.743 [info] > git status -z -uall [23ms]
2025-05-18 00:04:32.297 [info] > git show --textconv :test17.txt [10ms]
2025-05-18 00:04:32.298 [info] > git ls-files --stage -- test17.txt [4ms]
2025-05-18 00:04:32.309 [info] > git cat-file -s d90a197943a6d3d1a39fb129167dc64c5bd75282 [2ms]
2025-05-18 00:04:36.841 [info] > git config --get commit.template [7ms]
2025-05-18 00:04:36.842 [info] > git for-each-ref --format=%(refname)%00%(upstream:short)%00%(objectname)%00%(upstream:track)%00%(upstream:remotename)%00%(upstream:remoteref) refs/heads/main refs/remotes/main [2ms]
2025-05-18 00:04:36.855 [info] > git for-each-ref --sort -committerdate --format %(refname)%00%(objectname)%00%(*objectname) [2ms]
2025-05-18 00:04:36.868 [info] > git status -z -uall [20ms]
2025-05-18 00:04:41.955 [info] > git config --get commit.template [6ms]
2025-05-18 00:04:41.955 [info] > git for-each-ref --format=%(refname)%00%(upstream:short)%00%(objectname)%00%(upstream:track)%00%(upstream:remotename)%00%(upstream:remoteref) refs/heads/main refs/remotes/main [1ms]
2025-05-18 00:04:41.970 [info] > git for-each-ref --sort -committerdate --format %(refname)%00%(objectname)%00%(*objectname) [1ms]
2025-05-18 00:04:41.983 [info] > git status -z -uall [21ms]
2025-05-18 00:04:47.626 [info] > git config --get commit.template [19ms]
2025-05-18 00:04:47.629 [info] > git for-each-ref --format=%(refname)%00%(upstream:short)%00%(objectname)%00%(upstream:track)%00%(upstream:remotename)%00%(upstream:remoteref) refs/heads/main refs/remotes/main [5ms]
2025-05-18 00:04:47.665 [info] > git for-each-ref --sort -committerdate --format %(refname)%00%(objectname)%00%(*objectname) [3ms]
2025-05-18 00:04:47.679 [info] > git status -z -uall [34ms]
2025-05-18 00:04:52.790 [info] > git config --get commit.template [17ms]
2025-05-18 00:04:52.792 [info] > git for-each-ref --format=%(refname)%00%(upstream:short)%00%(objectname)%00%(upstream:track)%00%(upstream:remotename)%00%(upstream:remoteref) refs/heads/main refs/remotes/main [4ms]
2025-05-18 00:04:52.820 [info] > git for-each-ref --sort -committerdate --format %(refname)%00%(objectname)%00%(*objectname) [2ms]
2025-05-18 00:04:52.833 [info] > git status -z -uall [24ms]
2025-05-18 00:04:57.917 [info] > git config --get commit.template [9ms]
2025-05-18 00:04:57.918 [info] > git for-each-ref --format=%(refname)%00%(upstream:short)%00%(objectname)%00%(upstream:track)%00%(upstream:remotename)%00%(upstream:remoteref) refs/heads/main refs/remotes/main [2ms]
2025-05-18 00:04:57.932 [info] > git for-each-ref --sort -committerdate --format %(refname)%00%(objectname)%00%(*objectname) [2ms]
2025-05-18 00:04:57.946 [info] > git status -z -uall [21ms]
2025-05-18 00:05:03.041 [info] > git config --get commit.template [7ms]
2025-05-18 00:05:03.042 [info] > git for-each-ref --format=%(refname)%00%(upstream:short)%00%(objectname)%00%(upstream:track)%00%(upstream:remotename)%00%(upstream:remoteref) refs/heads/main refs/remotes/main [1ms]
2025-05-18 00:05:03.058 [info] > git for-each-ref --sort -committerdate --format %(refname)%00%(objectname)%00%(*objectname) [2ms]
2025-05-18 00:05:03.071 [info] > git status -z -uall [21ms]
2025-05-18 00:05:08.707 [info] > git config --get commit.template [14ms]
2025-05-18 00:05:08.708 [info] > git for-each-ref --format=%(refname)%00%(upstream:short)%00%(objectname)%00%(upstream:track)%00%(upstream:remotename)%00%(upstream:remoteref) refs/heads/main refs/remotes/main [2ms]
2025-05-18 00:05:08.723 [info] > git for-each-ref --sort -committerdate --format %(refname)%00%(objectname)%00%(*objectname) [2ms]
2025-05-18 00:05:08.736 [info] > git status -z -uall [20ms]
2025-05-18 00:05:13.844 [info] > git config --get commit.template [18ms]
2025-05-18 00:05:13.846 [info] > git for-each-ref --format=%(refname)%00%(upstream:short)%00%(objectname)%00%(upstream:track)%00%(upstream:remotename)%00%(upstream:remoteref) refs/heads/main refs/remotes/main [3ms]
2025-05-18 00:05:13.865 [info] > git for-each-ref --sort -committerdate --format %(refname)%00%(objectname)%00%(*objectname) [2ms]
2025-05-18 00:05:13.879 [info] > git status -z -uall [23ms]
2025-05-18 00:05:18.975 [info] > git config --get commit.template [8ms]
2025-05-18 00:05:18.976 [info] > git for-each-ref --format=%(refname)%00%(upstream:short)%00%(objectname)%00%(upstream:track)%00%(upstream:remotename)%00%(upstream:remoteref) refs/heads/main refs/remotes/main [3ms]
2025-05-18 00:05:18.993 [info] > git for-each-ref --sort -committerdate --format %(refname)%00%(objectname)%00%(*objectname) [3ms]
2025-05-18 00:05:19.003 [info] > git status -z -uall [21ms]
2025-05-18 00:05:24.117 [info] > git config --get commit.template [12ms]
2025-05-18 00:05:24.118 [info] > git for-each-ref --format=%(refname)%00%(upstream:short)%00%(objectname)%00%(upstream:track)%00%(upstream:remotename)%00%(upstream:remoteref) refs/heads/main refs/remotes/main [2ms]
2025-05-18 00:05:24.138 [info] > git for-each-ref --sort -committerdate --format %(refname)%00%(objectname)%00%(*objectname) [3ms]
2025-05-18 00:05:24.151 [info] > git status -z -uall [24ms]
2025-05-18 00:05:30.001 [info] > git config --get commit.template [11ms]
2025-05-18 00:05:30.002 [info] > git for-each-ref --format=%(refname)%00%(upstream:short)%00%(objectname)%00%(upstream:track)%00%(upstream:remotename)%00%(upstream:remoteref) refs/heads/main refs/remotes/main [2ms]
2025-05-18 00:05:30.018 [info] > git for-each-ref --sort -committerdate --format %(refname)%00%(objectname)%00%(*objectname) [2ms]
2025-05-18 00:05:30.030 [info] > git status -z -uall [21ms]
2025-05-18 00:05:35.132 [info] > git config --get commit.template [7ms]
2025-05-18 00:05:35.132 [info] > git for-each-ref --format=%(refname)%00%(upstream:short)%00%(objectname)%00%(upstream:track)%00%(upstream:remotename)%00%(upstream:remoteref) refs/heads/main refs/remotes/main [1ms]
2025-05-18 00:05:35.152 [info] > git for-each-ref --sort -committerdate --format %(refname)%00%(objectname)%00%(*objectname) [7ms]
2025-05-18 00:05:35.159 [info] > git status -z -uall [20ms]
2025-05-18 00:05:51.338 [info] > git config --get commit.template [1ms]
2025-05-18 00:05:51.347 [info] > git for-each-ref --format=%(refname)%00%(upstream:short)%00%(objectname)%00%(upstream:track)%00%(upstream:remotename)%00%(upstream:remoteref) refs/heads/main refs/remotes/main [2ms]
2025-05-18 00:05:51.371 [info] > git for-each-ref --sort -committerdate --format %(refname)%00%(objectname)%00%(*objectname) [3ms]
2025-05-18 00:05:51.384 [info] > git status -z -uall [25ms]
2025-05-18 00:05:51.934 [info] > git show --textconv :part1_EL.y [10ms]
2025-05-18 00:05:51.934 [info] > git ls-files --stage -- part1_EL.y [5ms]
2025-05-18 00:05:51.943 [info] > git cat-file -s b2b138e7a6cdc26e9a7fa094ab95e276cef56714 [2ms]
2025-05-18 00:11:45.581 [info] > git config --get commit.template [9ms]
2025-05-18 00:11:45.583 [info] > git for-each-ref --format=%(refname)%00%(upstream:short)%00%(objectname)%00%(upstream:track)%00%(upstream:remotename)%00%(upstream:remoteref) refs/heads/main refs/remotes/main [2ms]
2025-05-18 00:11:45.608 [info] > git for-each-ref --sort -committerdate --format %(refname)%00%(objectname)%00%(*objectname) [2ms]
2025-05-18 00:11:45.624 [info] > git status -z -uall [27ms]
2025-05-18 00:11:50.754 [info] > git config --get commit.template [16ms]
2025-05-18 00:11:50.760 [info] > git for-each-ref --format=%(refname)%00%(upstream:short)%00%(objectname)%00%(upstream:track)%00%(upstream:remotename)%00%(upstream:remoteref) refs/heads/main refs/remotes/main [17ms]
2025-05-18 00:11:50.781 [info] > git for-each-ref --sort -committerdate --format %(refname)%00%(objectname)%00%(*objectname) [6ms]
2025-05-18 00:11:50.977 [info] > git status -z -uall [209ms]
2025-05-18 00:11:56.056 [info] > git config --get commit.template [7ms]
2025-05-18 00:11:56.056 [info] > git for-each-ref --format=%(refname)%00%(upstream:short)%00%(objectname)%00%(upstream:track)%00%(upstream:remotename)%00%(upstream:remoteref) refs/heads/main refs/remotes/main [1ms]
2025-05-18 00:11:56.069 [info] > git for-each-ref --sort -committerdate --format %(refname)%00%(objectname)%00%(*objectname) [2ms]
2025-05-18 00:11:56.086 [info] > git status -z -uall [24ms]
2025-05-18 00:12:01.193 [info] > git config --get commit.template [16ms]
2025-05-18 00:12:01.195 [info] > git for-each-ref --format=%(refname)%00%(upstream:short)%00%(objectname)%00%(upstream:track)%00%(upstream:remotename)%00%(upstream:remoteref) refs/heads/main refs/remotes/main [4ms]
2025-05-18 00:12:01.225 [info] > git for-each-ref --sort -committerdate --format %(refname)%00%(objectname)%00%(*objectname) [2ms]
2025-05-18 00:12:01.239 [info] > git status -z -uall [28ms]
2025-05-18 00:12:06.345 [info] > git config --get commit.template [15ms]
2025-05-18 00:12:06.347 [info] > git for-each-ref --format=%(refname)%00%(upstream:short)%00%(objectname)%00%(upstream:track)%00%(upstream:remotename)%00%(upstream:remoteref) refs/heads/main refs/remotes/main [3ms]
2025-05-18 00:12:06.380 [info] > git for-each-ref --sort -committerdate --format %(refname)%00%(objectname)%00%(*objectname) [5ms]
2025-05-18 00:12:06.409 [info] > git status -z -uall [46ms]
2025-05-18 00:12:11.506 [info] > git config --get commit.template [5ms]
2025-05-18 00:12:11.527 [info] > git for-each-ref --format=%(refname)%00%(upstream:short)%00%(objectname)%00%(upstream:track)%00%(upstream:remotename)%00%(upstream:remoteref) refs/heads/main refs/remotes/main [3ms]
2025-05-18 00:12:11.551 [info] > git for-each-ref --sort -committerdate --format %(refname)%00%(objectname)%00%(*objectname) [2ms]
2025-05-18 00:12:11.565 [info] > git status -z -uall [24ms]
2025-05-18 00:12:16.683 [info] > git config --get commit.template [16ms]
2025-05-18 00:12:16.686 [info] > git for-each-ref --format=%(refname)%00%(upstream:short)%00%(objectname)%00%(upstream:track)%00%(upstream:remotename)%00%(upstream:remoteref) refs/heads/main refs/remotes/main [4ms]
2025-05-18 00:12:16.710 [info] > git for-each-ref --sort -committerdate --format %(refname)%00%(objectname)%00%(*objectname) [2ms]
2025-05-18 00:12:16.722 [info] > git status -z -uall [21ms]
2025-05-18 00:12:21.840 [info] > git config --get commit.template [14ms]
2025-05-18 00:12:21.841 [info] > git for-each-ref --format=%(refname)%00%(upstream:short)%00%(objectname)%00%(upstream:track)%00%(upstream:remotename)%00%(upstream:remoteref) refs/heads/main refs/remotes/main [1ms]
2025-05-18 00:12:21.853 [info] > git for-each-ref --sort -committerdate --format %(refname)%00%(objectname)%00%(*objectname) [2ms]
2025-05-18 00:12:21.865 [info] > git status -z -uall [19ms]
2025-05-18 00:12:26.974 [info] > git config --get commit.template [15ms]
2025-05-18 00:12:26.974 [info] > git for-each-ref --format=%(refname)%00%(upstream:short)%00%(objectname)%00%(upstream:track)%00%(upstream:remotename)%00%(upstream:remoteref) refs/heads/main refs/remotes/main [1ms]
2025-05-18 00:12:26.987 [info] > git for-each-ref --sort -committerdate --format %(refname)%00%(objectname)%00%(*objectname) [1ms]
2025-05-18 00:12:27.000 [info] > git status -z -uall [20ms]
2025-05-18 00:12:41.516 [info] > git config --get commit.template [9ms]
2025-05-18 00:12:41.516 [info] > git for-each-ref --format=%(refname)%00%(upstream:short)%00%(objectname)%00%(upstream:track)%00%(upstream:remotename)%00%(upstream:remoteref) refs/heads/main refs/remotes/main [2ms]
2025-05-18 00:12:41.534 [info] > git for-each-ref --sort -committerdate --format %(refname)%00%(objectname)%00%(*objectname) [2ms]
2025-05-18 00:12:41.545 [info] > git status -z -uall [20ms]
2025-05-18 00:12:46.649 [info] > git config --get commit.template [4ms]
2025-05-18 00:12:46.664 [info] > git for-each-ref --format=%(refname)%00%(upstream:short)%00%(objectname)%00%(upstream:track)%00%(upstream:remotename)%00%(upstream:remoteref) refs/heads/main refs/remotes/main [3ms]
2025-05-18 00:12:46.695 [info] > git for-each-ref --sort -committerdate --format %(refname)%00%(objectname)%00%(*objectname) [6ms]
2025-05-18 00:12:46.711 [info] > git status -z -uall [34ms]
2025-05-18 00:12:51.793 [info] > git config --get commit.template [7ms]
2025-05-18 00:12:51.794 [info] > git for-each-ref --format=%(refname)%00%(upstream:short)%00%(objectname)%00%(upstream:track)%00%(upstream:remotename)%00%(upstream:remoteref) refs/heads/main refs/remotes/main [2ms]
2025-05-18 00:12:51.808 [info] > git for-each-ref --sort -committerdate --format %(refname)%00%(objectname)%00%(*objectname) [2ms]
2025-05-18 00:12:51.819 [info] > git status -z -uall [19ms]
2025-05-18 00:12:56.914 [info] > git config --get commit.template [9ms]
2025-05-18 00:12:56.914 [info] > git for-each-ref --format=%(refname)%00%(upstream:short)%00%(objectname)%00%(upstream:track)%00%(upstream:remotename)%00%(upstream:remoteref) refs/heads/main refs/remotes/main [1ms]
2025-05-18 00:12:56.930 [info] > git for-each-ref --sort -committerdate --format %(refname)%00%(objectname)%00%(*objectname) [2ms]
2025-05-18 00:12:56.946 [info] > git status -z -uall [24ms]
2025-05-18 00:13:03.641 [info] > git config --get commit.template [2ms]
2025-05-18 00:13:03.649 [info] > git for-each-ref --format=%(refname)%00%(upstream:short)%00%(objectname)%00%(upstream:track)%00%(upstream:remotename)%00%(upstream:remoteref) refs/heads/main refs/remotes/main [1ms]
2025-05-18 00:13:03.665 [info] > git for-each-ref --sort -committerdate --format %(refname)%00%(objectname)%00%(*objectname) [1ms]
2025-05-18 00:13:03.678 [info] > git status -z -uall [21ms]
2025-05-18 00:13:08.766 [info] > git config --get commit.template [5ms]
2025-05-18 00:13:08.766 [info] > git for-each-ref --format=%(refname)%00%(upstream:short)%00%(objectname)%00%(upstream:track)%00%(upstream:remotename)%00%(upstream:remoteref) refs/heads/main refs/remotes/main [1ms]
2025-05-18 00:13:08.778 [info] > git for-each-ref --sort -committerdate --format %(refname)%00%(objectname)%00%(*objectname) [1ms]
2025-05-18 00:13:08.790 [info] > git status -z -uall [18ms]
2025-05-18 00:13:11.116 [info] > git show --textconv :part1_EL.y [7ms]
2025-05-18 00:13:11.118 [info] > git ls-files --stage -- part1_EL.y [2ms]
2025-05-18 00:13:11.126 [info] > git cat-file -s b2b138e7a6cdc26e9a7fa094ab95e276cef56714 [1ms]
2025-05-18 00:13:13.872 [info] > git config --get commit.template [6ms]
2025-05-18 00:13:13.873 [info] > git for-each-ref --format=%(refname)%00%(upstream:short)%00%(objectname)%00%(upstream:track)%00%(upstream:remotename)%00%(upstream:remoteref) refs/heads/main refs/remotes/main [1ms]
2025-05-18 00:13:13.885 [info] > git for-each-ref --sort -committerdate --format %(refname)%00%(objectname)%00%(*objectname) [1ms]
2025-05-18 00:13:13.898 [info] > git status -z -uall [19ms]
2025-05-18 00:13:18.982 [info] > git config --get commit.template [6ms]
2025-05-18 00:13:18.983 [info] > git for-each-ref --format=%(refname)%00%(upstream:short)%00%(objectname)%00%(upstream:track)%00%(upstream:remotename)%00%(upstream:remoteref) refs/heads/main refs/remotes/main [1ms]
2025-05-18 00:13:18.994 [info] > git for-each-ref --sort -committerdate --format %(refname)%00%(objectname)%00%(*objectname) [1ms]
2025-05-18 00:13:19.006 [info] > git status -z -uall [18ms]
2025-05-18 00:13:24.116 [info] > git config --get commit.template [16ms]
2025-05-18 00:13:24.119 [info] > git for-each-ref --format=%(refname)%00%(upstream:short)%00%(objectname)%00%(upstream:track)%00%(upstream:remotename)%00%(upstream:remoteref) refs/heads/main refs/remotes/main [4ms]
2025-05-18 00:13:24.147 [info] > git for-each-ref --sort -committerdate --format %(refname)%00%(objectname)%00%(*objectname) [1ms]
2025-05-18 00:13:24.158 [info] > git status -z -uall [23ms]
2025-05-18 00:13:26.615 [info] > git ls-files --stage -- test17.txt [2ms]
2025-05-18 00:13:26.620 [info] > git show --textconv :test17.txt [12ms]
2025-05-18 00:13:26.621 [info] > git cat-file -s d90a197943a6d3d1a39fb129167dc64c5bd75282 [1ms]
2025-05-18 00:13:29.271 [info] > git config --get commit.template [19ms]
2025-05-18 00:13:29.273 [info] > git for-each-ref --format=%(refname)%00%(upstream:short)%00%(objectname)%00%(upstream:track)%00%(upstream:remotename)%00%(upstream:remoteref) refs/heads/main refs/remotes/main [4ms]
2025-05-18 00:13:29.307 [info] > git for-each-ref --sort -committerdate --format %(refname)%00%(objectname)%00%(*objectname) [3ms]
2025-05-18 00:13:29.324 [info] > git status -z -uall [34ms]
2025-05-18 00:13:34.427 [info] > git config --get commit.template [11ms]
2025-05-18 00:13:34.428 [info] > git for-each-ref --format=%(refname)%00%(upstream:short)%00%(objectname)%00%(upstream:track)%00%(upstream:remotename)%00%(upstream:remoteref) refs/heads/main refs/remotes/main [2ms]
2025-05-18 00:13:34.442 [info] > git for-each-ref --sort -committerdate --format %(refname)%00%(objectname)%00%(*objectname) [2ms]
2025-05-18 00:13:34.455 [info] > git status -z -uall [21ms]
2025-05-18 00:13:39.546 [info] > git config --get commit.template [8ms]
2025-05-18 00:13:39.547 [info] > git for-each-ref --format=%(refname)%00%(upstream:short)%00%(objectname)%00%(upstream:track)%00%(upstream:remotename)%00%(upstream:remoteref) refs/heads/main refs/remotes/main [2ms]
2025-05-18 00:13:39.562 [info] > git for-each-ref --sort -committerdate --format %(refname)%00%(objectname)%00%(*objectname) [2ms]
2025-05-18 00:13:39.576 [info] > git status -z -uall [22ms]
2025-05-18 00:13:44.676 [info] > git config --get commit.template [10ms]
2025-05-18 00:13:44.677 [info] > git for-each-ref --format=%(refname)%00%(upstream:short)%00%(objectname)%00%(upstream:track)%00%(upstream:remotename)%00%(upstream:remoteref) refs/heads/main refs/remotes/main [1ms]
2025-05-18 00:13:44.690 [info] > git for-each-ref --sort -committerdate --format %(refname)%00%(objectname)%00%(*objectname) [2ms]
2025-05-18 00:13:44.703 [info] > git status -z -uall [20ms]
2025-05-18 00:13:49.790 [info] > git config --get commit.template [7ms]
2025-05-18 00:13:49.791 [info] > git for-each-ref --format=%(refname)%00%(upstream:short)%00%(objectname)%00%(upstream:track)%00%(upstream:remotename)%00%(upstream:remoteref) refs/heads/main refs/remotes/main [1ms]
2025-05-18 00:13:49.805 [info] > git for-each-ref --sort -committerdate --format %(refname)%00%(objectname)%00%(*objectname) [2ms]
2025-05-18 00:13:49.818 [info] > git status -z -uall [21ms]
2025-05-18 00:13:54.904 [info] > git config --get commit.template [8ms]
2025-05-18 00:13:54.904 [info] > git for-each-ref --format=%(refname)%00%(upstream:short)%00%(objectname)%00%(upstream:track)%00%(upstream:remotename)%00%(upstream:remoteref) refs/heads/main refs/remotes/main [1ms]
2025-05-18 00:13:54.919 [info] > git for-each-ref --sort -committerdate --format %(refname)%00%(objectname)%00%(*objectname) [2ms]
2025-05-18 00:13:54.931 [info] > git status -z -uall [19ms]
2025-05-18 00:14:00.030 [info] > git config --get commit.template [3ms]
2025-05-18 00:14:00.038 [info] > git for-each-ref --format=%(refname)%00%(upstream:short)%00%(objectname)%00%(upstream:track)%00%(upstream:remotename)%00%(upstream:remoteref) refs/heads/main refs/remotes/main [2ms]
2025-05-18 00:14:00.053 [info] > git for-each-ref --sort -committerdate --format %(refname)%00%(objectname)%00%(*objectname) [1ms]
2025-05-18 00:14:00.067 [info] > git status -z -uall [22ms]
2025-05-18 00:14:05.176 [info] > git config --get commit.template [17ms]
2025-05-18 00:14:05.178 [info] > git for-each-ref --format=%(refname)%00%(upstream:short)%00%(objectname)%00%(upstream:track)%00%(upstream:remotename)%00%(upstream:remoteref) refs/heads/main refs/remotes/main [4ms]
2025-05-18 00:14:05.214 [info] > git for-each-ref --sort -committerdate --format %(refname)%00%(objectname)%00%(*objectname) [3ms]
2025-05-18 00:14:05.250 [info] > git status -z -uall [55ms]
2025-05-18 00:14:10.334 [info] > git config --get commit.template [7ms]
2025-05-18 00:14:10.335 [info] > git for-each-ref --format=%(refname)%00%(upstream:short)%00%(objectname)%00%(upstream:track)%00%(upstream:remotename)%00%(upstream:remoteref) refs/heads/main refs/remotes/main [2ms]
2025-05-18 00:14:10.349 [info] > git for-each-ref --sort -committerdate --format %(refname)%00%(objectname)%00%(*objectname) [2ms]
2025-05-18 00:14:10.361 [info] > git status -z -uall [20ms]
2025-05-18 00:14:15.448 [info] > git config --get commit.template [7ms]
2025-05-18 00:14:15.449 [info] > git for-each-ref --format=%(refname)%00%(upstream:short)%00%(objectname)%00%(upstream:track)%00%(upstream:remotename)%00%(upstream:remoteref) refs/heads/main refs/remotes/main [2ms]
2025-05-18 00:14:15.461 [info] > git for-each-ref --sort -committerdate --format %(refname)%00%(objectname)%00%(*objectname) [2ms]
2025-05-18 00:14:15.473 [info] > git status -z -uall [19ms]
2025-05-18 00:14:20.578 [info] > git config --get commit.template [17ms]
2025-05-18 00:14:20.580 [info] > git for-each-ref --format=%(refname)%00%(upstream:short)%00%(objectname)%00%(upstream:track)%00%(upstream:remotename)%00%(upstream:remoteref) refs/heads/main refs/remotes/main [3ms]
2025-05-18 00:14:20.602 [info] > git for-each-ref --sort -committerdate --format %(refname)%00%(objectname)%00%(*objectname) [2ms]
2025-05-18 00:14:20.614 [info] > git status -z -uall [20ms]
2025-05-18 00:14:25.717 [info] > git config --get commit.template [7ms]
2025-05-18 00:14:25.718 [info] > git for-each-ref --format=%(refname)%00%(upstream:short)%00%(objectname)%00%(upstream:track)%00%(upstream:remotename)%00%(upstream:remoteref) refs/heads/main refs/remotes/main [2ms]
2025-05-18 00:14:25.734 [info] > git for-each-ref --sort -committerdate --format %(refname)%00%(objectname)%00%(*objectname) [2ms]
2025-05-18 00:14:25.745 [info] > git status -z -uall [20ms]
2025-05-18 00:14:30.835 [info] > git config --get commit.template [8ms]
2025-05-18 00:14:30.835 [info] > git for-each-ref --format=%(refname)%00%(upstream:short)%00%(objectname)%00%(upstream:track)%00%(upstream:remotename)%00%(upstream:remoteref) refs/heads/main refs/remotes/main [1ms]
2025-05-18 00:14:30.851 [info] > git for-each-ref --sort -committerdate --format %(refname)%00%(objectname)%00%(*objectname) [1ms]
2025-05-18 00:14:30.863 [info] > git status -z -uall [20ms]
2025-05-18 00:14:35.967 [info] > git config --get commit.template [8ms]
2025-05-18 00:14:35.968 [info] > git for-each-ref --format=%(refname)%00%(upstream:short)%00%(objectname)%00%(upstream:track)%00%(upstream:remotename)%00%(upstream:remoteref) refs/heads/main refs/remotes/main [2ms]
2025-05-18 00:14:35.982 [info] > git for-each-ref --sort -committerdate --format %(refname)%00%(objectname)%00%(*objectname) [2ms]
2025-05-18 00:14:35.994 [info] > git status -z -uall [20ms]
2025-05-18 00:20:18.886 [info] > git config --get commit.template [16ms]
2025-05-18 00:20:18.894 [info] > git for-each-ref --format=%(refname)%00%(upstream:short)%00%(objectname)%00%(upstream:track)%00%(upstream:remotename)%00%(upstream:remoteref) refs/heads/main refs/remotes/main [9ms]
2025-05-18 00:20:18.922 [info] > git for-each-ref --sort -committerdate --format %(refname)%00%(objectname)%00%(*objectname) [12ms]
2025-05-18 00:20:19.108 [info] > git status -z -uall [206ms]
2025-05-18 00:20:22.749 [info] > git show --textconv :test1.txt [20ms]
2025-05-18 00:20:22.750 [info] > git ls-files --stage -- test1.txt [4ms]
2025-05-18 00:20:22.758 [info] > git cat-file -s e847edc5a50ea8d96aed7bd8f223b510a3a517db [2ms]
2025-05-18 00:20:22.823 [info] > git blame --root --incremental 78add7191df750e7d74d2b3e1ecbebc0595b35d4 -- test1.txt [10ms]
2025-05-18 00:20:24.257 [info] > git config --get commit.template [19ms]
2025-05-18 00:20:24.259 [info] > git for-each-ref --format=%(refname)%00%(upstream:short)%00%(objectname)%00%(upstream:track)%00%(upstream:remotename)%00%(upstream:remoteref) refs/heads/main refs/remotes/main [4ms]
2025-05-18 00:20:24.297 [info] > git for-each-ref --sort -committerdate --format %(refname)%00%(objectname)%00%(*objectname) [5ms]
2025-05-18 00:20:24.329 [info] > git status -z -uall [53ms]
2025-05-18 00:27:55.719 [info] > git config --get commit.template [13ms]
2025-05-18 00:27:55.726 [info] > git for-each-ref --format=%(refname)%00%(upstream:short)%00%(objectname)%00%(upstream:track)%00%(upstream:remotename)%00%(upstream:remoteref) refs/heads/main refs/remotes/main [11ms]
2025-05-18 00:27:55.747 [info] > git for-each-ref --sort -committerdate --format %(refname)%00%(objectname)%00%(*objectname) [8ms]
2025-05-18 00:27:55.921 [info] > git status -z -uall [188ms]
2025-05-18 00:28:01.043 [info] > git config --get commit.template [9ms]
2025-05-18 00:28:01.044 [info] > git for-each-ref --format=%(refname)%00%(upstream:short)%00%(objectname)%00%(upstream:track)%00%(upstream:remotename)%00%(upstream:remoteref) refs/heads/main refs/remotes/main [1ms]
2025-05-18 00:28:01.057 [info] > git for-each-ref --sort -committerdate --format %(refname)%00%(objectname)%00%(*objectname) [1ms]
2025-05-18 00:28:01.070 [info] > git status -z -uall [20ms]
2025-05-18 00:28:06.164 [info] > git config --get commit.template [6ms]
2025-05-18 00:28:06.165 [info] > git for-each-ref --format=%(refname)%00%(upstream:short)%00%(objectname)%00%(upstream:track)%00%(upstream:remotename)%00%(upstream:remoteref) refs/heads/main refs/remotes/main [1ms]
2025-05-18 00:28:06.178 [info] > git for-each-ref --sort -committerdate --format %(refname)%00%(objectname)%00%(*objectname) [1ms]
2025-05-18 00:28:06.190 [info] > git status -z -uall [19ms]
2025-05-18 00:28:12.795 [info] > git config --get commit.template [3ms]
2025-05-18 00:28:12.803 [info] > git for-each-ref --format=%(refname)%00%(upstream:short)%00%(objectname)%00%(upstream:track)%00%(upstream:remotename)%00%(upstream:remoteref) refs/heads/main refs/remotes/main [2ms]
2025-05-18 00:28:12.817 [info] > git for-each-ref --sort -committerdate --format %(refname)%00%(objectname)%00%(*objectname) [2ms]
2025-05-18 00:28:12.829 [info] > git status -z -uall [20ms]
2025-05-18 00:28:17.911 [info] > git config --get commit.template [6ms]
2025-05-18 00:28:17.912 [info] > git for-each-ref --format=%(refname)%00%(upstream:short)%00%(objectname)%00%(upstream:track)%00%(upstream:remotename)%00%(upstream:remoteref) refs/heads/main refs/remotes/main [1ms]
2025-05-18 00:28:17.924 [info] > git for-each-ref --sort -committerdate --format %(refname)%00%(objectname)%00%(*objectname) [1ms]
2025-05-18 00:28:17.936 [info] > git status -z -uall [18ms]
2025-05-18 00:28:23.024 [info] > git config --get commit.template [8ms]
2025-05-18 00:28:23.025 [info] > git for-each-ref --format=%(refname)%00%(upstream:short)%00%(objectname)%00%(upstream:track)%00%(upstream:remotename)%00%(upstream:remoteref) refs/heads/main refs/remotes/main [2ms]
2025-05-18 00:28:23.050 [info] > git for-each-ref --sort -committerdate --format %(refname)%00%(objectname)%00%(*objectname) [3ms]
2025-05-18 00:28:23.076 [info] > git status -z -uall [41ms]
2025-05-18 00:28:28.167 [info] > git config --get commit.template [7ms]
2025-05-18 00:28:28.168 [info] > git for-each-ref --format=%(refname)%00%(upstream:short)%00%(objectname)%00%(upstream:track)%00%(upstream:remotename)%00%(upstream:remoteref) refs/heads/main refs/remotes/main [1ms]
2025-05-18 00:28:28.186 [info] > git for-each-ref --sort -committerdate --format %(refname)%00%(objectname)%00%(*objectname) [3ms]
2025-05-18 00:28:28.198 [info] > git status -z -uall [22ms]
2025-05-18 00:28:33.791 [info] > git config --get commit.template [2ms]
2025-05-18 00:28:33.799 [info] > git for-each-ref --format=%(refname)%00%(upstream:short)%00%(objectname)%00%(upstream:track)%00%(upstream:remotename)%00%(upstream:remoteref) refs/heads/main refs/remotes/main [1ms]
2025-05-18 00:28:33.816 [info] > git for-each-ref --sort -committerdate --format %(refname)%00%(objectname)%00%(*objectname) [2ms]
2025-05-18 00:28:33.830 [info] > git status -z -uall [24ms]
2025-05-18 00:28:38.951 [info] > git config --get commit.template [17ms]
2025-05-18 00:28:38.953 [info] > git for-each-ref --format=%(refname)%00%(upstream:short)%00%(objectname)%00%(upstream:track)%00%(upstream:remotename)%00%(upstream:remoteref) refs/heads/main refs/remotes/main [4ms]
2025-05-18 00:28:38.988 [info] > git for-each-ref --sort -committerdate --format %(refname)%00%(objectname)%00%(*objectname) [4ms]
2025-05-18 00:28:39.002 [info] > git status -z -uall [32ms]
2025-05-18 00:28:44.101 [info] > git config --get commit.template [17ms]
2025-05-18 00:28:44.104 [info] > git for-each-ref --format=%(refname)%00%(upstream:short)%00%(objectname)%00%(upstream:track)%00%(upstream:remotename)%00%(upstream:remoteref) refs/heads/main refs/remotes/main [4ms]
2025-05-18 00:28:44.128 [info] > git for-each-ref --sort -committerdate --format %(refname)%00%(objectname)%00%(*objectname) [2ms]
2025-05-18 00:28:44.141 [info] > git status -z -uall [23ms]
2025-05-18 00:28:49.228 [info] > git config --get commit.template [5ms]
2025-05-18 00:28:49.229 [info] > git for-each-ref --format=%(refname)%00%(upstream:short)%00%(objectname)%00%(upstream:track)%00%(upstream:remotename)%00%(upstream:remoteref) refs/heads/main refs/remotes/main [1ms]
2025-05-18 00:28:49.242 [info] > git for-each-ref --sort -committerdate --format %(refname)%00%(objectname)%00%(*objectname) [2ms]
2025-05-18 00:28:49.253 [info] > git status -z -uall [18ms]
2025-05-18 00:28:54.363 [info] > git config --get commit.template [16ms]
2025-05-18 00:28:54.366 [info] > git for-each-ref --format=%(refname)%00%(upstream:short)%00%(objectname)%00%(upstream:track)%00%(upstream:remotename)%00%(upstream:remoteref) refs/heads/main refs/remotes/main [5ms]
2025-05-18 00:28:54.396 [info] > git for-each-ref --sort -committerdate --format %(refname)%00%(objectname)%00%(*objectname) [2ms]
2025-05-18 00:28:54.409 [info] > git status -z -uall [25ms]
2025-05-18 00:28:59.518 [info] > git config --get commit.template [18ms]
2025-05-18 00:28:59.521 [info] > git for-each-ref --format=%(refname)%00%(upstream:short)%00%(objectname)%00%(upstream:track)%00%(upstream:remotename)%00%(upstream:remoteref) refs/heads/main refs/remotes/main [4ms]
2025-05-18 00:28:59.546 [info] > git for-each-ref --sort -committerdate --format %(refname)%00%(objectname)%00%(*objectname) [2ms]
2025-05-18 00:28:59.558 [info] > git status -z -uall [21ms]
2025-05-18 00:29:05.195 [info] > git config --get commit.template [19ms]
2025-05-18 00:29:05.197 [info] > git for-each-ref --format=%(refname)%00%(upstream:short)%00%(objectname)%00%(upstream:track)%00%(upstream:remotename)%00%(upstream:remoteref) refs/heads/main refs/remotes/main [4ms]
2025-05-18 00:29:05.232 [info] > git for-each-ref --sort -committerdate --format %(refname)%00%(objectname)%00%(*objectname) [4ms]
2025-05-18 00:29:05.264 [info] > git status -z -uall [51ms]
2025-05-18 00:29:10.370 [info] > git config --get commit.template [13ms]
2025-05-18 00:29:10.371 [info] > git for-each-ref --format=%(refname)%00%(upstream:short)%00%(objectname)%00%(upstream:track)%00%(upstream:remotename)%00%(upstream:remoteref) refs/heads/main refs/remotes/main [1ms]
2025-05-18 00:29:10.387 [info] > git for-each-ref --sort -committerdate --format %(refname)%00%(objectname)%00%(*objectname) [1ms]
2025-05-18 00:29:10.401 [info] > git status -z -uall [22ms]
2025-05-18 00:29:15.484 [info] > git config --get commit.template [5ms]
2025-05-18 00:29:15.484 [info] > git for-each-ref --format=%(refname)%00%(upstream:short)%00%(objectname)%00%(upstream:track)%00%(upstream:remotename)%00%(upstream:remoteref) refs/heads/main refs/remotes/main [1ms]
2025-05-18 00:29:15.498 [info] > git for-each-ref --sort -committerdate --format %(refname)%00%(objectname)%00%(*objectname) [2ms]
2025-05-18 00:29:15.509 [info] > git status -z -uall [19ms]
2025-05-18 00:29:20.609 [info] > git config --get commit.template [9ms]
2025-05-18 00:29:20.610 [info] > git for-each-ref --format=%(refname)%00%(upstream:short)%00%(objectname)%00%(upstream:track)%00%(upstream:remotename)%00%(upstream:remoteref) refs/heads/main refs/remotes/main [2ms]
2025-05-18 00:29:20.625 [info] > git for-each-ref --sort -committerdate --format %(refname)%00%(objectname)%00%(*objectname) [2ms]
2025-05-18 00:29:20.637 [info] > git status -z -uall [20ms]
2025-05-18 00:29:25.721 [info] > git config --get commit.template [7ms]
2025-05-18 00:29:25.722 [info] > git for-each-ref --format=%(refname)%00%(upstream:short)%00%(objectname)%00%(upstream:track)%00%(upstream:remotename)%00%(upstream:remoteref) refs/heads/main refs/remotes/main [2ms]
2025-05-18 00:29:25.736 [info] > git for-each-ref --sort -committerdate --format %(refname)%00%(objectname)%00%(*objectname) [2ms]
2025-05-18 00:29:25.748 [info] > git status -z -uall [19ms]
2025-05-18 00:29:30.847 [info] > git config --get commit.template [9ms]
2025-05-18 00:29:30.848 [info] > git for-each-ref --format=%(refname)%00%(upstream:short)%00%(objectname)%00%(upstream:track)%00%(upstream:remotename)%00%(upstream:remoteref) refs/heads/main refs/remotes/main [1ms]
2025-05-18 00:29:30.865 [info] > git for-each-ref --sort -committerdate --format %(refname)%00%(objectname)%00%(*objectname) [1ms]
2025-05-18 00:29:30.877 [info] > git status -z -uall [21ms]
2025-05-18 00:29:35.972 [info] > git config --get commit.template [6ms]
2025-05-18 00:29:35.973 [info] > git for-each-ref --format=%(refname)%00%(upstream:short)%00%(objectname)%00%(upstream:track)%00%(upstream:remotename)%00%(upstream:remoteref) refs/heads/main refs/remotes/main [1ms]
2025-05-18 00:29:35.988 [info] > git for-each-ref --sort -committerdate --format %(refname)%00%(objectname)%00%(*objectname) [1ms]
2025-05-18 00:29:36.000 [info] > git status -z -uall [20ms]
2025-05-18 00:29:41.089 [info] > git config --get commit.template [8ms]
2025-05-18 00:29:41.090 [info] > git for-each-ref --format=%(refname)%00%(upstream:short)%00%(objectname)%00%(upstream:track)%00%(upstream:remotename)%00%(upstream:remoteref) refs/heads/main refs/remotes/main [2ms]
2025-05-18 00:29:41.105 [info] > git for-each-ref --sort -committerdate --format %(refname)%00%(objectname)%00%(*objectname) [2ms]
2025-05-18 00:29:41.119 [info] > git status -z -uall [22ms]
2025-05-18 00:29:46.215 [info] > git config --get commit.template [8ms]
2025-05-18 00:29:46.217 [info] > git for-each-ref --format=%(refname)%00%(upstream:short)%00%(objectname)%00%(upstream:track)%00%(upstream:remotename)%00%(upstream:remoteref) refs/heads/main refs/remotes/main [2ms]
2025-05-18 00:29:46.239 [info] > git for-each-ref --sort -committerdate --format %(refname)%00%(objectname)%00%(*objectname) [3ms]
2025-05-18 00:29:46.262 [info] > git status -z -uall [35ms]
2025-05-18 00:29:51.358 [info] > git config --get commit.template [6ms]
2025-05-18 00:29:51.358 [info] > git for-each-ref --format=%(refname)%00%(upstream:short)%00%(objectname)%00%(upstream:track)%00%(upstream:remotename)%00%(upstream:remoteref) refs/heads/main refs/remotes/main [1ms]
2025-05-18 00:29:51.371 [info] > git for-each-ref --sort -committerdate --format %(refname)%00%(objectname)%00%(*objectname) [2ms]
2025-05-18 00:29:51.384 [info] > git status -z -uall [20ms]
2025-05-18 00:29:56.482 [info] > git config --get commit.template [10ms]
2025-05-18 00:29:56.483 [info] > git for-each-ref --format=%(refname)%00%(upstream:short)%00%(objectname)%00%(upstream:track)%00%(upstream:remotename)%00%(upstream:remoteref) refs/heads/main refs/remotes/main [2ms]
2025-05-18 00:29:56.496 [info] > git for-each-ref --sort -committerdate --format %(refname)%00%(objectname)%00%(*objectname) [1ms]
2025-05-18 00:29:56.509 [info] > git status -z -uall [20ms]
2025-05-18 00:30:01.591 [info] > git config --get commit.template [7ms]
2025-05-18 00:30:01.592 [info] > git for-each-ref --format=%(refname)%00%(upstream:short)%00%(objectname)%00%(upstream:track)%00%(upstream:remotename)%00%(upstream:remoteref) refs/heads/main refs/remotes/main [2ms]
2025-05-18 00:30:01.605 [info] > git for-each-ref --sort -committerdate --format %(refname)%00%(objectname)%00%(*objectname) [1ms]
2025-05-18 00:30:01.616 [info] > git status -z -uall [17ms]
2025-05-18 00:30:06.716 [info] > git config --get commit.template [9ms]
2025-05-18 00:30:06.717 [info] > git for-each-ref --format=%(refname)%00%(upstream:short)%00%(objectname)%00%(upstream:track)%00%(upstream:remotename)%00%(upstream:remoteref) refs/heads/main refs/remotes/main [2ms]
2025-05-18 00:30:06.731 [info] > git for-each-ref --sort -committerdate --format %(refname)%00%(objectname)%00%(*objectname) [1ms]
2025-05-18 00:30:06.743 [info] > git status -z -uall [19ms]
2025-05-18 00:30:11.827 [info] > git config --get commit.template [6ms]
2025-05-18 00:30:11.828 [info] > git for-each-ref --format=%(refname)%00%(upstream:short)%00%(objectname)%00%(upstream:track)%00%(upstream:remotename)%00%(upstream:remoteref) refs/heads/main refs/remotes/main [1ms]
2025-05-18 00:30:11.841 [info] > git for-each-ref --sort -committerdate --format %(refname)%00%(objectname)%00%(*objectname) [2ms]
2025-05-18 00:30:11.852 [info] > git status -z -uall [18ms]
2025-05-18 00:30:16.947 [info] > git config --get commit.template [9ms]
2025-05-18 00:30:16.948 [info] > git for-each-ref --format=%(refname)%00%(upstream:short)%00%(objectname)%00%(upstream:track)%00%(upstream:remotename)%00%(upstream:remoteref) refs/heads/main refs/remotes/main [2ms]
2025-05-18 00:30:16.961 [info] > git for-each-ref --sort -committerdate --format %(refname)%00%(objectname)%00%(*objectname) [1ms]
2025-05-18 00:30:16.974 [info] > git status -z -uall [20ms]
2025-05-18 00:30:22.057 [info] > git config --get commit.template [5ms]
2025-05-18 00:30:22.058 [info] > git for-each-ref --format=%(refname)%00%(upstream:short)%00%(objectname)%00%(upstream:track)%00%(upstream:remotename)%00%(upstream:remoteref) refs/heads/main refs/remotes/main [1ms]
2025-05-18 00:30:22.070 [info] > git for-each-ref --sort -committerdate --format %(refname)%00%(objectname)%00%(*objectname) [1ms]
2025-05-18 00:30:22.081 [info] > git status -z -uall [17ms]
2025-05-18 00:30:27.180 [info] > git config --get commit.template [10ms]
2025-05-18 00:30:27.181 [info] > git for-each-ref --format=%(refname)%00%(upstream:short)%00%(objectname)%00%(upstream:track)%00%(upstream:remotename)%00%(upstream:remoteref) refs/heads/main refs/remotes/main [1ms]
2025-05-18 00:30:27.196 [info] > git for-each-ref --sort -committerdate --format %(refname)%00%(objectname)%00%(*objectname) [1ms]
2025-05-18 00:30:27.208 [info] > git status -z -uall [20ms]
2025-05-18 00:30:32.292 [info] > git config --get commit.template [6ms]
2025-05-18 00:30:32.292 [info] > git for-each-ref --format=%(refname)%00%(upstream:short)%00%(objectname)%00%(upstream:track)%00%(upstream:remotename)%00%(upstream:remoteref) refs/heads/main refs/remotes/main [1ms]
2025-05-18 00:30:32.304 [info] > git for-each-ref --sort -committerdate --format %(refname)%00%(objectname)%00%(*objectname) [1ms]
2025-05-18 00:30:32.316 [info] > git status -z -uall [18ms]
2025-05-18 00:30:37.399 [info] > git config --get commit.template [7ms]
2025-05-18 00:30:37.400 [info] > git for-each-ref --format=%(refname)%00%(upstream:short)%00%(objectname)%00%(upstream:track)%00%(upstream:remotename)%00%(upstream:remoteref) refs/heads/main refs/remotes/main [1ms]
2025-05-18 00:30:37.412 [info] > git for-each-ref --sort -committerdate --format %(refname)%00%(objectname)%00%(*objectname) [1ms]
2025-05-18 00:30:37.423 [info] > git status -z -uall [18ms]
2025-05-18 00:30:42.503 [info] > git config --get commit.template [6ms]
2025-05-18 00:30:42.504 [info] > git for-each-ref --format=%(refname)%00%(upstream:short)%00%(objectname)%00%(upstream:track)%00%(upstream:remotename)%00%(upstream:remoteref) refs/heads/main refs/remotes/main [2ms]
2025-05-18 00:30:42.516 [info] > git for-each-ref --sort -committerdate --format %(refname)%00%(objectname)%00%(*objectname) [2ms]
2025-05-18 00:30:42.528 [info] > git status -z -uall [18ms]
2025-05-18 00:30:47.619 [info] > git config --get commit.template [7ms]
2025-05-18 00:30:47.620 [info] > git for-each-ref --format=%(refname)%00%(upstream:short)%00%(objectname)%00%(upstream:track)%00%(upstream:remotename)%00%(upstream:remoteref) refs/heads/main refs/remotes/main [1ms]
2025-05-18 00:30:47.641 [info] > git for-each-ref --sort -committerdate --format %(refname)%00%(objectname)%00%(*objectname) [7ms]
2025-05-18 00:30:47.649 [info] > git status -z -uall [21ms]
2025-05-18 00:30:52.760 [info] > git config --get commit.template [19ms]
2025-05-18 00:30:52.762 [info] > git for-each-ref --format=%(refname)%00%(upstream:short)%00%(objectname)%00%(upstream:track)%00%(upstream:remotename)%00%(upstream:remoteref) refs/heads/main refs/remotes/main [4ms]
2025-05-18 00:30:52.797 [info] > git for-each-ref --sort -committerdate --format %(refname)%00%(objectname)%00%(*objectname) [2ms]
2025-05-18 00:30:52.812 [info] > git status -z -uall [29ms]
2025-05-18 00:30:57.918 [info] > git config --get commit.template [12ms]
2025-05-18 00:30:57.919 [info] > git for-each-ref --format=%(refname)%00%(upstream:short)%00%(objectname)%00%(upstream:track)%00%(upstream:remotename)%00%(upstream:remoteref) refs/heads/main refs/remotes/main [2ms]
2025-05-18 00:30:57.934 [info] > git for-each-ref --sort -committerdate --format %(refname)%00%(objectname)%00%(*objectname) [2ms]
2025-05-18 00:30:57.946 [info] > git status -z -uall [20ms]
2025-05-18 00:31:03.027 [info] > git config --get commit.template [6ms]
2025-05-18 00:31:03.027 [info] > git for-each-ref --format=%(refname)%00%(upstream:short)%00%(objectname)%00%(upstream:track)%00%(upstream:remotename)%00%(upstream:remoteref) refs/heads/main refs/remotes/main [1ms]
2025-05-18 00:31:03.041 [info] > git for-each-ref --sort -committerdate --format %(refname)%00%(objectname)%00%(*objectname) [2ms]
2025-05-18 00:31:03.052 [info] > git status -z -uall [18ms]
2025-05-18 00:31:08.161 [info] > git config --get commit.template [17ms]
2025-05-18 00:31:08.163 [info] > git for-each-ref --format=%(refname)%00%(upstream:short)%00%(objectname)%00%(upstream:track)%00%(upstream:remotename)%00%(upstream:remoteref) refs/heads/main refs/remotes/main [4ms]
2025-05-18 00:31:08.198 [info] > git for-each-ref --sort -committerdate --format %(refname)%00%(objectname)%00%(*objectname) [4ms]
2025-05-18 00:31:08.232 [info] > git status -z -uall [53ms]
2025-05-18 00:31:13.346 [info] > git config --get commit.template [10ms]
2025-05-18 00:31:13.347 [info] > git for-each-ref --format=%(refname)%00%(upstream:short)%00%(objectname)%00%(upstream:track)%00%(upstream:remotename)%00%(upstream:remoteref) refs/heads/main refs/remotes/main [1ms]
2025-05-18 00:31:13.361 [info] > git for-each-ref --sort -committerdate --format %(refname)%00%(objectname)%00%(*objectname) [2ms]
2025-05-18 00:31:13.374 [info] > git status -z -uall [21ms]
2025-05-18 00:31:18.475 [info] > git config --get commit.template [10ms]
2025-05-18 00:31:18.476 [info] > git for-each-ref --format=%(refname)%00%(upstream:short)%00%(objectname)%00%(upstream:track)%00%(upstream:remotename)%00%(upstream:remoteref) refs/heads/main refs/remotes/main [1ms]
2025-05-18 00:31:18.490 [info] > git for-each-ref --sort -committerdate --format %(refname)%00%(objectname)%00%(*objectname) [2ms]
2025-05-18 00:31:18.504 [info] > git status -z -uall [21ms]
2025-05-18 00:31:23.612 [info] > git config --get commit.template [17ms]
2025-05-18 00:31:23.615 [info] > git for-each-ref --format=%(refname)%00%(upstream:short)%00%(objectname)%00%(upstream:track)%00%(upstream:remotename)%00%(upstream:remoteref) refs/heads/main refs/remotes/main [3ms]
2025-05-18 00:31:23.653 [info] > git for-each-ref --sort -committerdate --format %(refname)%00%(objectname)%00%(*objectname) [3ms]
2025-05-18 00:31:23.673 [info] > git status -z -uall [39ms]
2025-05-18 00:31:28.779 [info] > git config --get commit.template [8ms]
2025-05-18 00:31:28.780 [info] > git for-each-ref --format=%(refname)%00%(upstream:short)%00%(objectname)%00%(upstream:track)%00%(upstream:remotename)%00%(upstream:remoteref) refs/heads/main refs/remotes/main [2ms]
2025-05-18 00:31:28.794 [info] > git for-each-ref --sort -committerdate --format %(refname)%00%(objectname)%00%(*objectname) [2ms]
2025-05-18 00:31:28.808 [info] > git status -z -uall [22ms]
2025-05-18 00:31:33.917 [info] > git config --get commit.template [19ms]
2025-05-18 00:31:33.920 [info] > git for-each-ref --format=%(refname)%00%(upstream:short)%00%(objectname)%00%(upstream:track)%00%(upstream:remotename)%00%(upstream:remoteref) refs/heads/main refs/remotes/main [4ms]
2025-05-18 00:31:33.958 [info] > git for-each-ref --sort -committerdate --format %(refname)%00%(objectname)%00%(*objectname) [4ms]
2025-05-18 00:31:33.995 [info] > git status -z -uall [57ms]
2025-05-18 00:31:39.128 [info] > git config --get commit.template [19ms]
2025-05-18 00:31:39.130 [info] > git for-each-ref --format=%(refname)%00%(upstream:short)%00%(objectname)%00%(upstream:track)%00%(upstream:remotename)%00%(upstream:remoteref) refs/heads/main refs/remotes/main [3ms]
2025-05-18 00:31:39.155 [info] > git for-each-ref --sort -committerdate --format %(refname)%00%(objectname)%00%(*objectname) [2ms]
2025-05-18 00:31:39.169 [info] > git status -z -uall [25ms]
2025-05-18 00:31:45.807 [info] > git config --get commit.template [3ms]
2025-05-18 00:31:45.815 [info] > git for-each-ref --format=%(refname)%00%(upstream:short)%00%(objectname)%00%(upstream:track)%00%(upstream:remotename)%00%(upstream:remoteref) refs/heads/main refs/remotes/main [2ms]
2025-05-18 00:31:45.830 [info] > git for-each-ref --sort -committerdate --format %(refname)%00%(objectname)%00%(*objectname) [2ms]
2025-05-18 00:31:45.843 [info] > git status -z -uall [21ms]
2025-05-18 00:31:50.948 [info] > git config --get commit.template [9ms]
2025-05-18 00:31:50.949 [info] > git for-each-ref --format=%(refname)%00%(upstream:short)%00%(objectname)%00%(upstream:track)%00%(upstream:remotename)%00%(upstream:remoteref) refs/heads/main refs/remotes/main [1ms]
2025-05-18 00:31:50.966 [info] > git for-each-ref --sort -committerdate --format %(refname)%00%(objectname)%00%(*objectname) [2ms]
2025-05-18 00:31:50.979 [info] > git status -z -uall [21ms]
2025-05-18 00:31:57.800 [info] > git config --get commit.template [11ms]
2025-05-18 00:31:57.801 [info] > git for-each-ref --format=%(refname)%00%(upstream:short)%00%(objectname)%00%(upstream:track)%00%(upstream:remotename)%00%(upstream:remoteref) refs/heads/main refs/remotes/main [2ms]
2025-05-18 00:31:57.820 [info] > git for-each-ref --sort -committerdate --format %(refname)%00%(objectname)%00%(*objectname) [2ms]
2025-05-18 00:31:57.834 [info] > git status -z -uall [24ms]
2025-05-18 00:32:02.937 [info] > git config --get commit.template [10ms]
2025-05-18 00:32:02.938 [info] > git for-each-ref --format=%(refname)%00%(upstream:short)%00%(objectname)%00%(upstream:track)%00%(upstream:remotename)%00%(upstream:remoteref) refs/heads/main refs/remotes/main [2ms]
2025-05-18 00:32:02.959 [info] > git for-each-ref --sort -committerdate --format %(refname)%00%(objectname)%00%(*objectname) [2ms]
2025-05-18 00:32:02.972 [info] > git status -z -uall [24ms]
2025-05-18 00:32:08.051 [info] > git config --get commit.template [5ms]
2025-05-18 00:32:08.052 [info] > git for-each-ref --format=%(refname)%00%(upstream:short)%00%(objectname)%00%(upstream:track)%00%(upstream:remotename)%00%(upstream:remoteref) refs/heads/main refs/remotes/main [1ms]
2025-05-18 00:32:08.065 [info] > git for-each-ref --sort -committerdate --format %(refname)%00%(objectname)%00%(*objectname) [1ms]
2025-05-18 00:32:08.077 [info] > git status -z -uall [19ms]
2025-05-18 00:32:13.161 [info] > git config --get commit.template [8ms]
2025-05-18 00:32:13.162 [info] > git for-each-ref --format=%(refname)%00%(upstream:short)%00%(objectname)%00%(upstream:track)%00%(upstream:remotename)%00%(upstream:remoteref) refs/heads/main refs/remotes/main [2ms]
2025-05-18 00:32:13.176 [info] > git for-each-ref --sort -committerdate --format %(refname)%00%(objectname)%00%(*objectname) [1ms]
2025-05-18 00:32:13.188 [info] > git status -z -uall [20ms]
2025-05-18 00:32:18.276 [info] > git config --get commit.template [8ms]
2025-05-18 00:32:18.277 [info] > git for-each-ref --format=%(refname)%00%(upstream:short)%00%(objectname)%00%(upstream:track)%00%(upstream:remotename)%00%(upstream:remoteref) refs/heads/main refs/remotes/main [1ms]
2025-05-18 00:32:18.294 [info] > git for-each-ref --sort -committerdate --format %(refname)%00%(objectname)%00%(*objectname) [1ms]
2025-05-18 00:32:18.309 [info] > git status -z -uall [24ms]
2025-05-18 00:32:23.415 [info] > git config --get commit.template [9ms]
2025-05-18 00:32:23.416 [info] > git for-each-ref --format=%(refname)%00%(upstream:short)%00%(objectname)%00%(upstream:track)%00%(upstream:remotename)%00%(upstream:remoteref) refs/heads/main refs/remotes/main [2ms]
2025-05-18 00:32:23.443 [info] > git for-each-ref --sort -committerdate --format %(refname)%00%(objectname)%00%(*objectname) [2ms]
2025-05-18 00:32:23.457 [info] > git status -z -uall [22ms]
2025-05-18 00:32:29.061 [info] > git config --get commit.template [7ms]
2025-05-18 00:32:29.062 [info] > git for-each-ref --format=%(refname)%00%(upstream:short)%00%(objectname)%00%(upstream:track)%00%(upstream:remotename)%00%(upstream:remoteref) refs/heads/main refs/remotes/main [1ms]
2025-05-18 00:32:29.077 [info] > git for-each-ref --sort -committerdate --format %(refname)%00%(objectname)%00%(*objectname) [2ms]
2025-05-18 00:32:29.089 [info] > git status -z -uall [20ms]
2025-05-18 00:32:34.176 [info] > git config --get commit.template [7ms]
2025-05-18 00:32:34.177 [info] > git for-each-ref --format=%(refname)%00%(upstream:short)%00%(objectname)%00%(upstream:track)%00%(upstream:remotename)%00%(upstream:remoteref) refs/heads/main refs/remotes/main [1ms]
2025-05-18 00:32:34.189 [info] > git for-each-ref --sort -committerdate --format %(refname)%00%(objectname)%00%(*objectname) [1ms]
2025-05-18 00:32:34.201 [info] > git status -z -uall [18ms]
2025-05-18 00:32:40.037 [info] > git config --get commit.template [2ms]
2025-05-18 00:32:40.044 [info] > git for-each-ref --format=%(refname)%00%(upstream:short)%00%(objectname)%00%(upstream:track)%00%(upstream:remotename)%00%(upstream:remoteref) refs/heads/main refs/remotes/main [1ms]
2025-05-18 00:32:40.059 [info] > git for-each-ref --sort -committerdate --format %(refname)%00%(objectname)%00%(*objectname) [1ms]
2025-05-18 00:32:40.070 [info] > git status -z -uall [19ms]
2025-05-18 00:32:45.156 [info] > git config --get commit.template [6ms]
2025-05-18 00:32:45.157 [info] > git for-each-ref --format=%(refname)%00%(upstream:short)%00%(objectname)%00%(upstream:track)%00%(upstream:remotename)%00%(upstream:remoteref) refs/heads/main refs/remotes/main [1ms]
2025-05-18 00:32:45.169 [info] > git for-each-ref --sort -committerdate --format %(refname)%00%(objectname)%00%(*objectname) [1ms]
2025-05-18 00:32:45.181 [info] > git status -z -uall [18ms]
2025-05-18 00:32:51.054 [info] > git config --get commit.template [5ms]
2025-05-18 00:32:51.055 [info] > git for-each-ref --format=%(refname)%00%(upstream:short)%00%(objectname)%00%(upstream:track)%00%(upstream:remotename)%00%(upstream:remoteref) refs/heads/main refs/remotes/main [1ms]
2025-05-18 00:32:51.070 [info] > git for-each-ref --sort -committerdate --format %(refname)%00%(objectname)%00%(*objectname) [1ms]
2025-05-18 00:32:51.081 [info] > git status -z -uall [19ms]
2025-05-18 00:32:56.190 [info] > git config --get commit.template [17ms]
2025-05-18 00:32:56.192 [info] > git for-each-ref --format=%(refname)%00%(upstream:short)%00%(objectname)%00%(upstream:track)%00%(upstream:remotename)%00%(upstream:remoteref) refs/heads/main refs/remotes/main [4ms]
2025-05-18 00:32:56.227 [info] > git for-each-ref --sort -committerdate --format %(refname)%00%(objectname)%00%(*objectname) [5ms]
2025-05-18 00:32:56.260 [info] > git status -z -uall [52ms]
2025-05-18 00:33:01.359 [info] > git config --get commit.template [10ms]
2025-05-18 00:33:01.359 [info] > git for-each-ref --format=%(refname)%00%(upstream:short)%00%(objectname)%00%(upstream:track)%00%(upstream:remotename)%00%(upstream:remoteref) refs/heads/main refs/remotes/main [1ms]
2025-05-18 00:33:01.375 [info] > git for-each-ref --sort -committerdate --format %(refname)%00%(objectname)%00%(*objectname) [2ms]
2025-05-18 00:33:01.391 [info] > git status -z -uall [24ms]
2025-05-18 00:33:06.499 [info] > git config --get commit.template [17ms]
2025-05-18 00:33:06.500 [info] > git for-each-ref --format=%(refname)%00%(upstream:short)%00%(objectname)%00%(upstream:track)%00%(upstream:remotename)%00%(upstream:remoteref) refs/heads/main refs/remotes/main [3ms]
2025-05-18 00:33:06.518 [info] > git for-each-ref --sort -committerdate --format %(refname)%00%(objectname)%00%(*objectname) [1ms]
2025-05-18 00:33:06.532 [info] > git status -z -uall [22ms]
2025-05-18 00:33:14.171 [info] > git config --get commit.template [11ms]
2025-05-18 00:33:14.172 [info] > git for-each-ref --format=%(refname)%00%(upstream:short)%00%(objectname)%00%(upstream:track)%00%(upstream:remotename)%00%(upstream:remoteref) refs/heads/main refs/remotes/main [1ms]
2025-05-18 00:33:14.188 [info] > git for-each-ref --sort -committerdate --format %(refname)%00%(objectname)%00%(*objectname) [2ms]
2025-05-18 00:33:14.199 [info] > git status -z -uall [20ms]
2025-05-18 00:33:19.308 [info] > git config --get commit.template [20ms]
2025-05-18 00:33:19.310 [info] > git for-each-ref --format=%(refname)%00%(upstream:short)%00%(objectname)%00%(upstream:track)%00%(upstream:remotename)%00%(upstream:remoteref) refs/heads/main refs/remotes/main [4ms]
2025-05-18 00:33:19.353 [info] > git for-each-ref --sort -committerdate --format %(refname)%00%(objectname)%00%(*objectname) [4ms]
2025-05-18 00:33:19.379 [info] > git status -z -uall [50ms]
2025-05-18 00:33:25.166 [info] > git config --get commit.template [2ms]
2025-05-18 00:33:25.174 [info] > git for-each-ref --format=%(refname)%00%(upstream:short)%00%(objectname)%00%(upstream:track)%00%(upstream:remotename)%00%(upstream:remoteref) refs/heads/main refs/remotes/main [2ms]
2025-05-18 00:33:25.188 [info] > git for-each-ref --sort -committerdate --format %(refname)%00%(objectname)%00%(*objectname) [2ms]
2025-05-18 00:33:25.200 [info] > git status -z -uall [19ms]
2025-05-18 00:33:30.300 [info] > git config --get commit.template [9ms]
2025-05-18 00:33:30.301 [info] > git for-each-ref --format=%(refname)%00%(upstream:short)%00%(objectname)%00%(upstream:track)%00%(upstream:remotename)%00%(upstream:remoteref) refs/heads/main refs/remotes/main [1ms]
2025-05-18 00:33:30.322 [info] > git for-each-ref --sort -committerdate --format %(refname)%00%(objectname)%00%(*objectname) [2ms]
2025-05-18 00:33:30.337 [info] > git status -z -uall [27ms]
2025-05-18 00:33:36.583 [info] > git config --get commit.template [9ms]
2025-05-18 00:33:36.585 [info] > git for-each-ref --format=%(refname)%00%(upstream:short)%00%(objectname)%00%(upstream:track)%00%(upstream:remotename)%00%(upstream:remoteref) refs/heads/main refs/remotes/main [2ms]
2025-05-18 00:33:36.609 [info] > git for-each-ref --sort -committerdate --format %(refname)%00%(objectname)%00%(*objectname) [3ms]
2025-05-18 00:33:36.622 [info] > git status -z -uall [27ms]
2025-05-18 00:33:41.749 [info] > git config --get commit.template [18ms]
2025-05-18 00:33:41.752 [info] > git for-each-ref --format=%(refname)%00%(upstream:short)%00%(objectname)%00%(upstream:track)%00%(upstream:remotename)%00%(upstream:remoteref) refs/heads/main refs/remotes/main [4ms]
2025-05-18 00:33:41.790 [info] > git for-each-ref --sort -committerdate --format %(refname)%00%(objectname)%00%(*objectname) [4ms]
2025-05-18 00:33:41.820 [info] > git status -z -uall [50ms]
2025-05-18 00:37:18.823 [info] > git config --get commit.template [7ms]
2025-05-18 00:37:18.825 [info] > git for-each-ref --format=%(refname)%00%(upstream:short)%00%(objectname)%00%(upstream:track)%00%(upstream:remotename)%00%(upstream:remoteref) refs/heads/main refs/remotes/main [3ms]
2025-05-18 00:37:18.841 [info] > git for-each-ref --sort -committerdate --format %(refname)%00%(objectname)%00%(*objectname) [2ms]
2025-05-18 00:37:18.858 [info] > git status -z -uall [26ms]
2025-05-18 00:37:24.011 [info] > git config --get commit.template [17ms]
2025-05-18 00:37:24.013 [info] > git for-each-ref --format=%(refname)%00%(upstream:short)%00%(objectname)%00%(upstream:track)%00%(upstream:remotename)%00%(upstream:remoteref) refs/heads/main refs/remotes/main [4ms]
2025-05-18 00:37:24.045 [info] > git for-each-ref --sort -committerdate --format %(refname)%00%(objectname)%00%(*objectname) [2ms]
2025-05-18 00:37:24.061 [info] > git status -z -uall [30ms]
2025-05-18 00:37:29.162 [info] > git config --get commit.template [16ms]
2025-05-18 00:37:29.164 [info] > git for-each-ref --format=%(refname)%00%(upstream:short)%00%(objectname)%00%(upstream:track)%00%(upstream:remotename)%00%(upstream:remoteref) refs/heads/main refs/remotes/main [4ms]
2025-05-18 00:37:29.187 [info] > git for-each-ref --sort -committerdate --format %(refname)%00%(objectname)%00%(*objectname) [2ms]
2025-05-18 00:37:29.199 [info] > git status -z -uall [20ms]
2025-05-18 00:37:34.304 [info] > git config --get commit.template [17ms]
2025-05-18 00:37:34.307 [info] > git for-each-ref --format=%(refname)%00%(upstream:short)%00%(objectname)%00%(upstream:track)%00%(upstream:remotename)%00%(upstream:remoteref) refs/heads/main refs/remotes/main [4ms]
2025-05-18 00:37:34.343 [info] > git for-each-ref --sort -committerdate --format %(refname)%00%(objectname)%00%(*objectname) [4ms]
2025-05-18 00:37:34.375 [info] > git status -z -uall [51ms]
2025-05-18 00:37:39.460 [info] > git config --get commit.template [6ms]
2025-05-18 00:37:39.461 [info] > git for-each-ref --format=%(refname)%00%(upstream:short)%00%(objectname)%00%(upstream:track)%00%(upstream:remotename)%00%(upstream:remoteref) refs/heads/main refs/remotes/main [1ms]
2025-05-18 00:37:39.473 [info] > git for-each-ref --sort -committerdate --format %(refname)%00%(objectname)%00%(*objectname) [1ms]
2025-05-18 00:37:39.485 [info] > git status -z -uall [18ms]
2025-05-18 00:37:44.583 [info] > git config --get commit.template [11ms]
2025-05-18 00:37:44.585 [info] > git for-each-ref --format=%(refname)%00%(upstream:short)%00%(objectname)%00%(upstream:track)%00%(upstream:remotename)%00%(upstream:remoteref) refs/heads/main refs/remotes/main [3ms]
2025-05-18 00:37:44.607 [info] > git for-each-ref --sort -committerdate --format %(refname)%00%(objectname)%00%(*objectname) [3ms]
2025-05-18 00:37:44.624 [info] > git status -z -uall [29ms]
2025-05-18 00:37:49.730 [info] > git config --get commit.template [18ms]
2025-05-18 00:37:49.732 [info] > git for-each-ref --format=%(refname)%00%(upstream:short)%00%(objectname)%00%(upstream:track)%00%(upstream:remotename)%00%(upstream:remoteref) refs/heads/main refs/remotes/main [4ms]
2025-05-18 00:37:49.753 [info] > git for-each-ref --sort -committerdate --format %(refname)%00%(objectname)%00%(*objectname) [2ms]
2025-05-18 00:37:49.766 [info] > git status -z -uall [18ms]
2025-05-18 00:37:54.864 [info] > git config --get commit.template [10ms]
2025-05-18 00:37:54.865 [info] > git for-each-ref --format=%(refname)%00%(upstream:short)%00%(objectname)%00%(upstream:track)%00%(upstream:remotename)%00%(upstream:remoteref) refs/heads/main refs/remotes/main [2ms]
2025-05-18 00:37:54.879 [info] > git for-each-ref --sort -committerdate --format %(refname)%00%(objectname)%00%(*objectname) [2ms]
2025-05-18 00:37:54.893 [info] > git status -z -uall [22ms]
2025-05-18 00:38:00.006 [info] > git config --get commit.template [20ms]
2025-05-18 00:38:00.007 [info] > git for-each-ref --format=%(refname)%00%(upstream:short)%00%(objectname)%00%(upstream:track)%00%(upstream:remotename)%00%(upstream:remoteref) refs/heads/main refs/remotes/main [5ms]
2025-05-18 00:38:00.024 [info] > git for-each-ref --sort -committerdate --format %(refname)%00%(objectname)%00%(*objectname) [2ms]
2025-05-18 00:38:00.037 [info] > git status -z -uall [21ms]
2025-05-18 00:38:05.127 [info] > git config --get commit.template [9ms]
2025-05-18 00:38:05.128 [info] > git for-each-ref --format=%(refname)%00%(upstream:short)%00%(objectname)%00%(upstream:track)%00%(upstream:remotename)%00%(upstream:remoteref) refs/heads/main refs/remotes/main [1ms]
2025-05-18 00:38:05.142 [info] > git for-each-ref --sort -committerdate --format %(refname)%00%(objectname)%00%(*objectname) [1ms]
2025-05-18 00:38:05.158 [info] > git status -z -uall [23ms]
2025-05-18 00:38:10.270 [info] > git config --get commit.template [17ms]
2025-05-18 00:38:10.272 [info] > git for-each-ref --format=%(refname)%00%(upstream:short)%00%(objectname)%00%(upstream:track)%00%(upstream:remotename)%00%(upstream:remoteref) refs/heads/main refs/remotes/main [4ms]
2025-05-18 00:38:10.306 [info] > git for-each-ref --sort -committerdate --format %(refname)%00%(objectname)%00%(*objectname) [4ms]
2025-05-18 00:38:10.342 [info] > git status -z -uall [54ms]
2025-05-18 00:38:15.985 [info] > git config --get commit.template [1ms]
2025-05-18 00:38:15.991 [info] > git for-each-ref --format=%(refname)%00%(upstream:short)%00%(objectname)%00%(upstream:track)%00%(upstream:remotename)%00%(upstream:remoteref) refs/heads/main refs/remotes/main [1ms]
2025-05-18 00:38:16.003 [info] > git for-each-ref --sort -committerdate --format %(refname)%00%(objectname)%00%(*objectname) [2ms]
2025-05-18 00:38:16.015 [info] > git status -z -uall [18ms]
2025-05-18 00:38:21.094 [info] > git config --get commit.template [6ms]
2025-05-18 00:38:21.095 [info] > git for-each-ref --format=%(refname)%00%(upstream:short)%00%(objectname)%00%(upstream:track)%00%(upstream:remotename)%00%(upstream:remoteref) refs/heads/main refs/remotes/main [1ms]
2025-05-18 00:38:21.110 [info] > git for-each-ref --sort -committerdate --format %(refname)%00%(objectname)%00%(*objectname) [2ms]
2025-05-18 00:38:21.124 [info] > git status -z -uall [22ms]
2025-05-18 00:38:26.203 [info] > git config --get commit.template [6ms]
2025-05-18 00:38:26.204 [info] > git for-each-ref --format=%(refname)%00%(upstream:short)%00%(objectname)%00%(upstream:track)%00%(upstream:remotename)%00%(upstream:remoteref) refs/heads/main refs/remotes/main [1ms]
2025-05-18 00:38:26.217 [info] > git for-each-ref --sort -committerdate --format %(refname)%00%(objectname)%00%(*objectname) [2ms]
2025-05-18 00:38:26.228 [info] > git status -z -uall [18ms]
2025-05-18 00:38:31.324 [info] > git config --get commit.template [7ms]
2025-05-18 00:38:31.325 [info] > git for-each-ref --format=%(refname)%00%(upstream:short)%00%(objectname)%00%(upstream:track)%00%(upstream:remotename)%00%(upstream:remoteref) refs/heads/main refs/remotes/main [1ms]
2025-05-18 00:38:31.341 [info] > git for-each-ref --sort -committerdate --format %(refname)%00%(objectname)%00%(*objectname) [2ms]
2025-05-18 00:38:31.355 [info] > git status -z -uall [22ms]
2025-05-18 00:38:36.437 [info] > git config --get commit.template [7ms]
2025-05-18 00:38:36.437 [info] > git for-each-ref --format=%(refname)%00%(upstream:short)%00%(objectname)%00%(upstream:track)%00%(upstream:remotename)%00%(upstream:remoteref) refs/heads/main refs/remotes/main [1ms]
2025-05-18 00:38:36.451 [info] > git for-each-ref --sort -committerdate --format %(refname)%00%(objectname)%00%(*objectname) [2ms]
2025-05-18 00:38:36.462 [info] > git status -z -uall [18ms]
2025-05-18 00:38:42.065 [info] > git config --get commit.template [4ms]
2025-05-18 00:38:42.074 [info] > git for-each-ref --format=%(refname)%00%(upstream:short)%00%(objectname)%00%(upstream:track)%00%(upstream:remotename)%00%(upstream:remoteref) refs/heads/main refs/remotes/main [2ms]
2025-05-18 00:38:42.088 [info] > git for-each-ref --sort -committerdate --format %(refname)%00%(objectname)%00%(*objectname) [2ms]
2025-05-18 00:38:42.102 [info] > git status -z -uall [22ms]
2025-05-18 00:38:47.204 [info] > git config --get commit.template [13ms]
2025-05-18 00:38:47.206 [info] > git for-each-ref --format=%(refname)%00%(upstream:short)%00%(objectname)%00%(upstream:track)%00%(upstream:remotename)%00%(upstream:remoteref) refs/heads/main refs/remotes/main [2ms]
2025-05-18 00:38:47.223 [info] > git for-each-ref --sort -committerdate --format %(refname)%00%(objectname)%00%(*objectname) [1ms]
2025-05-18 00:38:47.236 [info] > git status -z -uall [21ms]
2025-05-18 00:38:52.344 [info] > git config --get commit.template [15ms]
2025-05-18 00:38:52.345 [info] > git for-each-ref --format=%(refname)%00%(upstream:short)%00%(objectname)%00%(upstream:track)%00%(upstream:remotename)%00%(upstream:remoteref) refs/heads/main refs/remotes/main [2ms]
2025-05-18 00:38:52.363 [info] > git for-each-ref --sort -committerdate --format %(refname)%00%(objectname)%00%(*objectname) [2ms]
2025-05-18 00:38:52.376 [info] > git status -z -uall [22ms]
2025-05-18 00:38:59.072 [info] > git config --get commit.template [8ms]
2025-05-18 00:38:59.074 [info] > git for-each-ref --format=%(refname)%00%(upstream:short)%00%(objectname)%00%(upstream:track)%00%(upstream:remotename)%00%(upstream:remoteref) refs/heads/main refs/remotes/main [2ms]
2025-05-18 00:38:59.092 [info] > git for-each-ref --sort -committerdate --format %(refname)%00%(objectname)%00%(*objectname) [2ms]
2025-05-18 00:38:59.112 [info] > git status -z -uall [30ms]
2025-05-18 00:39:04.231 [info] > git config --get commit.template [13ms]
2025-05-18 00:39:04.232 [info] > git for-each-ref --format=%(refname)%00%(upstream:short)%00%(objectname)%00%(upstream:track)%00%(upstream:remotename)%00%(upstream:remoteref) refs/heads/main refs/remotes/main [2ms]
2025-05-18 00:39:04.254 [info] > git for-each-ref --sort -committerdate --format %(refname)%00%(objectname)%00%(*objectname) [2ms]
2025-05-18 00:39:04.267 [info] > git status -z -uall [24ms]
2025-05-18 00:39:09.349 [info] > git config --get commit.template [7ms]
2025-05-18 00:39:09.349 [info] > git for-each-ref --format=%(refname)%00%(upstream:short)%00%(objectname)%00%(upstream:track)%00%(upstream:remotename)%00%(upstream:remoteref) refs/heads/main refs/remotes/main [1ms]
2025-05-18 00:39:09.362 [info] > git for-each-ref --sort -committerdate --format %(refname)%00%(objectname)%00%(*objectname) [1ms]
2025-05-18 00:39:09.373 [info] > git status -z -uall [18ms]
2025-05-18 00:39:14.475 [info] > git config --get commit.template [15ms]
2025-05-18 00:39:14.476 [info] > git for-each-ref --format=%(refname)%00%(upstream:short)%00%(objectname)%00%(upstream:track)%00%(upstream:remotename)%00%(upstream:remoteref) refs/heads/main refs/remotes/main [2ms]
2025-05-18 00:39:14.494 [info] > git for-each-ref --sort -committerdate --format %(refname)%00%(objectname)%00%(*objectname) [1ms]
2025-05-18 00:39:14.508 [info] > git status -z -uall [23ms]
2025-05-18 00:39:25.139 [info] > git config --get commit.template [7ms]
2025-05-18 00:39:25.140 [info] > git for-each-ref --format=%(refname)%00%(upstream:short)%00%(objectname)%00%(upstream:track)%00%(upstream:remotename)%00%(upstream:remoteref) refs/heads/main refs/remotes/main [1ms]
2025-05-18 00:39:25.154 [info] > git for-each-ref --sort -committerdate --format %(refname)%00%(objectname)%00%(*objectname) [1ms]
2025-05-18 00:39:25.167 [info] > git status -z -uall [20ms]
2025-05-18 00:39:30.272 [info] > git config --get commit.template [18ms]
2025-05-18 00:39:30.276 [info] > git for-each-ref --format=%(refname)%00%(upstream:short)%00%(objectname)%00%(upstream:track)%00%(upstream:remotename)%00%(upstream:remoteref) refs/heads/main refs/remotes/main [5ms]
2025-05-18 00:39:30.313 [info] > git for-each-ref --sort -committerdate --format %(refname)%00%(objectname)%00%(*objectname) [5ms]
2025-05-18 00:39:30.326 [info] > git status -z -uall [33ms]
2025-05-18 00:39:35.428 [info] > git config --get commit.template [8ms]
2025-05-18 00:39:35.429 [info] > git for-each-ref --format=%(refname)%00%(upstream:short)%00%(objectname)%00%(upstream:track)%00%(upstream:remotename)%00%(upstream:remoteref) refs/heads/main refs/remotes/main [1ms]
2025-05-18 00:39:35.444 [info] > git for-each-ref --sort -committerdate --format %(refname)%00%(objectname)%00%(*objectname) [2ms]
2025-05-18 00:39:35.456 [info] > git status -z -uall [20ms]
2025-05-18 00:39:40.553 [info] > git config --get commit.template [9ms]
2025-05-18 00:39:40.554 [info] > git for-each-ref --format=%(refname)%00%(upstream:short)%00%(objectname)%00%(upstream:track)%00%(upstream:remotename)%00%(upstream:remoteref) refs/heads/main refs/remotes/main [2ms]
2025-05-18 00:39:40.569 [info] > git for-each-ref --sort -committerdate --format %(refname)%00%(objectname)%00%(*objectname) [1ms]
2025-05-18 00:39:40.586 [info] > git status -z -uall [25ms]
2025-05-18 00:40:36.829 [info] > git config --get commit.template [1ms]
2025-05-18 00:40:36.840 [info] > git for-each-ref --format=%(refname)%00%(upstream:short)%00%(objectname)%00%(upstream:track)%00%(upstream:remotename)%00%(upstream:remoteref) refs/heads/main refs/remotes/main [2ms]
2025-05-18 00:40:36.859 [info] > git for-each-ref --sort -committerdate --format %(refname)%00%(objectname)%00%(*objectname) [2ms]
2025-05-18 00:40:36.875 [info] > git status -z -uall [25ms]
2025-05-18 00:40:41.987 [info] > git config --get commit.template [7ms]
2025-05-18 00:40:41.988 [info] > git for-each-ref --format=%(refname)%00%(upstream:short)%00%(objectname)%00%(upstream:track)%00%(upstream:remotename)%00%(upstream:remoteref) refs/heads/main refs/remotes/main [2ms]
2025-05-18 00:40:42.004 [info] > git for-each-ref --sort -committerdate --format %(refname)%00%(objectname)%00%(*objectname) [2ms]
2025-05-18 00:40:42.016 [info] > git status -z -uall [21ms]
2025-05-18 00:40:47.626 [info] > git config --get commit.template [19ms]
2025-05-18 00:40:47.629 [info] > git for-each-ref --format=%(refname)%00%(upstream:short)%00%(objectname)%00%(upstream:track)%00%(upstream:remotename)%00%(upstream:remoteref) refs/heads/main refs/remotes/main [4ms]
2025-05-18 00:40:47.664 [info] > git for-each-ref --sort -committerdate --format %(refname)%00%(objectname)%00%(*objectname) [5ms]
2025-05-18 00:40:47.689 [info] > git status -z -uall [44ms]
2025-05-18 00:40:52.776 [info] > git config --get commit.template [6ms]
2025-05-18 00:40:52.777 [info] > git for-each-ref --format=%(refname)%00%(upstream:short)%00%(objectname)%00%(upstream:track)%00%(upstream:remotename)%00%(upstream:remoteref) refs/heads/main refs/remotes/main [1ms]
2025-05-18 00:40:52.789 [info] > git for-each-ref --sort -committerdate --format %(refname)%00%(objectname)%00%(*objectname) [1ms]
2025-05-18 00:40:52.802 [info] > git status -z -uall [19ms]
2025-05-18 00:40:57.882 [info] > git config --get commit.template [6ms]
2025-05-18 00:40:57.882 [info] > git for-each-ref --format=%(refname)%00%(upstream:short)%00%(objectname)%00%(upstream:track)%00%(upstream:remotename)%00%(upstream:remoteref) refs/heads/main refs/remotes/main [1ms]
2025-05-18 00:40:57.896 [info] > git for-each-ref --sort -committerdate --format %(refname)%00%(objectname)%00%(*objectname) [1ms]
2025-05-18 00:40:57.908 [info] > git status -z -uall [20ms]
2025-05-18 00:41:03.015 [info] > git config --get commit.template [18ms]
2025-05-18 00:41:03.017 [info] > git for-each-ref --format=%(refname)%00%(upstream:short)%00%(objectname)%00%(upstream:track)%00%(upstream:remotename)%00%(upstream:remoteref) refs/heads/main refs/remotes/main [4ms]
2025-05-18 00:41:03.037 [info] > git for-each-ref --sort -committerdate --format %(refname)%00%(objectname)%00%(*objectname) [2ms]
2025-05-18 00:41:03.050 [info] > git status -z -uall [21ms]
2025-05-18 00:41:08.707 [info] > git config --get commit.template [4ms]
2025-05-18 00:41:08.726 [info] > git for-each-ref --format=%(refname)%00%(upstream:short)%00%(objectname)%00%(upstream:track)%00%(upstream:remotename)%00%(upstream:remoteref) refs/heads/main refs/remotes/main [4ms]
2025-05-18 00:41:08.763 [info] > git for-each-ref --sort -committerdate --format %(refname)%00%(objectname)%00%(*objectname) [3ms]
2025-05-18 00:41:08.777 [info] > git status -z -uall [34ms]
2025-05-18 00:41:13.876 [info] > git config --get commit.template [9ms]
2025-05-18 00:41:13.877 [info] > git for-each-ref --format=%(refname)%00%(upstream:short)%00%(objectname)%00%(upstream:track)%00%(upstream:remotename)%00%(upstream:remoteref) refs/heads/main refs/remotes/main [1ms]
2025-05-18 00:41:13.891 [info] > git for-each-ref --sort -committerdate --format %(refname)%00%(objectname)%00%(*objectname) [2ms]
2025-05-18 00:41:13.904 [info] > git status -z -uall [20ms]
2025-05-18 00:41:18.985 [info] > git config --get commit.template [6ms]
2025-05-18 00:41:18.986 [info] > git for-each-ref --format=%(refname)%00%(upstream:short)%00%(objectname)%00%(upstream:track)%00%(upstream:remotename)%00%(upstream:remoteref) refs/heads/main refs/remotes/main [1ms]
2025-05-18 00:41:18.998 [info] > git for-each-ref --sort -committerdate --format %(refname)%00%(objectname)%00%(*objectname) [2ms]
2025-05-18 00:41:19.010 [info] > git status -z -uall [17ms]
2025-05-18 00:41:24.109 [info] > git config --get commit.template [14ms]
2025-05-18 00:41:24.112 [info] > git for-each-ref --format=%(refname)%00%(upstream:short)%00%(objectname)%00%(upstream:track)%00%(upstream:remotename)%00%(upstream:remoteref) refs/heads/main refs/remotes/main [4ms]
2025-05-18 00:41:24.146 [info] > git for-each-ref --sort -committerdate --format %(refname)%00%(objectname)%00%(*objectname) [5ms]
2025-05-18 00:41:24.175 [info] > git status -z -uall [48ms]
2025-05-18 00:41:29.276 [info] > git config --get commit.template [7ms]
2025-05-18 00:41:29.276 [info] > git for-each-ref --format=%(refname)%00%(upstream:short)%00%(objectname)%00%(upstream:track)%00%(upstream:remotename)%00%(upstream:remoteref) refs/heads/main refs/remotes/main [1ms]
2025-05-18 00:41:29.293 [info] > git for-each-ref --sort -committerdate --format %(refname)%00%(objectname)%00%(*objectname) [2ms]
2025-05-18 00:41:29.303 [info] > git status -z -uall [19ms]
2025-05-18 00:41:34.411 [info] > git config --get commit.template [10ms]
2025-05-18 00:41:34.412 [info] > git for-each-ref --format=%(refname)%00%(upstream:short)%00%(objectname)%00%(upstream:track)%00%(upstream:remotename)%00%(upstream:remoteref) refs/heads/main refs/remotes/main [2ms]
2025-05-18 00:41:34.426 [info] > git for-each-ref --sort -committerdate --format %(refname)%00%(objectname)%00%(*objectname) [2ms]
2025-05-18 00:41:34.439 [info] > git status -z -uall [21ms]
2025-05-18 00:41:39.551 [info] > git config --get commit.template [18ms]
2025-05-18 00:41:39.554 [info] > git for-each-ref --format=%(refname)%00%(upstream:short)%00%(objectname)%00%(upstream:track)%00%(upstream:remotename)%00%(upstream:remoteref) refs/heads/main refs/remotes/main [3ms]
2025-05-18 00:41:39.590 [info] > git for-each-ref --sort -committerdate --format %(refname)%00%(objectname)%00%(*objectname) [4ms]
2025-05-18 00:41:39.625 [info] > git status -z -uall [54ms]
2025-05-18 00:41:44.724 [info] > git config --get commit.template [9ms]
2025-05-18 00:41:44.725 [info] > git for-each-ref --format=%(refname)%00%(upstream:short)%00%(objectname)%00%(upstream:track)%00%(upstream:remotename)%00%(upstream:remoteref) refs/heads/main refs/remotes/main [1ms]
2025-05-18 00:41:44.739 [info] > git for-each-ref --sort -committerdate --format %(refname)%00%(objectname)%00%(*objectname) [2ms]
2025-05-18 00:41:44.753 [info] > git status -z -uall [22ms]
2025-05-18 00:41:49.860 [info] > git config --get commit.template [16ms]
2025-05-18 00:41:49.863 [info] > git for-each-ref --format=%(refname)%00%(upstream:short)%00%(objectname)%00%(upstream:track)%00%(upstream:remotename)%00%(upstream:remoteref) refs/heads/main refs/remotes/main [4ms]
2025-05-18 00:41:49.896 [info] > git for-each-ref --sort -committerdate --format %(refname)%00%(objectname)%00%(*objectname) [3ms]
2025-05-18 00:41:49.908 [info] > git status -z -uall [28ms]
2025-05-18 00:41:55.013 [info] > git config --get commit.template [14ms]
2025-05-18 00:41:55.014 [info] > git for-each-ref --format=%(refname)%00%(upstream:short)%00%(objectname)%00%(upstream:track)%00%(upstream:remotename)%00%(upstream:remoteref) refs/heads/main refs/remotes/main [2ms]
2025-05-18 00:41:55.031 [info] > git for-each-ref --sort -committerdate --format %(refname)%00%(objectname)%00%(*objectname) [2ms]
2025-05-18 00:41:55.045 [info] > git status -z -uall [22ms]
2025-05-18 00:42:00.665 [info] > git config --get commit.template [11ms]
2025-05-18 00:42:00.666 [info] > git for-each-ref --format=%(refname)%00%(upstream:short)%00%(objectname)%00%(upstream:track)%00%(upstream:remotename)%00%(upstream:remoteref) refs/heads/main refs/remotes/main [2ms]
2025-05-18 00:42:00.680 [info] > git for-each-ref --sort -committerdate --format %(refname)%00%(objectname)%00%(*objectname) [2ms]
2025-05-18 00:42:00.692 [info] > git status -z -uall [20ms]
2025-05-18 00:42:05.803 [info] > git config --get commit.template [18ms]
2025-05-18 00:42:05.805 [info] > git for-each-ref --format=%(refname)%00%(upstream:short)%00%(objectname)%00%(upstream:track)%00%(upstream:remotename)%00%(upstream:remoteref) refs/heads/main refs/remotes/main [4ms]
2025-05-18 00:42:05.840 [info] > git for-each-ref --sort -committerdate --format %(refname)%00%(objectname)%00%(*objectname) [3ms]
2025-05-18 00:42:05.860 [info] > git status -z -uall [38ms]
2025-05-18 00:42:10.964 [info] > git config --get commit.template [8ms]
2025-05-18 00:42:10.964 [info] > git for-each-ref --format=%(refname)%00%(upstream:short)%00%(objectname)%00%(upstream:track)%00%(upstream:remotename)%00%(upstream:remoteref) refs/heads/main refs/remotes/main [1ms]
2025-05-18 00:42:10.980 [info] > git for-each-ref --sort -committerdate --format %(refname)%00%(objectname)%00%(*objectname) [2ms]
2025-05-18 00:42:10.993 [info] > git status -z -uall [21ms]
2025-05-18 00:42:16.090 [info] > git config --get commit.template [14ms]
2025-05-18 00:42:16.093 [info] > git for-each-ref --format=%(refname)%00%(upstream:short)%00%(objectname)%00%(upstream:track)%00%(upstream:remotename)%00%(upstream:remoteref) refs/heads/main refs/remotes/main [4ms]
2025-05-18 00:42:16.127 [info] > git for-each-ref --sort -committerdate --format %(refname)%00%(objectname)%00%(*objectname) [5ms]
2025-05-18 00:42:16.152 [info] > git status -z -uall [44ms]
2025-05-18 00:42:22.760 [info] > git config --get commit.template [8ms]
2025-05-18 00:42:22.761 [info] > git for-each-ref --format=%(refname)%00%(upstream:short)%00%(objectname)%00%(upstream:track)%00%(upstream:remotename)%00%(upstream:remoteref) refs/heads/main refs/remotes/main [2ms]
2025-05-18 00:42:22.776 [info] > git for-each-ref --sort -committerdate --format %(refname)%00%(objectname)%00%(*objectname) [2ms]
2025-05-18 00:42:22.788 [info] > git status -z -uall [19ms]
2025-05-18 00:42:27.882 [info] > git config --get commit.template [7ms]
2025-05-18 00:42:27.883 [info] > git for-each-ref --format=%(refname)%00%(upstream:short)%00%(objectname)%00%(upstream:track)%00%(upstream:remotename)%00%(upstream:remoteref) refs/heads/main refs/remotes/main [2ms]
2025-05-18 00:42:27.897 [info] > git for-each-ref --sort -committerdate --format %(refname)%00%(objectname)%00%(*objectname) [1ms]
2025-05-18 00:42:27.909 [info] > git status -z -uall [19ms]
2025-05-18 00:42:33.011 [info] > git config --get commit.template [10ms]
2025-05-18 00:42:33.012 [info] > git for-each-ref --format=%(refname)%00%(upstream:short)%00%(objectname)%00%(upstream:track)%00%(upstream:remotename)%00%(upstream:remoteref) refs/heads/main refs/remotes/main [2ms]
2025-05-18 00:42:33.026 [info] > git for-each-ref --sort -committerdate --format %(refname)%00%(objectname)%00%(*objectname) [2ms]
2025-05-18 00:42:33.038 [info] > git status -z -uall [19ms]
2025-05-18 00:42:38.142 [info] > git config --get commit.template [17ms]
2025-05-18 00:42:38.144 [info] > git for-each-ref --format=%(refname)%00%(upstream:short)%00%(objectname)%00%(upstream:track)%00%(upstream:remotename)%00%(upstream:remoteref) refs/heads/main refs/remotes/main [3ms]
2025-05-18 00:42:38.181 [info] > git for-each-ref --sort -committerdate --format %(refname)%00%(objectname)%00%(*objectname) [4ms]
2025-05-18 00:42:38.199 [info] > git status -z -uall [38ms]
2025-05-18 00:42:43.282 [info] > git config --get commit.template [6ms]
2025-05-18 00:42:43.282 [info] > git for-each-ref --format=%(refname)%00%(upstream:short)%00%(objectname)%00%(upstream:track)%00%(upstream:remotename)%00%(upstream:remoteref) refs/heads/main refs/remotes/main [1ms]
2025-05-18 00:42:43.294 [info] > git for-each-ref --sort -committerdate --format %(refname)%00%(objectname)%00%(*objectname) [2ms]
2025-05-18 00:42:43.306 [info] > git status -z -uall [17ms]
2025-05-18 00:42:48.389 [info] > git config --get commit.template [7ms]
2025-05-18 00:42:48.390 [info] > git for-each-ref --format=%(refname)%00%(upstream:short)%00%(objectname)%00%(upstream:track)%00%(upstream:remotename)%00%(upstream:remoteref) refs/heads/main refs/remotes/main [2ms]
2025-05-18 00:42:48.403 [info] > git for-each-ref --sort -committerdate --format %(refname)%00%(objectname)%00%(*objectname) [1ms]
2025-05-18 00:42:48.414 [info] > git status -z -uall [18ms]
2025-05-18 00:42:53.502 [info] > git config --get commit.template [8ms]
2025-05-18 00:42:53.504 [info] > git for-each-ref --format=%(refname)%00%(upstream:short)%00%(objectname)%00%(upstream:track)%00%(upstream:remotename)%00%(upstream:remoteref) refs/heads/main refs/remotes/main [2ms]
2025-05-18 00:42:53.521 [info] > git for-each-ref --sort -committerdate --format %(refname)%00%(objectname)%00%(*objectname) [2ms]
2025-05-18 00:42:53.534 [info] > git status -z -uall [22ms]
2025-05-18 00:42:58.637 [info] > git config --get commit.template [15ms]
2025-05-18 00:42:58.640 [info] > git for-each-ref --format=%(refname)%00%(upstream:short)%00%(objectname)%00%(upstream:track)%00%(upstream:remotename)%00%(upstream:remoteref) refs/heads/main refs/remotes/main [4ms]
2025-05-18 00:42:58.673 [info] > git for-each-ref --sort -committerdate --format %(refname)%00%(objectname)%00%(*objectname) [4ms]
2025-05-18 00:42:58.687 [info] > git status -z -uall [32ms]
2025-05-18 00:43:03.797 [info] > git config --get commit.template [18ms]
2025-05-18 00:43:03.800 [info] > git for-each-ref --format=%(refname)%00%(upstream:short)%00%(objectname)%00%(upstream:track)%00%(upstream:remotename)%00%(upstream:remoteref) refs/heads/main refs/remotes/main [3ms]
2025-05-18 00:43:03.834 [info] > git for-each-ref --sort -committerdate --format %(refname)%00%(objectname)%00%(*objectname) [5ms]
2025-05-18 00:43:03.867 [info] > git status -z -uall [52ms]
2025-05-18 00:43:08.962 [info] > git config --get commit.template [8ms]
2025-05-18 00:43:08.962 [info] > git for-each-ref --format=%(refname)%00%(upstream:short)%00%(objectname)%00%(upstream:track)%00%(upstream:remotename)%00%(upstream:remoteref) refs/heads/main refs/remotes/main [1ms]
2025-05-18 00:43:08.978 [info] > git for-each-ref --sort -committerdate --format %(refname)%00%(objectname)%00%(*objectname) [2ms]
2025-05-18 00:43:08.991 [info] > git status -z -uall [21ms]
2025-05-18 00:43:14.088 [info] > git config --get commit.template [14ms]
2025-05-18 00:43:14.090 [info] > git for-each-ref --format=%(refname)%00%(upstream:short)%00%(objectname)%00%(upstream:track)%00%(upstream:remotename)%00%(upstream:remoteref) refs/heads/main refs/remotes/main [4ms]
2025-05-18 00:43:14.123 [info] > git for-each-ref --sort -committerdate --format %(refname)%00%(objectname)%00%(*objectname) [4ms]
2025-05-18 00:43:14.140 [info] > git status -z -uall [34ms]
2025-05-18 00:43:19.225 [info] > git config --get commit.template [7ms]
2025-05-18 00:43:19.226 [info] > git for-each-ref --format=%(refname)%00%(upstream:short)%00%(objectname)%00%(upstream:track)%00%(upstream:remotename)%00%(upstream:remoteref) refs/heads/main refs/remotes/main [1ms]
2025-05-18 00:43:19.240 [info] > git for-each-ref --sort -committerdate --format %(refname)%00%(objectname)%00%(*objectname) [1ms]
2025-05-18 00:43:19.253 [info] > git status -z -uall [20ms]
2025-05-18 00:43:24.339 [info] > git config --get commit.template [8ms]
2025-05-18 00:43:24.339 [info] > git for-each-ref --format=%(refname)%00%(upstream:short)%00%(objectname)%00%(upstream:track)%00%(upstream:remotename)%00%(upstream:remoteref) refs/heads/main refs/remotes/main [1ms]
2025-05-18 00:43:24.355 [info] > git for-each-ref --sort -committerdate --format %(refname)%00%(objectname)%00%(*objectname) [2ms]
2025-05-18 00:43:24.367 [info] > git status -z -uall [20ms]
2025-05-18 00:43:29.976 [info] > git config --get commit.template [6ms]
2025-05-18 00:43:29.976 [info] > git for-each-ref --format=%(refname)%00%(upstream:short)%00%(objectname)%00%(upstream:track)%00%(upstream:remotename)%00%(upstream:remoteref) refs/heads/main refs/remotes/main [1ms]
2025-05-18 00:43:29.988 [info] > git for-each-ref --sort -committerdate --format %(refname)%00%(objectname)%00%(*objectname) [1ms]
2025-05-18 00:43:30.000 [info] > git status -z -uall [18ms]
2025-05-18 00:43:35.106 [info] > git config --get commit.template [17ms]
2025-05-18 00:43:35.109 [info] > git for-each-ref --format=%(refname)%00%(upstream:short)%00%(objectname)%00%(upstream:track)%00%(upstream:remotename)%00%(upstream:remoteref) refs/heads/main refs/remotes/main [4ms]
2025-05-18 00:43:35.144 [info] > git for-each-ref --sort -committerdate --format %(refname)%00%(objectname)%00%(*objectname) [4ms]
2025-05-18 00:43:35.157 [info] > git status -z -uall [31ms]
2025-05-18 01:02:16.627 [info] > git config --get commit.template [14ms]
2025-05-18 01:02:16.637 [info] > git for-each-ref --format=%(refname)%00%(upstream:short)%00%(objectname)%00%(upstream:track)%00%(upstream:remotename)%00%(upstream:remoteref) refs/heads/main refs/remotes/main [13ms]
2025-05-18 01:02:16.660 [info] > git for-each-ref --sort -committerdate --format %(refname)%00%(objectname)%00%(*objectname) [8ms]
2025-05-18 01:02:16.837 [info] > git status -z -uall [192ms]
2025-05-18 01:02:22.090 [info] > git config --get commit.template [15ms]
2025-05-18 01:02:22.091 [info] > git for-each-ref --format=%(refname)%00%(upstream:short)%00%(objectname)%00%(upstream:track)%00%(upstream:remotename)%00%(upstream:remoteref) refs/heads/main refs/remotes/main [3ms]
2025-05-18 01:02:22.111 [info] > git for-each-ref --sort -committerdate --format %(refname)%00%(objectname)%00%(*objectname) [2ms]
2025-05-18 01:02:22.126 [info] > git status -z -uall [26ms]
2025-05-18 01:02:27.241 [info] > git config --get commit.template [6ms]
2025-05-18 01:02:27.242 [info] > git for-each-ref --format=%(refname)%00%(upstream:short)%00%(objectname)%00%(upstream:track)%00%(upstream:remotename)%00%(upstream:remoteref) refs/heads/main refs/remotes/main [1ms]
2025-05-18 01:02:27.255 [info] > git for-each-ref --sort -committerdate --format %(refname)%00%(objectname)%00%(*objectname) [2ms]
2025-05-18 01:02:27.269 [info] > git status -z -uall [21ms]
2025-05-18 01:02:44.165 [info] > git config --get commit.template [11ms]
2025-05-18 01:02:44.166 [info] > git for-each-ref --format=%(refname)%00%(upstream:short)%00%(objectname)%00%(upstream:track)%00%(upstream:remotename)%00%(upstream:remoteref) refs/heads/main refs/remotes/main [2ms]
2025-05-18 01:02:44.188 [info] > git for-each-ref --sort -committerdate --format %(refname)%00%(objectname)%00%(*objectname) [3ms]
2025-05-18 01:02:44.202 [info] > git status -z -uall [26ms]
2025-05-18 01:02:49.305 [info] > git config --get commit.template [12ms]
2025-05-18 01:02:49.306 [info] > git for-each-ref --format=%(refname)%00%(upstream:short)%00%(objectname)%00%(upstream:track)%00%(upstream:remotename)%00%(upstream:remoteref) refs/heads/main refs/remotes/main [1ms]
2025-05-18 01:02:49.318 [info] > git for-each-ref --sort -committerdate --format %(refname)%00%(objectname)%00%(*objectname) [1ms]
2025-05-18 01:02:49.331 [info] > git status -z -uall [19ms]
2025-05-18 01:02:54.431 [info] > git config --get commit.template [16ms]
2025-05-18 01:02:54.434 [info] > git for-each-ref --format=%(refname)%00%(upstream:short)%00%(objectname)%00%(upstream:track)%00%(upstream:remotename)%00%(upstream:remoteref) refs/heads/main refs/remotes/main [5ms]
2025-05-18 01:02:54.457 [info] > git for-each-ref --sort -committerdate --format %(refname)%00%(objectname)%00%(*objectname) [2ms]
2025-05-18 01:02:54.470 [info] > git status -z -uall [22ms]
2025-05-18 01:02:59.548 [info] > git config --get commit.template [5ms]
2025-05-18 01:02:59.549 [info] > git for-each-ref --format=%(refname)%00%(upstream:short)%00%(objectname)%00%(upstream:track)%00%(upstream:remotename)%00%(upstream:remoteref) refs/heads/main refs/remotes/main [1ms]
2025-05-18 01:02:59.560 [info] > git for-each-ref --sort -committerdate --format %(refname)%00%(objectname)%00%(*objectname) [2ms]
2025-05-18 01:02:59.571 [info] > git status -z -uall [17ms]
2025-05-18 01:03:04.679 [info] > git config --get commit.template [17ms]
2025-05-18 01:03:04.681 [info] > git for-each-ref --format=%(refname)%00%(upstream:short)%00%(objectname)%00%(upstream:track)%00%(upstream:remotename)%00%(upstream:remoteref) refs/heads/main refs/remotes/main [3ms]
2025-05-18 01:03:04.693 [info] > git for-each-ref --sort -committerdate --format %(refname)%00%(objectname)%00%(*objectname) [1ms]
2025-05-18 01:03:04.706 [info] > git status -z -uall [19ms]
2025-05-18 01:03:09.809 [info] > git config --get commit.template [13ms]
2025-05-18 01:03:09.810 [info] > git for-each-ref --format=%(refname)%00%(upstream:short)%00%(objectname)%00%(upstream:track)%00%(upstream:remotename)%00%(upstream:remoteref) refs/heads/main refs/remotes/main [2ms]
2025-05-18 01:03:09.822 [info] > git for-each-ref --sort -committerdate --format %(refname)%00%(objectname)%00%(*objectname) [2ms]
2025-05-18 01:03:09.834 [info] > git status -z -uall [19ms]
2025-05-18 01:03:14.917 [info] > git config --get commit.template [6ms]
2025-05-18 01:03:14.918 [info] > git for-each-ref --format=%(refname)%00%(upstream:short)%00%(objectname)%00%(upstream:track)%00%(upstream:remotename)%00%(upstream:remoteref) refs/heads/main refs/remotes/main [2ms]
2025-05-18 01:03:14.930 [info] > git for-each-ref --sort -committerdate --format %(refname)%00%(objectname)%00%(*objectname) [2ms]
2025-05-18 01:03:14.943 [info] > git status -z -uall [20ms]
2025-05-18 01:03:20.047 [info] > git config --get commit.template [15ms]
2025-05-18 01:03:20.049 [info] > git for-each-ref --format=%(refname)%00%(upstream:short)%00%(objectname)%00%(upstream:track)%00%(upstream:remotename)%00%(upstream:remoteref) refs/heads/main refs/remotes/main [3ms]
2025-05-18 01:03:20.060 [info] > git for-each-ref --sort -committerdate --format %(refname)%00%(objectname)%00%(*objectname) [1ms]
2025-05-18 01:03:20.073 [info] > git status -z -uall [19ms]
2025-05-18 01:03:25.159 [info] > git config --get commit.template [8ms]
2025-05-18 01:03:25.160 [info] > git for-each-ref --format=%(refname)%00%(upstream:short)%00%(objectname)%00%(upstream:track)%00%(upstream:remotename)%00%(upstream:remoteref) refs/heads/main refs/remotes/main [2ms]
2025-05-18 01:03:25.175 [info] > git for-each-ref --sort -committerdate --format %(refname)%00%(objectname)%00%(*objectname) [2ms]
2025-05-18 01:03:25.187 [info] > git status -z -uall [20ms]
2025-05-18 01:03:30.269 [info] > git config --get commit.template [6ms]
2025-05-18 01:03:30.270 [info] > git for-each-ref --format=%(refname)%00%(upstream:short)%00%(objectname)%00%(upstream:track)%00%(upstream:remotename)%00%(upstream:remoteref) refs/heads/main refs/remotes/main [1ms]
2025-05-18 01:03:30.282 [info] > git for-each-ref --sort -committerdate --format %(refname)%00%(objectname)%00%(*objectname) [2ms]
2025-05-18 01:03:30.294 [info] > git status -z -uall [19ms]
2025-05-18 01:03:35.389 [info] > git config --get commit.template [10ms]
2025-05-18 01:03:35.390 [info] > git for-each-ref --format=%(refname)%00%(upstream:short)%00%(objectname)%00%(upstream:track)%00%(upstream:remotename)%00%(upstream:remoteref) refs/heads/main refs/remotes/main [2ms]
2025-05-18 01:03:35.403 [info] > git for-each-ref --sort -committerdate --format %(refname)%00%(objectname)%00%(*objectname) [1ms]
2025-05-18 01:03:35.416 [info] > git status -z -uall [20ms]
2025-05-18 01:03:40.518 [info] > git config --get commit.template [15ms]
2025-05-18 01:03:40.520 [info] > git for-each-ref --format=%(refname)%00%(upstream:short)%00%(objectname)%00%(upstream:track)%00%(upstream:remotename)%00%(upstream:remoteref) refs/heads/main refs/remotes/main [4ms]
2025-05-18 01:03:40.552 [info] > git for-each-ref --sort -committerdate --format %(refname)%00%(objectname)%00%(*objectname) [5ms]
2025-05-18 01:03:40.584 [info] > git status -z -uall [49ms]
2025-05-18 01:03:45.696 [info] > git config --get commit.template [15ms]
2025-05-18 01:03:45.697 [info] > git for-each-ref --format=%(refname)%00%(upstream:short)%00%(objectname)%00%(upstream:track)%00%(upstream:remotename)%00%(upstream:remoteref) refs/heads/main refs/remotes/main [2ms]
2025-05-18 01:03:45.713 [info] > git for-each-ref --sort -committerdate --format %(refname)%00%(objectname)%00%(*objectname) [2ms]
2025-05-18 01:03:45.727 [info] > git status -z -uall [21ms]
2025-05-18 01:03:50.810 [info] > git config --get commit.template [6ms]
2025-05-18 01:03:50.811 [info] > git for-each-ref --format=%(refname)%00%(upstream:short)%00%(objectname)%00%(upstream:track)%00%(upstream:remotename)%00%(upstream:remoteref) refs/heads/main refs/remotes/main [2ms]
2025-05-18 01:03:50.822 [info] > git for-each-ref --sort -committerdate --format %(refname)%00%(objectname)%00%(*objectname) [1ms]
2025-05-18 01:03:50.834 [info] > git status -z -uall [18ms]
2025-05-18 01:03:55.920 [info] > git config --get commit.template [7ms]
2025-05-18 01:03:55.920 [info] > git for-each-ref --format=%(refname)%00%(upstream:short)%00%(objectname)%00%(upstream:track)%00%(upstream:remotename)%00%(upstream:remoteref) refs/heads/main refs/remotes/main [1ms]
2025-05-18 01:03:55.935 [info] > git for-each-ref --sort -committerdate --format %(refname)%00%(objectname)%00%(*objectname) [2ms]
2025-05-18 01:03:55.947 [info] > git status -z -uall [19ms]
2025-05-18 01:04:01.062 [info] > git config --get commit.template [12ms]
2025-05-18 01:04:01.063 [info] > git for-each-ref --format=%(refname)%00%(upstream:short)%00%(objectname)%00%(upstream:track)%00%(upstream:remotename)%00%(upstream:remoteref) refs/heads/main refs/remotes/main [2ms]
2025-05-18 01:04:01.077 [info] > git for-each-ref --sort -committerdate --format %(refname)%00%(objectname)%00%(*objectname) [2ms]
2025-05-18 01:04:01.089 [info] > git status -z -uall [19ms]
2025-05-18 01:04:06.196 [info] > git config --get commit.template [16ms]
2025-05-18 01:04:06.198 [info] > git for-each-ref --format=%(refname)%00%(upstream:short)%00%(objectname)%00%(upstream:track)%00%(upstream:remotename)%00%(upstream:remoteref) refs/heads/main refs/remotes/main [4ms]
2025-05-18 01:04:06.231 [info] > git for-each-ref --sort -committerdate --format %(refname)%00%(objectname)%00%(*objectname) [4ms]
2025-05-18 01:04:06.266 [info] > git status -z -uall [53ms]
2025-05-18 01:04:11.914 [info] > git config --get commit.template [17ms]
2025-05-18 01:04:11.917 [info] > git for-each-ref --format=%(refname)%00%(upstream:short)%00%(objectname)%00%(upstream:track)%00%(upstream:remotename)%00%(upstream:remoteref) refs/heads/main refs/remotes/main [4ms]
2025-05-18 01:04:11.953 [info] > git for-each-ref --sort -committerdate --format %(refname)%00%(objectname)%00%(*objectname) [5ms]
2025-05-18 01:04:11.976 [info] > git status -z -uall [43ms]
2025-05-18 01:04:17.082 [info] > git config --get commit.template [16ms]
2025-05-18 01:04:17.082 [info] > git for-each-ref --format=%(refname)%00%(upstream:short)%00%(objectname)%00%(upstream:track)%00%(upstream:remotename)%00%(upstream:remoteref) refs/heads/main refs/remotes/main [2ms]
2025-05-18 01:04:17.105 [info] > git for-each-ref --sort -committerdate --format %(refname)%00%(objectname)%00%(*objectname) [2ms]
2025-05-18 01:04:17.122 [info] > git status -z -uall [26ms]
2025-05-18 01:04:22.918 [info] > git config --get commit.template [19ms]
2025-05-18 01:04:22.920 [info] > git for-each-ref --format=%(refname)%00%(upstream:short)%00%(objectname)%00%(upstream:track)%00%(upstream:remotename)%00%(upstream:remoteref) refs/heads/main refs/remotes/main [4ms]
2025-05-18 01:04:22.958 [info] > git for-each-ref --sort -committerdate --format %(refname)%00%(objectname)%00%(*objectname) [4ms]
2025-05-18 01:04:22.978 [info] > git status -z -uall [38ms]
2025-05-18 01:04:28.086 [info] > git config --get commit.template [16ms]
2025-05-18 01:04:28.089 [info] > git for-each-ref --format=%(refname)%00%(upstream:short)%00%(objectname)%00%(upstream:track)%00%(upstream:remotename)%00%(upstream:remoteref) refs/heads/main refs/remotes/main [4ms]
2025-05-18 01:04:28.110 [info] > git for-each-ref --sort -committerdate --format %(refname)%00%(objectname)%00%(*objectname) [3ms]
2025-05-18 01:04:28.125 [info] > git status -z -uall [25ms]
2025-05-18 01:04:33.209 [info] > git config --get commit.template [7ms]
2025-05-18 01:04:33.210 [info] > git for-each-ref --format=%(refname)%00%(upstream:short)%00%(objectname)%00%(upstream:track)%00%(upstream:remotename)%00%(upstream:remoteref) refs/heads/main refs/remotes/main [1ms]
2025-05-18 01:04:33.222 [info] > git for-each-ref --sort -committerdate --format %(refname)%00%(objectname)%00%(*objectname) [1ms]
2025-05-18 01:04:33.236 [info] > git status -z -uall [21ms]
2025-05-18 01:05:54.129 [info] > git config --get commit.template [11ms]
2025-05-18 01:05:54.136 [info] > git for-each-ref --format=%(refname)%00%(upstream:short)%00%(objectname)%00%(upstream:track)%00%(upstream:remotename)%00%(upstream:remoteref) refs/heads/main refs/remotes/main [12ms]
2025-05-18 01:05:54.157 [info] > git for-each-ref --sort -committerdate --format %(refname)%00%(objectname)%00%(*objectname) [9ms]
2025-05-18 01:05:54.324 [info] > git status -z -uall [181ms]
2025-05-18 01:05:59.429 [info] > git config --get commit.template [7ms]
2025-05-18 01:05:59.430 [info] > git for-each-ref --format=%(refname)%00%(upstream:short)%00%(objectname)%00%(upstream:track)%00%(upstream:remotename)%00%(upstream:remoteref) refs/heads/main refs/remotes/main [2ms]
2025-05-18 01:05:59.444 [info] > git for-each-ref --sort -committerdate --format %(refname)%00%(objectname)%00%(*objectname) [2ms]
2025-05-18 01:05:59.457 [info] > git status -z -uall [21ms]
2025-05-18 01:06:04.552 [info] > git config --get commit.template [8ms]
2025-05-18 01:06:04.553 [info] > git for-each-ref --format=%(refname)%00%(upstream:short)%00%(objectname)%00%(upstream:track)%00%(upstream:remotename)%00%(upstream:remoteref) refs/heads/main refs/remotes/main [2ms]
2025-05-18 01:06:04.568 [info] > git for-each-ref --sort -committerdate --format %(refname)%00%(objectname)%00%(*objectname) [1ms]
2025-05-18 01:06:04.579 [info] > git status -z -uall [20ms]
2025-05-18 01:06:09.667 [info] > git config --get commit.template [7ms]
2025-05-18 01:06:09.667 [info] > git for-each-ref --format=%(refname)%00%(upstream:short)%00%(objectname)%00%(upstream:track)%00%(upstream:remotename)%00%(upstream:remoteref) refs/heads/main refs/remotes/main [1ms]
2025-05-18 01:06:09.681 [info] > git for-each-ref --sort -committerdate --format %(refname)%00%(objectname)%00%(*objectname) [2ms]
2025-05-18 01:06:09.693 [info] > git status -z -uall [20ms]
2025-05-18 01:06:14.779 [info] > git config --get commit.template [7ms]
2025-05-18 01:06:14.780 [info] > git for-each-ref --format=%(refname)%00%(upstream:short)%00%(objectname)%00%(upstream:track)%00%(upstream:remotename)%00%(upstream:remoteref) refs/heads/main refs/remotes/main [1ms]
2025-05-18 01:06:14.795 [info] > git for-each-ref --sort -committerdate --format %(refname)%00%(objectname)%00%(*objectname) [1ms]
2025-05-18 01:06:14.808 [info] > git status -z -uall [20ms]
2025-05-18 01:06:19.897 [info] > git config --get commit.template [6ms]
2025-05-18 01:06:19.899 [info] > git for-each-ref --format=%(refname)%00%(upstream:short)%00%(objectname)%00%(upstream:track)%00%(upstream:remotename)%00%(upstream:remoteref) refs/heads/main refs/remotes/main [2ms]
2025-05-18 01:06:19.913 [info] > git for-each-ref --sort -committerdate --format %(refname)%00%(objectname)%00%(*objectname) [1ms]
2025-05-18 01:06:19.926 [info] > git status -z -uall [20ms]
2025-05-18 01:06:25.018 [info] > git config --get commit.template [6ms]
2025-05-18 01:06:25.019 [info] > git for-each-ref --format=%(refname)%00%(upstream:short)%00%(objectname)%00%(upstream:track)%00%(upstream:remotename)%00%(upstream:remoteref) refs/heads/main refs/remotes/main [1ms]
2025-05-18 01:06:25.032 [info] > git for-each-ref --sort -committerdate --format %(refname)%00%(objectname)%00%(*objectname) [1ms]
2025-05-18 01:06:25.043 [info] > git status -z -uall [18ms]
2025-05-18 01:06:30.121 [info] > git config --get commit.template [1ms]
2025-05-18 01:06:30.128 [info] > git for-each-ref --format=%(refname)%00%(upstream:short)%00%(objectname)%00%(upstream:track)%00%(upstream:remotename)%00%(upstream:remoteref) refs/heads/main refs/remotes/main [1ms]
2025-05-18 01:06:30.141 [info] > git for-each-ref --sort -committerdate --format %(refname)%00%(objectname)%00%(*objectname) [2ms]
2025-05-18 01:06:30.153 [info] > git status -z -uall [19ms]
2025-05-18 01:06:35.260 [info] > git config --get commit.template [17ms]
2025-05-18 01:06:35.263 [info] > git for-each-ref --format=%(refname)%00%(upstream:short)%00%(objectname)%00%(upstream:track)%00%(upstream:remotename)%00%(upstream:remoteref) refs/heads/main refs/remotes/main [4ms]
2025-05-18 01:06:35.286 [info] > git for-each-ref --sort -committerdate --format %(refname)%00%(objectname)%00%(*objectname) [2ms]
2025-05-18 01:06:35.300 [info] > git status -z -uall [22ms]
2025-05-18 01:06:40.408 [info] > git config --get commit.template [17ms]
2025-05-18 01:06:40.410 [info] > git for-each-ref --format=%(refname)%00%(upstream:short)%00%(objectname)%00%(upstream:track)%00%(upstream:remotename)%00%(upstream:remoteref) refs/heads/main refs/remotes/main [3ms]
2025-05-18 01:06:40.444 [info] > git for-each-ref --sort -committerdate --format %(refname)%00%(objectname)%00%(*objectname) [5ms]
2025-05-18 01:06:40.457 [info] > git status -z -uall [32ms]
2025-05-18 01:06:45.568 [info] > git config --get commit.template [17ms]
2025-05-18 01:06:45.570 [info] > git for-each-ref --format=%(refname)%00%(upstream:short)%00%(objectname)%00%(upstream:track)%00%(upstream:remotename)%00%(upstream:remoteref) refs/heads/main refs/remotes/main [3ms]
2025-05-18 01:06:45.583 [info] > git for-each-ref --sort -committerdate --format %(refname)%00%(objectname)%00%(*objectname) [1ms]
2025-05-18 01:06:45.596 [info] > git status -z -uall [20ms]
2025-05-18 01:06:50.702 [info] > git config --get commit.template [17ms]
2025-05-18 01:06:50.704 [info] > git for-each-ref --format=%(refname)%00%(upstream:short)%00%(objectname)%00%(upstream:track)%00%(upstream:remotename)%00%(upstream:remoteref) refs/heads/main refs/remotes/main [3ms]
2025-05-18 01:06:50.716 [info] > git for-each-ref --sort -committerdate --format %(refname)%00%(objectname)%00%(*objectname) [1ms]
2025-05-18 01:06:50.729 [info] > git status -z -uall [19ms]
2025-05-18 01:06:55.824 [info] > git config --get commit.template [9ms]
2025-05-18 01:06:55.825 [info] > git for-each-ref --format=%(refname)%00%(upstream:short)%00%(objectname)%00%(upstream:track)%00%(upstream:remotename)%00%(upstream:remoteref) refs/heads/main refs/remotes/main [2ms]
2025-05-18 01:06:55.843 [info] > git for-each-ref --sort -committerdate --format %(refname)%00%(objectname)%00%(*objectname) [2ms]
2025-05-18 01:06:55.858 [info] > git status -z -uall [24ms]
2025-05-18 01:07:00.962 [info] > git config --get commit.template [10ms]
2025-05-18 01:07:00.962 [info] > git for-each-ref --format=%(refname)%00%(upstream:short)%00%(objectname)%00%(upstream:track)%00%(upstream:remotename)%00%(upstream:remoteref) refs/heads/main refs/remotes/main [1ms]
2025-05-18 01:07:00.975 [info] > git for-each-ref --sort -committerdate --format %(refname)%00%(objectname)%00%(*objectname) [1ms]
2025-05-18 01:07:00.988 [info] > git status -z -uall [20ms]
2025-05-18 01:07:06.095 [info] > git config --get commit.template [16ms]
2025-05-18 01:07:06.098 [info] > git for-each-ref --format=%(refname)%00%(upstream:short)%00%(objectname)%00%(upstream:track)%00%(upstream:remotename)%00%(upstream:remoteref) refs/heads/main refs/remotes/main [4ms]
2025-05-18 01:07:06.133 [info] > git for-each-ref --sort -committerdate --format %(refname)%00%(objectname)%00%(*objectname) [5ms]
2025-05-18 01:07:06.166 [info] > git status -z -uall [51ms]
2025-05-18 01:07:11.278 [info] > git config --get commit.template [7ms]
2025-05-18 01:07:11.279 [info] > git for-each-ref --format=%(refname)%00%(upstream:short)%00%(objectname)%00%(upstream:track)%00%(upstream:remotename)%00%(upstream:remoteref) refs/heads/main refs/remotes/main [1ms]
2025-05-18 01:07:11.293 [info] > git for-each-ref --sort -committerdate --format %(refname)%00%(objectname)%00%(*objectname) [2ms]
2025-05-18 01:07:11.306 [info] > git status -z -uall [21ms]
2025-05-18 01:07:16.727 [info] > git config --get commit.template [9ms]
2025-05-18 01:07:16.728 [info] > git for-each-ref --format=%(refname)%00%(upstream:short)%00%(objectname)%00%(upstream:track)%00%(upstream:remotename)%00%(upstream:remoteref) refs/heads/main refs/remotes/main [2ms]
2025-05-18 01:07:16.746 [info] > git for-each-ref --sort -committerdate --format %(refname)%00%(objectname)%00%(*objectname) [2ms]
2025-05-18 01:07:16.756 [info] > git status -z -uall [20ms]
2025-05-18 01:07:21.873 [info] > git config --get commit.template [15ms]
2025-05-18 01:07:21.874 [info] > git for-each-ref --format=%(refname)%00%(upstream:short)%00%(objectname)%00%(upstream:track)%00%(upstream:remotename)%00%(upstream:remoteref) refs/heads/main refs/remotes/main [2ms]
2025-05-18 01:07:21.890 [info] > git for-each-ref --sort -committerdate --format %(refname)%00%(objectname)%00%(*objectname) [1ms]
2025-05-18 01:07:21.904 [info] > git status -z -uall [23ms]
2025-05-18 01:07:26.988 [info] > git config --get commit.template [6ms]
2025-05-18 01:07:26.989 [info] > git for-each-ref --format=%(refname)%00%(upstream:short)%00%(objectname)%00%(upstream:track)%00%(upstream:remotename)%00%(upstream:remoteref) refs/heads/main refs/remotes/main [1ms]
2025-05-18 01:07:27.004 [info] > git for-each-ref --sort -committerdate --format %(refname)%00%(objectname)%00%(*objectname) [2ms]
2025-05-18 01:07:27.016 [info] > git status -z -uall [20ms]
2025-05-18 01:07:32.969 [info] > git config --get commit.template [4ms]
2025-05-18 01:07:32.979 [info] > git for-each-ref --format=%(refname)%00%(upstream:short)%00%(objectname)%00%(upstream:track)%00%(upstream:remotename)%00%(upstream:remoteref) refs/heads/main refs/remotes/main [3ms]
2025-05-18 01:07:32.999 [info] > git for-each-ref --sort -committerdate --format %(refname)%00%(objectname)%00%(*objectname) [3ms]
2025-05-18 01:07:33.010 [info] > git status -z -uall [21ms]
2025-05-18 01:07:38.097 [info] > git config --get commit.template [5ms]
2025-05-18 01:07:38.098 [info] > git for-each-ref --format=%(refname)%00%(upstream:short)%00%(objectname)%00%(upstream:track)%00%(upstream:remotename)%00%(upstream:remoteref) refs/heads/main refs/remotes/main [1ms]
2025-05-18 01:07:38.114 [info] > git for-each-ref --sort -committerdate --format %(refname)%00%(objectname)%00%(*objectname) [2ms]
2025-05-18 01:07:38.126 [info] > git status -z -uall [19ms]
2025-05-18 01:07:54.081 [info] > git config --get commit.template [12ms]
2025-05-18 01:07:54.082 [info] > git for-each-ref --format=%(refname)%00%(upstream:short)%00%(objectname)%00%(upstream:track)%00%(upstream:remotename)%00%(upstream:remoteref) refs/heads/main refs/remotes/main [2ms]
2025-05-18 01:07:54.105 [info] > git for-each-ref --sort -committerdate --format %(refname)%00%(objectname)%00%(*objectname) [1ms]
2025-05-18 01:07:54.118 [info] > git status -z -uall [24ms]
2025-05-18 01:07:59.211 [info] > git config --get commit.template [8ms]
2025-05-18 01:07:59.211 [info] > git for-each-ref --format=%(refname)%00%(upstream:short)%00%(objectname)%00%(upstream:track)%00%(upstream:remotename)%00%(upstream:remoteref) refs/heads/main refs/remotes/main [1ms]
2025-05-18 01:07:59.228 [info] > git for-each-ref --sort -committerdate --format %(refname)%00%(objectname)%00%(*objectname) [2ms]
2025-05-18 01:07:59.240 [info] > git status -z -uall [21ms]
2025-05-18 01:08:04.348 [info] > git config --get commit.template [6ms]
2025-05-18 01:08:04.349 [info] > git for-each-ref --format=%(refname)%00%(upstream:short)%00%(objectname)%00%(upstream:track)%00%(upstream:remotename)%00%(upstream:remoteref) refs/heads/main refs/remotes/main [1ms]
2025-05-18 01:08:04.361 [info] > git for-each-ref --sort -committerdate --format %(refname)%00%(objectname)%00%(*objectname) [1ms]
2025-05-18 01:08:04.373 [info] > git status -z -uall [18ms]
2025-05-18 01:08:10.976 [info] > git config --get commit.template [8ms]
2025-05-18 01:08:10.977 [info] > git for-each-ref --format=%(refname)%00%(upstream:short)%00%(objectname)%00%(upstream:track)%00%(upstream:remotename)%00%(upstream:remoteref) refs/heads/main refs/remotes/main [1ms]
2025-05-18 01:08:10.993 [info] > git for-each-ref --sort -committerdate --format %(refname)%00%(objectname)%00%(*objectname) [2ms]
2025-05-18 01:08:11.008 [info] > git status -z -uall [24ms]
2025-05-18 01:08:16.124 [info] > git config --get commit.template [18ms]
2025-05-18 01:08:16.127 [info] > git for-each-ref --format=%(refname)%00%(upstream:short)%00%(objectname)%00%(upstream:track)%00%(upstream:remotename)%00%(upstream:remoteref) refs/heads/main refs/remotes/main [4ms]
2025-05-18 01:08:16.165 [info] > git for-each-ref --sort -committerdate --format %(refname)%00%(objectname)%00%(*objectname) [4ms]
2025-05-18 01:08:16.196 [info] > git status -z -uall [52ms]
2025-05-18 01:08:21.306 [info] > git config --get commit.template [9ms]
2025-05-18 01:08:21.307 [info] > git for-each-ref --format=%(refname)%00%(upstream:short)%00%(objectname)%00%(upstream:track)%00%(upstream:remotename)%00%(upstream:remoteref) refs/heads/main refs/remotes/main [2ms]
2025-05-18 01:08:21.320 [info] > git for-each-ref --sort -committerdate --format %(refname)%00%(objectname)%00%(*objectname) [2ms]
2025-05-18 01:08:21.335 [info] > git status -z -uall [22ms]
2025-05-18 01:08:26.518 [info] > git config --get commit.template [15ms]
2025-05-18 01:08:26.518 [info] > git for-each-ref --format=%(refname)%00%(upstream:short)%00%(objectname)%00%(upstream:track)%00%(upstream:remotename)%00%(upstream:remoteref) refs/heads/main refs/remotes/main [1ms]
2025-05-18 01:08:26.531 [info] > git for-each-ref --sort -committerdate --format %(refname)%00%(objectname)%00%(*objectname) [2ms]
2025-05-18 01:08:26.542 [info] > git status -z -uall [18ms]
2025-05-18 01:08:31.632 [info] > git config --get commit.template [3ms]
2025-05-18 01:08:31.641 [info] > git for-each-ref --format=%(refname)%00%(upstream:short)%00%(objectname)%00%(upstream:track)%00%(upstream:remotename)%00%(upstream:remoteref) refs/heads/main refs/remotes/main [2ms]
2025-05-18 01:08:31.657 [info] > git for-each-ref --sort -committerdate --format %(refname)%00%(objectname)%00%(*objectname) [1ms]
2025-05-18 01:08:31.668 [info] > git status -z -uall [19ms]
2025-05-18 01:08:38.298 [info] > git config --get commit.template [9ms]
2025-05-18 01:08:38.299 [info] > git for-each-ref --format=%(refname)%00%(upstream:short)%00%(objectname)%00%(upstream:track)%00%(upstream:remotename)%00%(upstream:remoteref) refs/heads/main refs/remotes/main [2ms]
2025-05-18 01:08:38.313 [info] > git for-each-ref --sort -committerdate --format %(refname)%00%(objectname)%00%(*objectname) [2ms]
2025-05-18 01:08:38.325 [info] > git status -z -uall [20ms]
2025-05-18 01:08:43.409 [info] > git config --get commit.template [6ms]
2025-05-18 01:08:43.410 [info] > git for-each-ref --format=%(refname)%00%(upstream:short)%00%(objectname)%00%(upstream:track)%00%(upstream:remotename)%00%(upstream:remoteref) refs/heads/main refs/remotes/main [1ms]
2025-05-18 01:08:43.423 [info] > git for-each-ref --sort -committerdate --format %(refname)%00%(objectname)%00%(*objectname) [2ms]
2025-05-18 01:08:43.432 [info] > git status -z -uall [16ms]
2025-05-18 01:08:46.558 [info] > git config --get commit.template [1ms]
2025-05-18 01:08:46.566 [info] > git for-each-ref --format=%(refname)%00%(upstream:short)%00%(objectname)%00%(upstream:track)%00%(upstream:remotename)%00%(upstream:remoteref) refs/heads/main refs/remotes/main [1ms]
2025-05-18 01:08:46.582 [info] > git for-each-ref --sort -committerdate --format %(refname)%00%(objectname)%00%(*objectname) [2ms]
2025-05-18 01:08:47.552 [info] > git status -z -uall [979ms]
2025-05-18 01:08:47.905 [info] > git ls-files --stage -- test1.txt [3ms]
2025-05-18 01:08:47.914 [info] > git cat-file -s efd244ced9dc261bf460d9ff644df4c27d8bc60e [1ms]
2025-05-18 01:08:47.930 [info] > git show --textconv :test1.txt [3ms]
2025-05-18 01:08:48.182 [info] > git show --textconv HEAD:test1.txt [10ms]
2025-05-18 01:08:48.183 [info] > git ls-tree -l HEAD -- test1.txt [2ms]
2025-05-18 01:08:48.525 [info] > git config --get commit.template [10ms]
2025-05-18 01:08:48.526 [info] > git for-each-ref --format=%(refname)%00%(upstream:short)%00%(objectname)%00%(upstream:track)%00%(upstream:remotename)%00%(upstream:remoteref) refs/heads/main refs/remotes/main [2ms]
2025-05-18 01:08:48.541 [info] > git for-each-ref --sort -committerdate --format %(refname)%00%(objectname)%00%(*objectname) [1ms]
2025-05-18 01:08:49.318 [info] > git status -z -uall [785ms]
2025-05-18 01:08:54.387 [info] > git config --get commit.template [18ms]
2025-05-18 01:08:54.389 [info] > git for-each-ref --format=%(refname)%00%(upstream:short)%00%(objectname)%00%(upstream:track)%00%(upstream:remotename)%00%(upstream:remoteref) refs/heads/main refs/remotes/main [4ms]
2025-05-18 01:08:54.416 [info] > git for-each-ref --sort -committerdate --format %(refname)%00%(objectname)%00%(*objectname) [2ms]
2025-05-18 01:08:55.199 [info] > git status -z -uall [793ms]
2025-05-18 01:09:00.262 [info] > git config --get commit.template [14ms]
2025-05-18 01:09:00.263 [info] > git for-each-ref --format=%(refname)%00%(upstream:short)%00%(objectname)%00%(upstream:track)%00%(upstream:remotename)%00%(upstream:remoteref) refs/heads/main refs/remotes/main [1ms]
2025-05-18 01:09:00.277 [info] > git for-each-ref --sort -committerdate --format %(refname)%00%(objectname)%00%(*objectname) [2ms]
2025-05-18 01:09:01.066 [info] > git status -z -uall [796ms]
2025-05-18 01:09:06.124 [info] > git config --get commit.template [10ms]
2025-05-18 01:09:06.143 [info] > git for-each-ref --format=%(refname)%00%(upstream:short)%00%(objectname)%00%(upstream:track)%00%(upstream:remotename)%00%(upstream:remoteref) refs/heads/main refs/remotes/main [3ms]
2025-05-18 01:09:06.179 [info] > git for-each-ref --sort -committerdate --format %(refname)%00%(objectname)%00%(*objectname) [4ms]
2025-05-18 01:09:06.993 [info] > git status -z -uall [834ms]
2025-05-18 01:09:12.034 [info] > git config --get commit.template [6ms]
2025-05-18 01:09:12.035 [info] > git for-each-ref --format=%(refname)%00%(upstream:short)%00%(objectname)%00%(upstream:track)%00%(upstream:remotename)%00%(upstream:remoteref) refs/heads/main refs/remotes/main [1ms]
2025-05-18 01:09:12.047 [info] > git for-each-ref --sort -committerdate --format %(refname)%00%(objectname)%00%(*objectname) [1ms]
2025-05-18 01:09:12.829 [info] > git status -z -uall [789ms]
2025-05-18 01:09:17.880 [info] > git config --get commit.template [7ms]
2025-05-18 01:09:17.881 [info] > git for-each-ref --format=%(refname)%00%(upstream:short)%00%(objectname)%00%(upstream:track)%00%(upstream:remotename)%00%(upstream:remoteref) refs/heads/main refs/remotes/main [2ms]
2025-05-18 01:09:17.896 [info] > git for-each-ref --sort -committerdate --format %(refname)%00%(objectname)%00%(*objectname) [1ms]
2025-05-18 01:09:18.684 [info] > git status -z -uall [796ms]
2025-05-18 01:09:23.743 [info] > git config --get commit.template [10ms]
2025-05-18 01:09:23.744 [info] > git for-each-ref --format=%(refname)%00%(upstream:short)%00%(objectname)%00%(upstream:track)%00%(upstream:remotename)%00%(upstream:remoteref) refs/heads/main refs/remotes/main [1ms]
2025-05-18 01:09:23.757 [info] > git for-each-ref --sort -committerdate --format %(refname)%00%(objectname)%00%(*objectname) [1ms]
2025-05-18 01:09:24.566 [info] > git status -z -uall [816ms]
2025-05-18 01:09:29.612 [info] > git config --get commit.template [6ms]
2025-05-18 01:09:29.613 [info] > git for-each-ref --format=%(refname)%00%(upstream:short)%00%(objectname)%00%(upstream:track)%00%(upstream:remotename)%00%(upstream:remoteref) refs/heads/main refs/remotes/main [1ms]
2025-05-18 01:09:29.628 [info] > git for-each-ref --sort -committerdate --format %(refname)%00%(objectname)%00%(*objectname) [2ms]
2025-05-18 01:09:30.420 [info] > git status -z -uall [800ms]
2025-05-18 01:09:35.461 [info] > git config --get commit.template [7ms]
2025-05-18 01:09:35.462 [info] > git for-each-ref --format=%(refname)%00%(upstream:short)%00%(objectname)%00%(upstream:track)%00%(upstream:remotename)%00%(upstream:remoteref) refs/heads/main refs/remotes/main [1ms]
2025-05-18 01:09:35.476 [info] > git for-each-ref --sort -committerdate --format %(refname)%00%(objectname)%00%(*objectname) [1ms]
2025-05-18 01:09:36.274 [info] > git status -z -uall [805ms]
2025-05-18 01:09:41.319 [info] > git config --get commit.template [8ms]
2025-05-18 01:09:41.320 [info] > git for-each-ref --format=%(refname)%00%(upstream:short)%00%(objectname)%00%(upstream:track)%00%(upstream:remotename)%00%(upstream:remoteref) refs/heads/main refs/remotes/main [2ms]
2025-05-18 01:09:41.335 [info] > git for-each-ref --sort -committerdate --format %(refname)%00%(objectname)%00%(*objectname) [2ms]
2025-05-18 01:09:42.122 [info] > git status -z -uall [795ms]
2025-05-18 01:09:47.187 [info] > git config --get commit.template [17ms]
2025-05-18 01:09:47.190 [info] > git for-each-ref --format=%(refname)%00%(upstream:short)%00%(objectname)%00%(upstream:track)%00%(upstream:remotename)%00%(upstream:remoteref) refs/heads/main refs/remotes/main [3ms]
2025-05-18 01:09:47.224 [info] > git for-each-ref --sort -committerdate --format %(refname)%00%(objectname)%00%(*objectname) [3ms]
2025-05-18 01:09:48.029 [info] > git status -z -uall [823ms]
2025-05-18 01:09:53.071 [info] > git config --get commit.template [6ms]
2025-05-18 01:09:53.072 [info] > git for-each-ref --format=%(refname)%00%(upstream:short)%00%(objectname)%00%(upstream:track)%00%(upstream:remotename)%00%(upstream:remoteref) refs/heads/main refs/remotes/main [2ms]
2025-05-18 01:09:53.090 [info] > git for-each-ref --sort -committerdate --format %(refname)%00%(objectname)%00%(*objectname) [2ms]
2025-05-18 01:09:53.877 [info] > git status -z -uall [797ms]
2025-05-18 01:09:58.938 [info] > git config --get commit.template [16ms]
2025-05-18 01:09:58.941 [info] > git for-each-ref --format=%(refname)%00%(upstream:short)%00%(objectname)%00%(upstream:track)%00%(upstream:remotename)%00%(upstream:remoteref) refs/heads/main refs/remotes/main [4ms]
2025-05-18 01:09:58.976 [info] > git for-each-ref --sort -committerdate --format %(refname)%00%(objectname)%00%(*objectname) [4ms]
2025-05-18 01:09:59.788 [info] > git status -z -uall [831ms]
2025-05-18 01:10:04.829 [info] > git config --get commit.template [6ms]
2025-05-18 01:10:04.830 [info] > git for-each-ref --format=%(refname)%00%(upstream:short)%00%(objectname)%00%(upstream:track)%00%(upstream:remotename)%00%(upstream:remoteref) refs/heads/main refs/remotes/main [1ms]
2025-05-18 01:10:04.842 [info] > git for-each-ref --sort -committerdate --format %(refname)%00%(objectname)%00%(*objectname) [1ms]
2025-05-18 01:10:05.625 [info] > git status -z -uall [789ms]
2025-05-18 01:10:10.708 [info] > git config --get commit.template [8ms]
2025-05-18 01:10:10.708 [info] > git for-each-ref --format=%(refname)%00%(upstream:short)%00%(objectname)%00%(upstream:track)%00%(upstream:remotename)%00%(upstream:remoteref) refs/heads/main refs/remotes/main [1ms]
2025-05-18 01:10:10.725 [info] > git for-each-ref --sort -committerdate --format %(refname)%00%(objectname)%00%(*objectname) [2ms]
2025-05-18 01:10:11.499 [info] > git status -z -uall [783ms]
2025-05-18 01:10:16.541 [info] > git config --get commit.template [5ms]
2025-05-18 01:10:16.541 [info] > git for-each-ref --format=%(refname)%00%(upstream:short)%00%(objectname)%00%(upstream:track)%00%(upstream:remotename)%00%(upstream:remoteref) refs/heads/main refs/remotes/main [1ms]
2025-05-18 01:10:16.553 [info] > git for-each-ref --sort -committerdate --format %(refname)%00%(objectname)%00%(*objectname) [1ms]
2025-05-18 01:10:17.326 [info] > git status -z -uall [779ms]
2025-05-18 01:10:22.379 [info] > git config --get commit.template [7ms]
2025-05-18 01:10:22.380 [info] > git for-each-ref --format=%(refname)%00%(upstream:short)%00%(objectname)%00%(upstream:track)%00%(upstream:remotename)%00%(upstream:remoteref) refs/heads/main refs/remotes/main [2ms]
2025-05-18 01:10:22.395 [info] > git for-each-ref --sort -committerdate --format %(refname)%00%(objectname)%00%(*objectname) [2ms]
2025-05-18 01:10:23.175 [info] > git status -z -uall [788ms]
2025-05-18 01:10:24.563 [info] > git ls-files --stage -- test1.txt [6ms]
2025-05-18 01:10:24.569 [info] > git ls-tree -l HEAD -- test1.txt [7ms]
2025-05-18 01:10:24.569 [info] > git cat-file -s efd244ced9dc261bf460d9ff644df4c27d8bc60e [1ms]
2025-05-18 01:10:24.583 [info] > git show --textconv HEAD:test1.txt [6ms]
2025-05-18 01:10:24.584 [info] > git show --textconv :test1.txt [1ms]
2025-05-18 01:10:26.516 [info] > git config --get commit.template [7ms]
2025-05-18 01:10:26.519 [info] > git for-each-ref --format=%(refname)%00%(upstream:short)%00%(objectname)%00%(upstream:track)%00%(upstream:remotename)%00%(upstream:remoteref) refs/heads/main refs/remotes/main [3ms]
2025-05-18 01:10:26.536 [info] > git for-each-ref --sort -committerdate --format %(refname)%00%(objectname)%00%(*objectname) [2ms]
2025-05-18 01:10:26.538 [info] > git status -z -uall [12ms]
2025-05-18 01:10:26.570 [info] > git blame --root --incremental afeb515a8c4695a89ced0d52b3b4c6b08724f57c -- test1.txt [11ms]
2025-05-18 01:10:26.572 [info] > git merge-base refs/heads/main refs/remotes/origin/main [6ms]
2025-05-18 01:10:26.582 [info] > git diff --name-status -z --diff-filter=ADMR 78add7191df750e7d74d2b3e1ecbebc0595b35d4...refs/remotes/origin/main [3ms]
2025-05-18 01:10:28.234 [info] > git config --get commit.template [9ms]
2025-05-18 01:10:28.235 [info] > git for-each-ref --format=%(refname)%00%(upstream:short)%00%(objectname)%00%(upstream:track)%00%(upstream:remotename)%00%(upstream:remoteref) refs/heads/main refs/remotes/main [1ms]
2025-05-18 01:10:28.249 [info] > git for-each-ref --sort -committerdate --format %(refname)%00%(objectname)%00%(*objectname) [2ms]
2025-05-18 01:10:28.251 [info] > git status -z -uall [9ms]
2025-05-18 01:10:33.270 [info] > git config --get commit.template [9ms]
2025-05-18 01:10:33.271 [info] > git for-each-ref --format=%(refname)%00%(upstream:short)%00%(objectname)%00%(upstream:track)%00%(upstream:remotename)%00%(upstream:remoteref) refs/heads/main refs/remotes/main [2ms]
2025-05-18 01:10:33.290 [info] > git for-each-ref --sort -committerdate --format %(refname)%00%(objectname)%00%(*objectname) [2ms]
2025-05-18 01:10:33.294 [info] > git status -z -uall [15ms]
2025-05-18 01:10:38.308 [info] > git config --get commit.template [5ms]
2025-05-18 01:10:38.309 [info] > git for-each-ref --format=%(refname)%00%(upstream:short)%00%(objectname)%00%(upstream:track)%00%(upstream:remotename)%00%(upstream:remoteref) refs/heads/main refs/remotes/main [1ms]
2025-05-18 01:10:38.322 [info] > git for-each-ref --sort -committerdate --format %(refname)%00%(objectname)%00%(*objectname) [2ms]
2025-05-18 01:10:38.324 [info] > git status -z -uall [10ms]
2025-05-18 01:10:55.216 [info] > git config --get commit.template [8ms]
2025-05-18 01:10:55.217 [info] > git for-each-ref --format=%(refname)%00%(upstream:short)%00%(objectname)%00%(upstream:track)%00%(upstream:remotename)%00%(upstream:remoteref) refs/heads/main refs/remotes/main [2ms]
2025-05-18 01:10:55.232 [info] > git for-each-ref --sort -committerdate --format %(refname)%00%(objectname)%00%(*objectname) [2ms]
2025-05-18 01:10:55.235 [info] > git status -z -uall [11ms]
2025-05-18 01:10:55.245 [info] > git merge-base refs/heads/main refs/remotes/origin/main [2ms]
2025-05-18 01:10:55.254 [info] > git diff --name-status -z --diff-filter=ADMR afeb515a8c4695a89ced0d52b3b4c6b08724f57c...refs/remotes/origin/main [2ms]
2025-05-18 01:11:13.326 [info] > git config --get commit.template [13ms]
2025-05-18 01:11:13.334 [info] > git ls-files --stage -- test1.txt [9ms]
2025-05-18 01:11:13.343 [info] > git for-each-ref --format=%(refname)%00%(upstream:short)%00%(objectname)%00%(upstream:track)%00%(upstream:remotename)%00%(upstream:remoteref) refs/heads/main refs/remotes/main [9ms]
2025-05-18 01:11:13.344 [info] > git cat-file -s efd244ced9dc261bf460d9ff644df4c27d8bc60e [2ms]
2025-05-18 01:11:13.361 [info] > git for-each-ref --sort -committerdate --format %(refname)%00%(objectname)%00%(*objectname) [2ms]
2025-05-18 01:11:13.371 [info] > git status -z -uall [20ms]
2025-05-18 01:11:13.373 [info] > git show --textconv :test1.txt [2ms]
2025-05-18 01:14:09.927 [info] > git config --get commit.template [7ms]
2025-05-18 01:14:09.928 [info] > git for-each-ref --format=%(refname)%00%(upstream:short)%00%(objectname)%00%(upstream:track)%00%(upstream:remotename)%00%(upstream:remoteref) refs/heads/main refs/remotes/main [1ms]
2025-05-18 01:14:09.949 [info] > git for-each-ref --sort -committerdate --format %(refname)%00%(objectname)%00%(*objectname) [2ms]
2025-05-18 01:14:09.952 [info] > git status -z -uall [14ms]
2025-05-18 01:14:14.991 [info] > git config --get commit.template [17ms]
2025-05-18 01:14:14.994 [info] > git for-each-ref --format=%(refname)%00%(upstream:short)%00%(objectname)%00%(upstream:track)%00%(upstream:remotename)%00%(upstream:remoteref) refs/heads/main refs/remotes/main [4ms]
2025-05-18 01:14:15.023 [info] > git for-each-ref --sort -committerdate --format %(refname)%00%(objectname)%00%(*objectname) [2ms]
2025-05-18 01:14:15.025 [info] > git status -z -uall [13ms]
2025-05-18 01:14:20.038 [info] > git config --get commit.template [4ms]
2025-05-18 01:14:20.046 [info] > git for-each-ref --format=%(refname)%00%(upstream:short)%00%(objectname)%00%(upstream:track)%00%(upstream:remotename)%00%(upstream:remoteref) refs/heads/main refs/remotes/main [2ms]
2025-05-18 01:14:20.063 [info] > git for-each-ref --sort -committerdate --format %(refname)%00%(objectname)%00%(*objectname) [3ms]
2025-05-18 01:14:20.066 [info] > git status -z -uall [12ms]
2025-05-18 01:14:25.080 [info] > git config --get commit.template [6ms]
2025-05-18 01:14:25.081 [info] > git for-each-ref --format=%(refname)%00%(upstream:short)%00%(objectname)%00%(upstream:track)%00%(upstream:remotename)%00%(upstream:remoteref) refs/heads/main refs/remotes/main [1ms]
2025-05-18 01:14:25.095 [info] > git for-each-ref --sort -committerdate --format %(refname)%00%(objectname)%00%(*objectname) [2ms]
2025-05-18 01:14:25.108 [info] > git status -z -uall [21ms]
2025-05-18 01:14:30.124 [info] > git config --get commit.template [7ms]
2025-05-18 01:14:30.125 [info] > git for-each-ref --format=%(refname)%00%(upstream:short)%00%(objectname)%00%(upstream:track)%00%(upstream:remotename)%00%(upstream:remoteref) refs/heads/main refs/remotes/main [1ms]
2025-05-18 01:14:30.140 [info] > git for-each-ref --sort -committerdate --format %(refname)%00%(objectname)%00%(*objectname) [2ms]
2025-05-18 01:14:30.142 [info] > git status -z -uall [10ms]
2025-05-18 01:14:35.157 [info] > git config --get commit.template [6ms]
2025-05-18 01:14:35.157 [info] > git for-each-ref --format=%(refname)%00%(upstream:short)%00%(objectname)%00%(upstream:track)%00%(upstream:remotename)%00%(upstream:remoteref) refs/heads/main refs/remotes/main [1ms]
2025-05-18 01:14:35.169 [info] > git for-each-ref --sort -committerdate --format %(refname)%00%(objectname)%00%(*objectname) [1ms]
2025-05-18 01:14:35.172 [info] > git status -z -uall [9ms]
2025-05-18 01:14:40.189 [info] > git config --get commit.template [8ms]
2025-05-18 01:14:40.189 [info] > git for-each-ref --format=%(refname)%00%(upstream:short)%00%(objectname)%00%(upstream:track)%00%(upstream:remotename)%00%(upstream:remoteref) refs/heads/main refs/remotes/main [1ms]
2025-05-18 01:14:40.206 [info] > git for-each-ref --sort -committerdate --format %(refname)%00%(objectname)%00%(*objectname) [2ms]
2025-05-18 01:14:40.207 [info] > git status -z -uall [12ms]
2025-05-18 01:14:45.225 [info] > git config --get commit.template [7ms]
2025-05-18 01:14:45.226 [info] > git for-each-ref --format=%(refname)%00%(upstream:short)%00%(objectname)%00%(upstream:track)%00%(upstream:remotename)%00%(upstream:remoteref) refs/heads/main refs/remotes/main [2ms]
2025-05-18 01:14:45.241 [info] > git for-each-ref --sort -committerdate --format %(refname)%00%(objectname)%00%(*objectname) [2ms]
2025-05-18 01:14:45.243 [info] > git status -z -uall [10ms]
2025-05-18 01:15:41.253 [info] > git config --get commit.template [3ms]
2025-05-18 01:15:41.265 [info] > git for-each-ref --format=%(refname)%00%(upstream:short)%00%(objectname)%00%(upstream:track)%00%(upstream:remotename)%00%(upstream:remoteref) refs/heads/main refs/remotes/main [3ms]
2025-05-18 01:15:41.283 [info] > git for-each-ref --sort -committerdate --format %(refname)%00%(objectname)%00%(*objectname) [1ms]
2025-05-18 01:15:41.287 [info] > git status -z -uall [14ms]
2025-05-18 01:15:41.475 [info] > git show --textconv :part1_EL.y [11ms]
2025-05-18 01:15:41.476 [info] > git ls-files --stage -- part1_EL.y [4ms]
2025-05-18 01:15:41.485 [info] > git cat-file -s cd287c9ac150d9623bc0ebb2faa552ff617e6f4f [1ms]
2025-05-18 01:15:41.567 [info] > git blame --root --incremental afeb515a8c4695a89ced0d52b3b4c6b08724f57c -- part1_EL.y [22ms]
2025-05-18 01:15:46.320 [info] > git config --get commit.template [10ms]
2025-05-18 01:15:46.321 [info] > git for-each-ref --format=%(refname)%00%(upstream:short)%00%(objectname)%00%(upstream:track)%00%(upstream:remotename)%00%(upstream:remoteref) refs/heads/main refs/remotes/main [1ms]
2025-05-18 01:15:46.336 [info] > git for-each-ref --sort -committerdate --format %(refname)%00%(objectname)%00%(*objectname) [2ms]
2025-05-18 01:15:46.339 [info] > git status -z -uall [11ms]
2025-05-18 01:15:51.354 [info] > git config --get commit.template [6ms]
2025-05-18 01:15:51.355 [info] > git for-each-ref --format=%(refname)%00%(upstream:short)%00%(objectname)%00%(upstream:track)%00%(upstream:remotename)%00%(upstream:remoteref) refs/heads/main refs/remotes/main [1ms]
2025-05-18 01:15:51.369 [info] > git for-each-ref --sort -committerdate --format %(refname)%00%(objectname)%00%(*objectname) [1ms]
2025-05-18 01:15:51.372 [info] > git status -z -uall [11ms]
2025-05-18 01:15:56.394 [info] > git config --get commit.template [4ms]
2025-05-18 01:15:56.402 [info] > git for-each-ref --format=%(refname)%00%(upstream:short)%00%(objectname)%00%(upstream:track)%00%(upstream:remotename)%00%(upstream:remoteref) refs/heads/main refs/remotes/main [2ms]
2025-05-18 01:15:56.416 [info] > git for-each-ref --sort -committerdate --format %(refname)%00%(objectname)%00%(*objectname) [2ms]
2025-05-18 01:15:56.419 [info] > git status -z -uall [11ms]
2025-05-18 01:16:01.455 [info] > git config --get commit.template [16ms]
2025-05-18 01:16:01.456 [info] > git for-each-ref --format=%(refname)%00%(upstream:short)%00%(objectname)%00%(upstream:track)%00%(upstream:remotename)%00%(upstream:remoteref) refs/heads/main refs/remotes/main [3ms]
2025-05-18 01:16:01.486 [info] > git for-each-ref --sort -committerdate --format %(refname)%00%(objectname)%00%(*objectname) [4ms]
2025-05-18 01:16:01.489 [info] > git status -z -uall [18ms]
2025-05-18 01:16:06.532 [info] > git config --get commit.template [18ms]
2025-05-18 01:16:06.536 [info] > git for-each-ref --format=%(refname)%00%(upstream:short)%00%(objectname)%00%(upstream:track)%00%(upstream:remotename)%00%(upstream:remoteref) refs/heads/main refs/remotes/main [5ms]
2025-05-18 01:16:06.574 [info] > git for-each-ref --sort -committerdate --format %(refname)%00%(objectname)%00%(*objectname) [5ms]
2025-05-18 01:16:06.579 [info] > git status -z -uall [25ms]
2025-05-18 01:16:11.623 [info] > git for-each-ref --format=%(refname)%00%(upstream:short)%00%(objectname)%00%(upstream:track)%00%(upstream:remotename)%00%(upstream:remoteref) refs/heads/main refs/remotes/main [6ms]
2025-05-18 01:16:11.624 [info] > git config --get commit.template [24ms]
2025-05-18 01:16:11.648 [info] > git for-each-ref --sort -committerdate --format %(refname)%00%(objectname)%00%(*objectname) [2ms]
2025-05-18 01:16:11.650 [info] > git status -z -uall [10ms]
2025-05-18 01:16:16.679 [info] > git config --get commit.template [7ms]
2025-05-18 01:16:16.680 [info] > git for-each-ref --format=%(refname)%00%(upstream:short)%00%(objectname)%00%(upstream:track)%00%(upstream:remotename)%00%(upstream:remoteref) refs/heads/main refs/remotes/main [2ms]
2025-05-18 01:16:16.695 [info] > git for-each-ref --sort -committerdate --format %(refname)%00%(objectname)%00%(*objectname) [2ms]
2025-05-18 01:16:16.697 [info] > git status -z -uall [11ms]
2025-05-18 01:16:21.726 [info] > git config --get commit.template [13ms]
2025-05-18 01:16:21.728 [info] > git for-each-ref --format=%(refname)%00%(upstream:short)%00%(objectname)%00%(upstream:track)%00%(upstream:remotename)%00%(upstream:remoteref) refs/heads/main refs/remotes/main [3ms]
2025-05-18 01:16:21.751 [info] > git for-each-ref --sort -committerdate --format %(refname)%00%(objectname)%00%(*objectname) [3ms]
2025-05-18 01:16:21.754 [info] > git status -z -uall [14ms]
2025-05-18 01:16:26.775 [info] > git config --get commit.template [9ms]
2025-05-18 01:16:26.775 [info] > git for-each-ref --format=%(refname)%00%(upstream:short)%00%(objectname)%00%(upstream:track)%00%(upstream:remotename)%00%(upstream:remoteref) refs/heads/main refs/remotes/main [1ms]
2025-05-18 01:16:26.791 [info] > git for-each-ref --sort -committerdate --format %(refname)%00%(objectname)%00%(*objectname) [3ms]
2025-05-18 01:16:26.792 [info] > git status -z -uall [10ms]
2025-05-18 01:16:32.495 [info] > git config --get commit.template [2ms]
2025-05-18 01:16:32.507 [info] > git for-each-ref --format=%(refname)%00%(upstream:short)%00%(objectname)%00%(upstream:track)%00%(upstream:remotename)%00%(upstream:remoteref) refs/heads/main refs/remotes/main [1ms]
2025-05-18 01:16:32.525 [info] > git for-each-ref --sort -committerdate --format %(refname)%00%(objectname)%00%(*objectname) [2ms]
2025-05-18 01:16:32.528 [info] > git status -z -uall [13ms]
2025-05-18 01:16:37.542 [info] > git config --get commit.template [6ms]
2025-05-18 01:16:37.543 [info] > git for-each-ref --format=%(refname)%00%(upstream:short)%00%(objectname)%00%(upstream:track)%00%(upstream:remotename)%00%(upstream:remoteref) refs/heads/main refs/remotes/main [2ms]
2025-05-18 01:16:37.555 [info] > git for-each-ref --sort -committerdate --format %(refname)%00%(objectname)%00%(*objectname) [1ms]
2025-05-18 01:16:37.557 [info] > git status -z -uall [9ms]
2025-05-18 01:16:42.602 [info] > git config --get commit.template [19ms]
2025-05-18 01:16:42.604 [info] > git for-each-ref --format=%(refname)%00%(upstream:short)%00%(objectname)%00%(upstream:track)%00%(upstream:remotename)%00%(upstream:remoteref) refs/heads/main refs/remotes/main [4ms]
2025-05-18 01:16:42.643 [info] > git for-each-ref --sort -committerdate --format %(refname)%00%(objectname)%00%(*objectname) [5ms]
2025-05-18 01:16:42.647 [info] > git status -z -uall [24ms]
2025-05-18 01:16:47.662 [info] > git config --get commit.template [6ms]
2025-05-18 01:16:47.663 [info] > git for-each-ref --format=%(refname)%00%(upstream:short)%00%(objectname)%00%(upstream:track)%00%(upstream:remotename)%00%(upstream:remoteref) refs/heads/main refs/remotes/main [1ms]
2025-05-18 01:16:47.677 [info] > git for-each-ref --sort -committerdate --format %(refname)%00%(objectname)%00%(*objectname) [2ms]
2025-05-18 01:16:47.680 [info] > git status -z -uall [11ms]
2025-05-18 01:16:52.703 [info] > git config --get commit.template [7ms]
2025-05-18 01:16:52.704 [info] > git for-each-ref --format=%(refname)%00%(upstream:short)%00%(objectname)%00%(upstream:track)%00%(upstream:remotename)%00%(upstream:remoteref) refs/heads/main refs/remotes/main [1ms]
2025-05-18 01:16:52.719 [info] > git for-each-ref --sort -committerdate --format %(refname)%00%(objectname)%00%(*objectname) [2ms]
2025-05-18 01:16:52.722 [info] > git status -z -uall [11ms]
2025-05-18 01:16:57.763 [info] > git config --get commit.template [19ms]
2025-05-18 01:16:57.766 [info] > git for-each-ref --format=%(refname)%00%(upstream:short)%00%(objectname)%00%(upstream:track)%00%(upstream:remotename)%00%(upstream:remoteref) refs/heads/main refs/remotes/main [5ms]
2025-05-18 01:16:57.792 [info] > git for-each-ref --sort -committerdate --format %(refname)%00%(objectname)%00%(*objectname) [2ms]
2025-05-18 01:16:57.797 [info] > git status -z -uall [17ms]
2025-05-18 01:16:59.010 [info] > git show --textconv :part1_EL.tab.c [6ms]
2025-05-18 01:16:59.012 [info] > git ls-files --stage -- part1_EL.tab.c [3ms]
2025-05-18 01:16:59.021 [info] > git cat-file -s 096f86e59a71229ad066ad3000683f5fd618f542 [1ms]
2025-05-18 01:16:59.483 [info] > git show --textconv :part1_EL.tab.h [19ms]
2025-05-18 01:16:59.487 [info] > git ls-files --stage -- part1_EL.tab.h [6ms]
2025-05-18 01:16:59.498 [info] > git cat-file -s 02cb43cec5f1e315c3c88464ecea39064d19c977 [1ms]
2025-05-18 01:17:03.188 [info] > git config --get commit.template [10ms]
2025-05-18 01:17:03.190 [info] > git for-each-ref --format=%(refname)%00%(upstream:short)%00%(objectname)%00%(upstream:track)%00%(upstream:remotename)%00%(upstream:remoteref) refs/heads/main refs/remotes/main [3ms]
2025-05-18 01:17:03.210 [info] > git for-each-ref --sort -committerdate --format %(refname)%00%(objectname)%00%(*objectname) [2ms]
2025-05-18 01:17:03.213 [info] > git status -z -uall [14ms]
2025-05-18 01:17:03.582 [info] > git show --textconv :part1_EL.y [6ms]
2025-05-18 01:17:03.583 [info] > git ls-files --stage -- part1_EL.y [2ms]
2025-05-18 01:17:03.591 [info] > git cat-file -s cd287c9ac150d9623bc0ebb2faa552ff617e6f4f [1ms]
2025-05-18 01:17:04.704 [info] > git show --textconv :part1_EL.tab.c [7ms]
2025-05-18 01:17:04.705 [info] > git ls-files --stage -- part1_EL.tab.c [2ms]
2025-05-18 01:17:04.713 [info] > git cat-file -s 096f86e59a71229ad066ad3000683f5fd618f542 [1ms]
2025-05-18 01:17:08.236 [info] > git show --textconv :part1_EL.y [8ms]
2025-05-18 01:17:08.237 [info] > git config --get commit.template [15ms]
2025-05-18 01:17:08.247 [info] > git for-each-ref --format=%(refname)%00%(upstream:short)%00%(objectname)%00%(upstream:track)%00%(upstream:remotename)%00%(upstream:remoteref) refs/heads/main refs/remotes/main [4ms]
2025-05-18 01:17:08.248 [info] > git ls-files --stage -- part1_EL.y [12ms]
2025-05-18 01:17:08.268 [info] > git cat-file -s cd287c9ac150d9623bc0ebb2faa552ff617e6f4f [14ms]
2025-05-18 01:17:08.269 [info] > git for-each-ref --sort -committerdate --format %(refname)%00%(objectname)%00%(*objectname) [2ms]
2025-05-18 01:17:08.270 [info] > git status -z -uall [10ms]
2025-05-18 01:17:12.312 [info] > git show --textconv :part1_EL.y [7ms]
2025-05-18 01:17:12.313 [info] > git ls-files --stage -- part1_EL.y [2ms]
2025-05-18 01:17:12.320 [info] > git cat-file -s cd287c9ac150d9623bc0ebb2faa552ff617e6f4f [1ms]
2025-05-18 01:17:13.305 [info] > git config --get commit.template [13ms]
2025-05-18 01:17:13.306 [info] > git for-each-ref --format=%(refname)%00%(upstream:short)%00%(objectname)%00%(upstream:track)%00%(upstream:remotename)%00%(upstream:remoteref) refs/heads/main refs/remotes/main [2ms]
2025-05-18 01:17:13.326 [info] > git for-each-ref --sort -committerdate --format %(refname)%00%(objectname)%00%(*objectname) [2ms]
2025-05-18 01:17:13.330 [info] > git status -z -uall [13ms]
2025-05-18 01:17:18.345 [info] > git config --get commit.template [6ms]
2025-05-18 01:17:18.345 [info] > git for-each-ref --format=%(refname)%00%(upstream:short)%00%(objectname)%00%(upstream:track)%00%(upstream:remotename)%00%(upstream:remoteref) refs/heads/main refs/remotes/main [1ms]
2025-05-18 01:17:18.361 [info] > git for-each-ref --sort -committerdate --format %(refname)%00%(objectname)%00%(*objectname) [2ms]
2025-05-18 01:17:18.363 [info] > git status -z -uall [11ms]
2025-05-18 01:17:23.379 [info] > git config --get commit.template [7ms]
2025-05-18 01:17:23.380 [info] > git for-each-ref --format=%(refname)%00%(upstream:short)%00%(objectname)%00%(upstream:track)%00%(upstream:remotename)%00%(upstream:remoteref) refs/heads/main refs/remotes/main [1ms]
2025-05-18 01:17:23.394 [info] > git for-each-ref --sort -committerdate --format %(refname)%00%(objectname)%00%(*objectname) [1ms]
2025-05-18 01:17:23.396 [info] > git status -z -uall [9ms]
2025-05-18 01:17:28.415 [info] > git config --get commit.template [7ms]
2025-05-18 01:17:28.416 [info] > git for-each-ref --format=%(refname)%00%(upstream:short)%00%(objectname)%00%(upstream:track)%00%(upstream:remotename)%00%(upstream:remoteref) refs/heads/main refs/remotes/main [1ms]
2025-05-18 01:17:28.432 [info] > git for-each-ref --sort -committerdate --format %(refname)%00%(objectname)%00%(*objectname) [2ms]
2025-05-18 01:17:28.436 [info] > git status -z -uall [12ms]
2025-05-18 01:17:33.465 [info] > git config --get commit.template [7ms]
2025-05-18 01:17:33.466 [info] > git for-each-ref --format=%(refname)%00%(upstream:short)%00%(objectname)%00%(upstream:track)%00%(upstream:remotename)%00%(upstream:remoteref) refs/heads/main refs/remotes/main [1ms]
2025-05-18 01:17:33.482 [info] > git for-each-ref --sort -committerdate --format %(refname)%00%(objectname)%00%(*objectname) [2ms]
2025-05-18 01:17:33.484 [info] > git status -z -uall [10ms]
2025-05-18 01:17:38.514 [info] > git config --get commit.template [6ms]
2025-05-18 01:17:38.537 [info] > git for-each-ref --format=%(refname)%00%(upstream:short)%00%(objectname)%00%(upstream:track)%00%(upstream:remotename)%00%(upstream:remoteref) refs/heads/main refs/remotes/main [5ms]
2025-05-18 01:17:38.576 [info] > git for-each-ref --sort -committerdate --format %(refname)%00%(objectname)%00%(*objectname) [3ms]
2025-05-18 01:17:38.582 [info] > git status -z -uall [26ms]
2025-05-18 01:17:43.063 [info] > git show --textconv :test1.txt [8ms]
2025-05-18 01:17:43.064 [info] > git ls-files --stage -- test1.txt [1ms]
2025-05-18 01:17:43.073 [info] > git cat-file -s efd244ced9dc261bf460d9ff644df4c27d8bc60e [2ms]
2025-05-18 01:17:43.623 [info] > git config --get commit.template [16ms]
2025-05-18 01:17:43.624 [info] > git for-each-ref --format=%(refname)%00%(upstream:short)%00%(objectname)%00%(upstream:track)%00%(upstream:remotename)%00%(upstream:remoteref) refs/heads/main refs/remotes/main [2ms]
2025-05-18 01:17:43.643 [info] > git for-each-ref --sort -committerdate --format %(refname)%00%(objectname)%00%(*objectname) [2ms]
2025-05-18 01:17:43.645 [info] > git status -z -uall [12ms]
2025-05-18 01:17:48.067 [info] > git show --textconv :part1_EL.y [19ms]
2025-05-18 01:17:48.069 [info] > git ls-files --stage -- part1_EL.y [3ms]
2025-05-18 01:17:48.081 [info] > git cat-file -s cd287c9ac150d9623bc0ebb2faa552ff617e6f4f [2ms]
2025-05-18 01:17:48.673 [info] > git config --get commit.template [12ms]
2025-05-18 01:17:48.674 [info] > git for-each-ref --format=%(refname)%00%(upstream:short)%00%(objectname)%00%(upstream:track)%00%(upstream:remotename)%00%(upstream:remoteref) refs/heads/main refs/remotes/main [2ms]
2025-05-18 01:17:48.699 [info] > git for-each-ref --sort -committerdate --format %(refname)%00%(objectname)%00%(*objectname) [3ms]
2025-05-18 01:17:48.703 [info] > git status -z -uall [17ms]
2025-05-18 01:17:53.730 [info] > git config --get commit.template [8ms]
2025-05-18 01:17:53.731 [info] > git for-each-ref --format=%(refname)%00%(upstream:short)%00%(objectname)%00%(upstream:track)%00%(upstream:remotename)%00%(upstream:remoteref) refs/heads/main refs/remotes/main [2ms]
2025-05-18 01:17:53.748 [info] > git for-each-ref --sort -committerdate --format %(refname)%00%(objectname)%00%(*objectname) [2ms]
2025-05-18 01:17:53.752 [info] > git status -z -uall [13ms]
2025-05-18 01:17:58.764 [info] > git config --get commit.template [3ms]
2025-05-18 01:17:58.774 [info] > git for-each-ref --format=%(refname)%00%(upstream:short)%00%(objectname)%00%(upstream:track)%00%(upstream:remotename)%00%(upstream:remoteref) refs/heads/main refs/remotes/main [1ms]
2025-05-18 01:17:58.791 [info] > git for-each-ref --sort -committerdate --format %(refname)%00%(objectname)%00%(*objectname) [2ms]
2025-05-18 01:17:58.795 [info] > git status -z -uall [14ms]
2025-05-18 01:18:03.812 [info] > git config --get commit.template [8ms]
2025-05-18 01:18:03.813 [info] > git for-each-ref --format=%(refname)%00%(upstream:short)%00%(objectname)%00%(upstream:track)%00%(upstream:remotename)%00%(upstream:remoteref) refs/heads/main refs/remotes/main [1ms]
2025-05-18 01:18:03.831 [info] > git for-each-ref --sort -committerdate --format %(refname)%00%(objectname)%00%(*objectname) [3ms]
2025-05-18 01:18:03.833 [info] > git status -z -uall [13ms]
2025-05-18 01:18:08.862 [info] > git config --get commit.template [3ms]
2025-05-18 01:18:08.871 [info] > git for-each-ref --format=%(refname)%00%(upstream:short)%00%(objectname)%00%(upstream:track)%00%(upstream:remotename)%00%(upstream:remoteref) refs/heads/main refs/remotes/main [2ms]
2025-05-18 01:18:08.886 [info] > git for-each-ref --sort -committerdate --format %(refname)%00%(objectname)%00%(*objectname) [1ms]
2025-05-18 01:18:08.890 [info] > git status -z -uall [11ms]
2025-05-18 01:18:12.776 [info] > git show --textconv :test1.txt [9ms]
2025-05-18 01:18:12.777 [info] > git ls-files --stage -- test1.txt [4ms]
2025-05-18 01:18:12.785 [info] > git cat-file -s efd244ced9dc261bf460d9ff644df4c27d8bc60e [1ms]
2025-05-18 01:18:13.908 [info] > git config --get commit.template [9ms]
2025-05-18 01:18:13.910 [info] > git for-each-ref --format=%(refname)%00%(upstream:short)%00%(objectname)%00%(upstream:track)%00%(upstream:remotename)%00%(upstream:remoteref) refs/heads/main refs/remotes/main [3ms]
2025-05-18 01:18:13.929 [info] > git status -z -uall [12ms]
2025-05-18 01:18:13.930 [info] > git for-each-ref --sort -committerdate --format %(refname)%00%(objectname)%00%(*objectname) [2ms]
2025-05-18 01:18:18.966 [info] > git config --get commit.template [11ms]
2025-05-18 01:18:18.967 [info] > git for-each-ref --format=%(refname)%00%(upstream:short)%00%(objectname)%00%(upstream:track)%00%(upstream:remotename)%00%(upstream:remoteref) refs/heads/main refs/remotes/main [1ms]
2025-05-18 01:18:18.982 [info] > git for-each-ref --sort -committerdate --format %(refname)%00%(objectname)%00%(*objectname) [1ms]
2025-05-18 01:18:18.986 [info] > git status -z -uall [12ms]
2025-05-18 01:18:24.008 [info] > git config --get commit.template [9ms]
2025-05-18 01:18:24.010 [info] > git for-each-ref --format=%(refname)%00%(upstream:short)%00%(objectname)%00%(upstream:track)%00%(upstream:remotename)%00%(upstream:remoteref) refs/heads/main refs/remotes/main [2ms]
2025-05-18 01:18:24.030 [info] > git for-each-ref --sort -committerdate --format %(refname)%00%(objectname)%00%(*objectname) [3ms]
2025-05-18 01:18:24.035 [info] > git status -z -uall [16ms]
2025-05-18 01:18:29.055 [info] > git config --get commit.template [3ms]
2025-05-18 01:18:29.064 [info] > git for-each-ref --format=%(refname)%00%(upstream:short)%00%(objectname)%00%(upstream:track)%00%(upstream:remotename)%00%(upstream:remoteref) refs/heads/main refs/remotes/main [1ms]
2025-05-18 01:18:29.083 [info] > git for-each-ref --sort -committerdate --format %(refname)%00%(objectname)%00%(*objectname) [2ms]
2025-05-18 01:18:29.087 [info] > git status -z -uall [13ms]
2025-05-18 01:18:34.118 [info] > git config --get commit.template [8ms]
2025-05-18 01:18:34.139 [info] > git for-each-ref --format=%(refname)%00%(upstream:short)%00%(objectname)%00%(upstream:track)%00%(upstream:remotename)%00%(upstream:remoteref) refs/heads/main refs/remotes/main [5ms]
2025-05-18 01:18:34.168 [info] > git for-each-ref --sort -committerdate --format %(refname)%00%(objectname)%00%(*objectname) [2ms]
2025-05-18 01:18:34.171 [info] > git status -z -uall [17ms]
2025-05-18 01:18:39.206 [info] > git config --get commit.template [9ms]
2025-05-18 01:18:39.207 [info] > git for-each-ref --format=%(refname)%00%(upstream:short)%00%(objectname)%00%(upstream:track)%00%(upstream:remotename)%00%(upstream:remoteref) refs/heads/main refs/remotes/main [2ms]
2025-05-18 01:18:39.222 [info] > git for-each-ref --sort -committerdate --format %(refname)%00%(objectname)%00%(*objectname) [2ms]
2025-05-18 01:18:39.225 [info] > git status -z -uall [11ms]
2025-05-18 01:18:44.241 [info] > git config --get commit.template [7ms]
2025-05-18 01:18:44.242 [info] > git for-each-ref --format=%(refname)%00%(upstream:short)%00%(objectname)%00%(upstream:track)%00%(upstream:remotename)%00%(upstream:remoteref) refs/heads/main refs/remotes/main [1ms]
2025-05-18 01:18:44.257 [info] > git for-each-ref --sort -committerdate --format %(refname)%00%(objectname)%00%(*objectname) [1ms]
2025-05-18 01:18:44.260 [info] > git status -z -uall [11ms]
2025-05-18 01:18:49.277 [info] > git config --get commit.template [7ms]
2025-05-18 01:18:49.278 [info] > git for-each-ref --format=%(refname)%00%(upstream:short)%00%(objectname)%00%(upstream:track)%00%(upstream:remotename)%00%(upstream:remoteref) refs/heads/main refs/remotes/main [1ms]
2025-05-18 01:18:49.294 [info] > git for-each-ref --sort -committerdate --format %(refname)%00%(objectname)%00%(*objectname) [1ms]
2025-05-18 01:18:49.297 [info] > git status -z -uall [12ms]
2025-05-18 01:18:54.310 [info] > git config --get commit.template [2ms]
2025-05-18 01:18:54.320 [info] > git for-each-ref --format=%(refname)%00%(upstream:short)%00%(objectname)%00%(upstream:track)%00%(upstream:remotename)%00%(upstream:remoteref) refs/heads/main refs/remotes/main [2ms]
2025-05-18 01:18:54.336 [info] > git for-each-ref --sort -committerdate --format %(refname)%00%(objectname)%00%(*objectname) [2ms]
2025-05-18 01:18:54.337 [info] > git status -z -uall [10ms]
2025-05-18 01:18:59.362 [info] > git config --get commit.template [8ms]
2025-05-18 01:18:59.363 [info] > git for-each-ref --format=%(refname)%00%(upstream:short)%00%(objectname)%00%(upstream:track)%00%(upstream:remotename)%00%(upstream:remoteref) refs/heads/main refs/remotes/main [2ms]
2025-05-18 01:18:59.380 [info] > git for-each-ref --sort -committerdate --format %(refname)%00%(objectname)%00%(*objectname) [1ms]
2025-05-18 01:18:59.382 [info] > git status -z -uall [11ms]
2025-05-18 01:19:04.417 [info] > git config --get commit.template [11ms]
2025-05-18 01:19:04.419 [info] > git for-each-ref --format=%(refname)%00%(upstream:short)%00%(objectname)%00%(upstream:track)%00%(upstream:remotename)%00%(upstream:remoteref) refs/heads/main refs/remotes/main [2ms]
2025-05-18 01:19:04.437 [info] > git for-each-ref --sort -committerdate --format %(refname)%00%(objectname)%00%(*objectname) [2ms]
2025-05-18 01:19:04.438 [info] > git status -z -uall [11ms]
2025-05-18 01:19:09.476 [info] > git config --get commit.template [10ms]
2025-05-18 01:19:09.477 [info] > git for-each-ref --format=%(refname)%00%(upstream:short)%00%(objectname)%00%(upstream:track)%00%(upstream:remotename)%00%(upstream:remoteref) refs/heads/main refs/remotes/main [1ms]
2025-05-18 01:19:09.493 [info] > git for-each-ref --sort -committerdate --format %(refname)%00%(objectname)%00%(*objectname) [2ms]
2025-05-18 01:19:09.497 [info] > git status -z -uall [12ms]
2025-05-18 01:19:14.519 [info] > git config --get commit.template [8ms]
2025-05-18 01:19:14.520 [info] > git for-each-ref --format=%(refname)%00%(upstream:short)%00%(objectname)%00%(upstream:track)%00%(upstream:remotename)%00%(upstream:remoteref) refs/heads/main refs/remotes/main [1ms]
2025-05-18 01:19:14.533 [info] > git for-each-ref --sort -committerdate --format %(refname)%00%(objectname)%00%(*objectname) [1ms]
2025-05-18 01:19:14.536 [info] > git status -z -uall [10ms]
